,cd420,age,wtkg,karnof,cd40,cd80,gender,race,homo,symptom,hemo,drugs,str2,trt_1,trt_2,trt_3
0,0.7309270128622822,1.4641996490818538,1.107389569877121,0.7716559234106314,0.6029898133456199,-0.8759462029189629,0,0,0,0,0,0,0,0,1,0
1,-1.0602074061751128,2.9569038447857365,-1.9364090282018005,-0.9229765408350966,-1.5897362602670877,-1.2382969217850093,0,0,0,0,0,0,1,0,0,1
2,-0.6729350993562165,1.1197294500732655,1.0047896171328878,-0.9229765408350966,-0.2066321215267645,2.2415194645665064,1,0,1,0,0,1,1,0,0,1
3,0.15693412954141825,1.3493762494123245,0.7653897273963433,0.7716559234106314,-0.5355410325686706,1.256508602361679,1,0,1,0,0,0,1,0,0,1
4,-0.12660452366527364,0.8900826507342067,-0.6368096267748454,0.7716559234106314,1.2945418827157815,-0.2428736826012723,1,0,1,0,0,0,1,0,0,0
5,-0.22342260036999767,1.234552849742795,1.0389896013809663,0.7716559234106314,-0.9740862472912121,-0.2636984365590911,1,0,1,0,0,1,1,1,0,0
6,-1.0117983678227507,-0.4877981453001465,-0.15800984730175607,0.7716559234106314,-0.8981841908969261,-0.5802346967179363,1,0,1,0,0,0,1,0,0,0
7,-0.036702023868029864,0.6604358513951478,-0.6710096110229228,0.7716559234106314,0.42588501509228577,-0.20330665008141663,1,0,1,0,0,1,1,0,0,0
8,-1.8278364429054248,0.5456124517256185,0.5601898219078769,-0.9229765408350966,-1.1511910455445462,-0.6968533188817214,1,0,1,1,0,0,1,0,0,1
9,-1.6549470202184176,-0.028504546622028767,0.2181899794270991,0.7716559234106314,-1.092156112793435,-1.5944002144637102,1,0,1,0,0,0,1,0,0,0
10,0.6686868206949597,-0.1433279462915582,1.5177893808540546,0.7716559234106314,1.0162343426033993,-0.45112122217945994,0,1,0,0,0,0,1,0,1,0
11,-0.9772204832853493,0.31596565238655955,0.0984900345588273,0.7716559234106314,-0.08856225602454178,-0.6801935157154664,1,0,1,0,0,0,1,0,0,1
12,1.512387203407555,-1.1767385433173232,-0.5342096740306113,-0.9229765408350966,1.5981501082929255,1.256508602361679,1,0,1,0,0,0,1,0,1,0
13,-1.2538435595845607,-0.1433279462915582,-0.9275094928835061,-0.9229765408350966,-1.1680581691877208,0.2236008060538681,1,0,1,0,0,0,1,1,0,0
14,-1.5996224049585752,1.5790230487513832,0.3207899321713322,-0.9229765408350966,-1.9439458567737558,-0.38864696030600365,1,0,1,0,0,0,1,0,1,0
15,-1.9454012503325897,0.5456124517256185,0.5943898061559543,0.7716559234106314,-1.6909390021261357,1.5480551577711417,1,0,1,1,0,0,1,0,0,0
16,0.47505066728551154,-0.9470917439782642,-0.5900032991266824,-0.9229765408350966,-0.0042266378086684145,-0.4927707300950975,0,0,0,0,0,1,1,0,0,0
17,-0.35481856161212316,1.234552849742795,-0.8538920664729615,0.7716559234106314,-0.17289787424041514,-0.3469974523903661,1,0,1,0,0,0,1,0,1,0
18,-1.184687790509758,1.3493762494123245,1.4230910117720756,0.7716559234106314,-1.4379321474785156,-0.5760697459263726,1,0,1,0,0,0,1,1,0,0
19,-0.9080647142105464,-0.1433279462915582,-1.1156094062479338,0.7716559234106314,-0.9909533709343868,0.9899517517015987,0,1,0,0,0,0,1,0,1,0
20,-0.493130099761729,0.5456124517256185,-1.2866093274883228,0.7716559234106314,-0.2572334924562885,-0.32617269843254737,1,0,1,0,0,1,1,0,0,1
21,1.512387203407555,0.430789052056089,-0.6026096425267671,0.7716559234106314,1.007800780781812,-0.07627565093872216,0,0,0,0,0,1,1,0,1,0
22,-1.9454012503325897,-0.6026215449696759,-0.8011143130037055,-0.9229765408350966,-1.016254056399149,1.0482610627834912,1,0,1,1,0,0,1,1,0,0
23,0.06011605283669419,1.0049060504037362,-0.00944801096486813,0.7716559234106314,0.41745145327069844,0.007023364892552906,1,0,0,0,0,0,1,0,0,1
24,-1.1155320214349551,0.31596565238655955,-0.9217491780762903,0.7716559234106314,-0.054828008738192435,-0.5240078610318256,0,0,0,0,0,0,1,0,0,1
25,0.6202777823425977,0.430789052056089,-0.00944801096486813,0.7716559234106314,0.5945562515240325,0.3568792313839082,1,0,1,0,0,0,1,1,0,0
26,-0.5761170226514924,-0.028504546622028767,0.4655517702584341,0.7716559234106314,-1.0415547418639108,0.2673327893652875,1,0,1,0,0,0,1,0,1,0
27,-0.3963120230570049,-0.8322683443087349,-0.3864319643166954,0.7716559234106314,0.054808294942442944,2.097828662257557,1,0,1,0,0,0,1,0,0,0
28,-0.5830325995589727,-0.25815134596108763,-0.8312730292718521,0.7716559234106314,1.1427377699272094,2.943313672944999,1,0,1,0,0,0,1,0,0,0
29,-1.23309682886212,0.5456124517256185,-1.4747092408527502,0.7716559234106314,-0.9487855618264501,0.6754979669385354,0,1,0,0,0,0,1,0,0,1
30,-0.5622858688365319,0.08631885304750067,0.4881708074595435,0.7716559234106314,-0.9656526854696248,-0.7343378760057951,1,0,1,1,0,1,1,0,1,0
31,-0.16118240820267507,0.5456124517256185,-0.3864319643166954,0.7716559234106314,0.47648638602180976,0.12780693784790176,0,0,0,1,0,0,0,0,1,0
32,-0.22342260036999767,-0.1433279462915582,-0.41659068058484205,-2.6176090050808245,-0.7885478872162908,0.1590440687846299,1,0,1,0,0,0,1,0,0,1
33,-0.541539138114091,0.2011422527170301,-0.16024159230559906,0.7716559234106314,-0.07169513238136711,0.983704325514253,0,1,0,0,0,0,0,0,0,1
34,0.6686868206949597,-0.6026215449696759,-1.8340503451877126,0.7716559234106314,0.7885281734205413,-0.23870873180970853,0,0,0,0,0,1,0,1,0,0
35,0.6479400899725188,0.31596565238655955,0.8953134770795174,-0.9229765408350966,1.2270733881430826,2.3747978898965467,1,0,1,1,0,1,1,1,0,0
36,0.011707014484332163,1.1197294500732655,0.5711072771969461,0.7716559234106314,0.1644445986230783,-0.5156779594486981,1,0,1,0,0,0,0,1,0,0
37,-1.571960097328654,-0.7174449446392054,-0.9443682152773998,0.7716559234106314,-1.3873307765489915,2.031189449592537,1,0,1,1,0,0,1,0,1,0
38,0.44047278274811014,1.4641996490818538,-0.19040030857374565,0.7716559234106314,0.2993815877684757,-0.14291486360374223,1,0,1,0,0,0,0,1,0,0
39,-0.8112466375058223,-0.1433279462915582,-0.16778127137263518,0.7716559234106314,-0.15603075059724048,1.2169415698418233,1,0,1,1,0,0,1,0,0,0
40,1.1666083580335405,-0.9470917439782642,0.8953134770795174,0.7716559234106314,0.6029898133456199,0.14446674101415677,1,0,1,0,0,0,0,0,0,1
41,-0.2165070234625174,0.2011422527170301,-0.4618287549870609,0.7716559234106314,0.35841652051958706,-0.13250248662483283,1,0,1,1,0,0,0,0,0,1
42,-0.1473512543877145,-0.028504546622028767,-1.0348443640818386,0.7716559234106314,-0.7126458308220047,-1.092523644080278,0,0,0,1,0,1,0,1,0,0
43,-0.6037793302814136,1.5790230487513832,0.9103928352135907,0.7716559234106314,0.8728637916364146,0.2215183306580862,1,0,1,0,0,0,1,1,0,0
44,0.3782325905807875,-0.1433279462915582,0.043329742504387904,0.7716559234106314,0.5523884424160957,0.009105840288334784,1,0,1,0,0,0,1,0,0,0
45,-0.5346235612066107,-0.25815134596108763,0.20166300291215494,0.7716559234106314,-0.4849396616391466,0.513064886067549,1,0,1,0,0,0,1,1,0,0
46,-1.8693299043503067,0.8900826507342067,2.079043090604255,-0.9229765408350966,-1.0668554273286728,1.4522612895651754,1,0,1,1,0,0,1,1,0,0
47,-0.07819548531291161,-0.6026215449696759,-0.8915904618081443,0.7716559234106314,-0.1644643124188278,-0.6156367784462282,1,0,1,1,0,0,0,1,0,0
48,-1.779427404553063,-1.2915619429868526,-0.5598445828585358,-0.9229765408350966,-0.8222821345026401,-0.5365027134065169,1,0,1,0,0,0,0,1,0,0
49,0.03245374520677303,3.645844242802913,-0.31103517364633,0.7716559234106314,-0.3668697961369239,-0.024213766044175244,1,0,1,1,0,0,0,0,0,1
50,-0.12660452366527364,-0.4877981453001465,-0.04714640630005086,0.7716559234106314,0.1138432276935543,0.8004464906854479,1,0,1,0,0,0,1,0,1,0
51,0.4058948982107087,0.8900826507342067,-1.0197650059477652,-0.9229765408350966,-0.08856225602454178,-1.0133895790405667,0,0,0,1,0,0,1,1,0,0
52,-0.7697531760609405,0.430789052056089,0.17904396571104553,-2.6176090050808245,-0.4849396616391466,-0.534420238010735,1,0,1,0,0,0,1,0,0,1
53,-0.6245260610038544,0.2011422527170301,0.3222978679847403,0.7716559234106314,-1.0415547418639108,0.6213536066482065,1,0,1,1,0,0,0,1,0,0
54,2.3353408553977095,-1.1767385433173232,-0.5171096819065726,-0.9229765408350966,2.112597379409753,0.23401318303277746,1,0,1,0,0,0,0,1,0,0
55,2.473652393547315,1.6938464484209128,1.0389896013809663,0.7716559234106314,1.1174370844624473,0.461003001173002,1,0,1,0,0,0,0,1,0,0
56,0.3090768215059846,-0.37297474563061705,-0.07250988668156162,0.7716559234106314,1.007800780781812,-0.09710040489654093,1,0,1,0,0,0,0,0,1,0
57,-0.44472106140936696,0.5456124517256185,-0.04856989770790704,0.7716559234106314,-0.796981449037878,-0.6843584665070301,1,0,1,1,0,0,0,1,0,0
58,-0.11277336985031305,-0.6026215449696759,0.2523899636751775,0.7716559234106314,0.32468227323323773,-0.6926883680901577,1,0,1,0,0,0,0,0,0,1
59,1.2081018194784223,-1.0619151436477936,1.3194294722152031,0.7716559234106314,0.5945562515240325,-1.3528330685530126,0,0,0,0,0,0,0,1,0,0
60,0.8484918202894473,1.3493762494123245,0.9705896328848106,0.7716559234106314,-1.2355266637604196,-0.10543030647966843,1,0,1,0,0,0,0,0,1,0
61,-1.1017008676199944,-0.7174449446392054,-0.17510983942579475,0.7716559234106314,-0.8391492581458148,-1.259121675742828,0,0,0,0,0,0,1,0,0,1
62,-0.7005974069861377,0.08631885304750067,-1.6457091620931392,-0.9229765408350966,-1.1764917310093082,-0.8842761045020903,0,1,0,0,0,0,1,0,1,0
63,0.17076528335637883,-0.7174449446392054,1.89398920758291,0.7716559234106314,-1.2776944728683561,-0.1345849620206147,1,0,1,0,0,0,0,1,0,0
64,-0.4792989459467684,-0.7174449446392054,0.7995897116444216,0.7716559234106314,-1.623470507553437,-0.5448326149896444,1,0,0,1,0,0,0,1,0,0
65,1.3671600883504689,0.6604358513951478,0.5088898455357599,-0.9229765408350966,-1.193358854652483,1.795869729869185,1,1,0,0,0,1,0,1,0,0
66,0.10160951428157593,-0.25815134596108763,-0.33926976381656887,-0.9229765408350966,-0.8897506290753388,-0.7676574823383052,1,1,1,1,0,1,0,0,1,0
67,1.6161208570197594,-0.8322683443087349,-0.6368096267748454,0.7716559234106314,1.2523740736078448,-1.1237607750170062,1,0,1,0,0,0,0,0,0,1
68,1.6092052801122791,-0.9470917439782642,0.37892990539306526,-0.9229765408350966,1.3029754445373687,2.035354400384101,1,0,1,0,0,0,0,0,1,0
69,-0.7005974069861377,2.1531400470990305,-0.2959558155122567,-4.312241469326553,-0.7632472017515287,1.7563026973493292,1,0,1,0,0,1,1,0,1,0
70,-1.1155320214349551,0.6604358513951478,0.4881708074595435,-0.9229765408350966,-1.1849252928308955,-0.3678222063481849,1,0,0,0,0,1,1,0,0,0
71,-1.1155320214349551,0.08631885304750067,0.7822182910739692,-0.9229765408350966,0.08010898040720495,-0.6385440077998289,1,0,1,1,0,0,1,0,0,1
72,-0.2165070234625174,-0.25815134596108763,0.2619804354484471,-0.9229765408350966,-0.847582819967402,-0.28452319051690983,1,0,1,0,0,0,1,0,1,0
73,0.9591410508091318,-0.028504546622028767,-0.8388127083388882,-0.9229765408350966,0.5017870714865718,0.007023364892552906,1,0,1,1,0,1,1,1,0,0
74,0.12927182191149708,1.4641996490818538,-1.2157966616907154,0.7716559234106314,0.6704583079183185,0.798364015289666,1,1,0,0,0,1,1,0,0,0
75,0.7516737435847232,-0.8322683443087349,0.028250384370314602,0.7716559234106314,0.41745145327069844,0.5484669677958408,1,0,1,0,0,0,0,0,1,0
76,0.12927182191149708,0.430789052056089,-0.18286062950670848,-0.9229765408350966,0.5861226897024452,0.6942402455005722,1,0,1,0,0,0,1,0,0,1
77,0.19842759098629997,-1.1767385433173232,-0.2884161364452206,0.7716559234106314,-0.3415691106721619,-0.7843172855045603,1,0,1,0,0,0,0,0,1,0
78,0.5442064363603144,0.08631885304750067,1.8597892233348325,-0.9229765408350966,1.3451432536453054,1.693828435475873,1,1,0,0,0,0,1,0,0,1
79,1.7198545106319636,0.7752592510646773,-0.3562732480485488,-0.9229765408350966,1.5981501082929255,1.8396017131806044,1,1,1,0,0,0,1,0,0,1
80,0.33673912913590576,-0.25815134596108763,2.1770589184757303,-0.9229765408350966,3.537869327258013,-0.9717400711249291,0,0,0,0,0,1,1,0,0,0
81,-0.493130099761729,0.08631885304750067,-1.7435741963832738,-0.9229765408350966,0.6704583079183185,0.36104418217547196,0,1,0,0,0,0,1,0,1,0
82,-0.4239743306869261,0.430789052056089,-1.5550822197073602,0.7716559234106314,-0.0042266378086684145,0.5901164757114784,0,0,0,1,0,1,1,0,1,0
83,1.512387203407555,-0.8322683443087349,-1.2459553779588617,0.7716559234106314,1.007800780781812,0.1944461505129218,1,0,1,0,0,0,1,0,1,0
84,-0.493130099761729,-1.7508555416649703,-0.6126223363277918,0.7716559234106314,-0.42590472888803527,0.6734154915427535,0,1,0,0,0,0,0,0,0,0
85,0.06011605283669419,-0.9470917439782642,0.3675359423869592,0.7716559234106314,1.1764720172135588,2.1936225304635233,1,1,0,0,0,0,1,0,0,0
86,-0.5622858688365319,0.430789052056089,-1.0650030803499846,-2.6176090050808245,-1.1849252928308955,-0.09710040489654093,0,0,0,0,0,1,1,0,1,0
87,-0.8389089451357434,0.2011422527170301,1.1592022444257966,-0.9229765408350966,-0.5102403471039086,0.444343198006747,1,1,0,0,0,1,0,0,0,0
88,-1.1155320214349551,-0.9470917439782642,-1.1177808338192405,-0.9229765408350966,-0.7632472017515287,1.0274363088256724,1,0,1,0,0,0,1,1,0,0
89,0.19842759098629997,-0.4877981453001465,-0.19793998764078177,-0.9229765408350966,0.5861226897024452,-1.2216371186187542,1,1,0,0,0,1,1,0,0,0
90,-0.7005974069861377,-0.9470917439782642,0.307218509850667,-0.9229765408350966,-0.2572334924562885,0.06949762676600921,1,0,1,1,0,0,0,0,1,0
91,0.5442064363603144,0.2011422527170301,-0.4618287549870609,-0.9229765408350966,0.08010898040720495,-0.5760697459263726,1,0,1,0,0,1,1,0,1,0
92,-0.6314416379113348,0.5456124517256185,0.254440756381411,-0.9229765408350966,-0.594575965319782,0.2985699203020156,1,1,0,0,0,1,1,1,0,0
93,-0.5622858688365319,-1.7508555416649703,0.5560279190628729,0.7716559234106314,-0.42590472888803527,-0.8259667934201977,1,1,1,0,0,0,0,0,0,1
94,-1.046376252360152,-0.4877981453001465,-0.16024159230559906,-0.9229765408350966,-0.9319184381832755,0.2569204123863781,0,1,0,1,0,0,1,0,1,0
95,-0.9772204832853493,0.08631885304750067,-0.8765111036740709,-0.9229765408350966,-0.6789115835356554,1.4647561419398665,1,1,0,0,0,1,0,0,1,0
96,0.19842759098629997,0.2011422527170301,-0.5749239409926091,-0.9229765408350966,0.08010898040720495,-0.4302964682216412,0,1,0,1,0,1,0,0,0,0
97,1.2357641271083435,-1.5212087423259115,-0.4618287549870609,0.7716559234106314,1.5138144900770523,0.17362139655510303,0,1,0,0,0,0,0,0,0,0
98,-1.3644927901042454,-0.1433279462915582,0.8679896801405774,0.7716559234106314,-1.5391348893375636,-0.7947296624834697,1,0,0,0,0,0,0,0,0,0
99,-0.7904999067833814,-0.25815134596108763,0.6285897904040327,0.7716559234106314,-0.6620444598924806,-0.30118299368316487,1,0,1,0,0,0,1,1,0,0
100,0.67560239760244,3.3013740437943246,0.14979001093094332,0.7716559234106314,0.2740809023037137,0.9233125390365786,1,0,1,0,0,0,1,0,0,1
101,-0.5207924073916501,0.6604358513951478,0.3549899164194107,0.7716559234106314,-0.08856225602454178,-0.17415199454047037,1,0,1,0,0,0,1,0,1,0
102,0.21225874480126056,-0.8322683443087349,-0.8933095086354284,-0.9229765408350966,-0.26566705427787585,1.3647973229423365,1,0,1,0,0,0,0,1,0,0
103,0.08086278355913505,1.3493762494123245,0.3207899321713322,0.7716559234106314,0.7885281734205413,1.7063232878505643,1,0,1,0,0,1,1,0,0,1
104,-0.12660452366527364,3.9903144418115013,-0.0896098788056003,0.7716559234106314,0.6620247460967311,0.27982764173997876,1,0,1,0,0,0,1,0,0,0
105,0.17768086026385913,-0.9470917439782642,-0.1922098315498345,0.7716559234106314,-0.5355410325686706,-0.059615847772467145,1,0,1,0,0,0,0,0,0,1
106,-0.852740098950704,0.7752592510646773,0.833789695892499,0.7716559234106314,-1.699372563947723,-0.6052244014673188,1,0,1,1,0,0,0,0,0,0
107,0.9729722046240924,0.2011422527170301,-0.7052095952710001,0.7716559234106314,1.0668357135329234,0.19652862590870368,0,0,0,0,0,1,0,1,0,0
108,1.298004319275666,-0.6026215449696759,-0.021209910309445586,0.7716559234106314,0.7632274879557792,-0.8405441211906709,1,0,1,0,0,0,1,0,0,0
109,0.7931672050296049,0.5456124517256185,1.2441895068694326,0.7716559234106314,-0.8054150108594654,-1.042544234581513,1,0,1,1,0,0,0,1,0,0
110,-0.3064095232597612,-0.028504546622028767,0.2865899479232549,0.7716559234106314,0.3499829586979997,-0.5240078610318256,1,0,0,0,0,0,1,0,0,1
111,-0.05053317768299044,0.08631885304750067,0.2181899794270991,0.7716559234106314,-0.7632472017515287,-0.28244071512112795,1,0,1,0,0,0,0,0,1,0
112,1.2634264347382647,0.2011422527170301,0.833789695892499,0.7716559234106314,1.758387782903085,0.8816630311209411,1,0,0,0,0,0,0,1,0,0
113,-0.2994939463522809,0.2011422527170301,0.5943898061559543,0.7716559234106314,-0.09699581784612912,-0.8905235306894359,1,0,1,1,0,0,0,0,0,1
114,0.8969008586418092,-0.9470917439782642,0.047190058186710196,0.7716559234106314,0.881297353458002,-0.5531625165727719,0,1,0,0,0,0,1,0,1,0
115,1.5262183572225156,1.1197294500732655,-0.6710096110229228,-0.9229765408350966,0.6620247460967311,-0.7301729252142314,1,0,0,0,0,1,0,0,1,0
116,1.3809912421654296,-0.37297474563061705,0.7311897431482659,0.7716559234106314,1.4294788718611788,-0.49485320549087936,1,0,1,0,0,0,1,0,0,1
117,-0.3963120230570049,-0.7174449446392054,0.5601898219078769,0.7716559234106314,0.19817884590942766,-0.39697686188913117,1,0,1,0,0,0,1,0,0,0
118,-0.4101431768719655,0.5456124517256185,-1.4918092329767896,0.7716559234106314,-0.10542937966771646,1.4106117816495378,0,1,0,0,0,0,1,0,0,0
119,0.19151201407881968,1.3493762494123245,-0.22640981579791186,0.7716559234106314,0.98250009531705,0.8066939168727936,1,0,1,0,0,0,0,0,0,0
120,1.083621435143777,-0.4877981453001465,-2.329708847054695,-0.9229765408350966,2.458373414094834,0.11322961007742861,0,0,0,1,0,1,0,0,1,0
121,-1.4198174053640877,1.6938464484209128,0.2865899479232549,0.7716559234106314,-0.8391492581458148,2.7892104936571402,1,0,0,0,0,1,0,0,1,0
122,2.141704701988261,-0.1433279462915582,0.6627897746521101,0.7716559234106314,0.21504596955260233,0.29648744490623374,1,1,1,0,0,0,0,1,0,0
123,0.772420474307164,0.6604358513951478,1.3467894596136658,0.7716559234106314,0.7885281734205413,-0.6843584665070301,1,0,1,0,0,0,0,0,0,1
124,0.44047278274811014,-1.2915619429868526,-1.2524093432402448,0.7716559234106314,-0.07169513238136711,-0.9613276941460197,1,0,1,1,0,0,0,0,0,1
125,1.7129389337244834,0.430789052056089,0.6969897589001885,0.7716559234106314,0.9150316007443513,0.8566733263715586,1,0,1,0,0,0,0,0,0,0
126,0.15693412954141825,0.6604358513951478,2.7048364531682885,-0.9229765408350966,1.007800780781812,1.1273951278232026,1,0,1,0,0,0,1,1,0,0
127,-0.5622858688365319,-0.8322683443087349,0.6969897589001885,-0.9229765408350966,0.08010898040720495,0.2985699203020156,1,0,1,0,0,0,0,0,0,1
128,0.06011605283669419,-0.7174449446392054,0.833789695892499,0.7716559234106314,-0.2572334924562885,-0.32617269843254737,1,0,1,0,0,0,0,1,0,0
129,-0.8389089451357434,0.7752592510646773,-1.3208093117364006,0.7716559234106314,-0.5102403471039086,0.5901164757114784,1,0,1,0,0,0,1,1,0,0
130,-0.493130099761729,-0.6026215449696759,1.0047896171328878,0.7716559234106314,0.1644445986230783,1.06908581674131,1,0,1,0,0,0,1,0,1,0
131,0.2675833600611029,-0.9470917439782642,-0.6710096110229228,0.7716559234106314,0.5861226897024452,0.007023364892552906,1,0,1,0,0,0,0,0,0,0
132,5.039331426222503,-0.25815134596108763,-0.9275094928835061,0.7716559234106314,-0.9319184381832755,-0.3678222063481849,1,0,1,0,0,0,1,0,1,0
133,-1.184687790509758,1.0049060504037362,-0.43160972128637815,0.7716559234106314,-0.9319184381832755,-0.6385440077998289,1,0,1,0,0,0,1,1,0,0
134,1.0282968198839346,1.4641996490818538,0.2523899636751775,0.7716559234106314,0.9234651625659386,1.1940343404882225,1,0,1,0,0,0,1,0,1,0
135,-0.6314416379113348,0.2011422527170301,-0.8078095480152344,0.7716559234106314,-0.3415691106721619,-0.30534794447472857,1,0,1,0,0,0,1,1,0,0
136,-1.184687790509758,0.8900826507342067,0.5601898219078769,0.7716559234106314,-1.016254056399149,1.1732095865304037,1,0,1,0,0,0,1,0,0,1
137,0.9591410508091318,1.6938464484209128,0.18398999517902176,0.7716559234106314,0.24878021683895168,0.11114713468164673,1,0,1,0,0,0,0,0,1,0
138,-0.1473512543877145,-0.8322683443087349,-0.5000096897825339,0.7716559234106314,-0.594575965319782,-1.1383381027874793,1,0,1,0,0,0,0,0,0,0
139,-0.493130099761729,-1.0619151436477936,0.4062898927915267,0.7716559234106314,-0.847582819967402,-0.8676163013358353,1,0,1,0,0,0,1,1,0,0
140,1.7890102797067666,-0.9470917439782642,0.08139004243478862,0.7716559234106314,0.7547939261341918,-1.0966885948718417,1,0,1,0,0,0,0,0,0,0
141,-0.6314416379113348,1.5790230487513832,1.0047896171328878,-0.9229765408350966,-1.100589674615022,-0.9717400711249291,1,0,1,1,0,0,1,1,0,0
142,0.8208295126595261,-0.8322683443087349,-0.30349549457929387,0.7716559234106314,-1.100589674615022,-1.3674103963234856,0,0,0,0,0,1,1,1,0,0
143,-0.2165070234625174,-0.6026215449696759,0.14979001093094332,0.7716559234106314,-0.2572334924562885,-0.28452319051690983,1,0,1,0,0,0,0,0,0,1
144,0.8208295126595261,-1.1767385433173232,-0.8762095165113897,-0.9229765408350966,2.5258419086675326,1.0899105706991288,0,0,0,0,0,0,1,1,0,0
145,0.7516737435847232,0.2011422527170301,0.9363896486367321,0.7716559234106314,-0.17289787424041514,0.2985699203020156,0,0,0,0,0,1,0,0,1,0
146,0.47505066728551154,0.7752592510646773,2.5917412671627402,0.7716559234106314,-0.2572334924562885,0.3193946742598344,1,1,0,0,0,1,0,0,0,1
147,-0.6106949071888939,0.430789052056089,0.043329742504387904,0.7716559234106314,0.6788918697399059,-0.7072656958606308,1,0,1,0,0,0,1,0,1,0
148,0.8554073971969275,-0.6026215449696759,-1.0650030803499846,0.7716559234106314,-0.45120541435279726,2.049931728154574,1,1,1,0,0,0,1,0,0,1
149,0.2814145138760635,-1.1767385433173232,-0.021209910309445586,-0.9229765408350966,-0.2825341779210505,0.18195129813823055,1,0,1,1,0,0,0,1,0,0
150,-0.8319933682282632,0.6604358513951478,-0.8840507827411076,-0.9229765408350966,-0.9740862472912121,1.0482610627834912,1,0,1,0,0,0,0,0,1,0
151,0.3920637443957481,-1.2915619429868526,-0.31103517364633,0.7716559234106314,0.7463603643126046,2.254014316941198,0,0,0,0,0,0,0,1,0,0
152,0.11544066809653651,-0.7174449446392054,0.35245658425288584,-0.9229765408350966,0.8897309152795893,1.523065453021759,1,0,1,0,0,0,0,0,0,0
153,2.418327778287473,-0.4877981453001465,0.307218509850667,0.7716559234106314,1.2945418827157815,-0.26994586274643667,1,0,1,1,0,0,0,0,0,1
154,-1.6756937509408585,-0.9470917439782642,-0.6503207316629745,-0.9229765408350966,-1.7078061257693105,-1.4527918875505426,1,0,1,0,0,0,0,0,0,1
155,-0.6867662531711771,-0.6026215449696759,-0.45428907592002477,0.7716559234106314,-1.1174567982581969,-0.15124476518686972,1,0,1,0,0,0,1,0,1,0
156,1.007550089161494,-0.028504546622028767,-0.24692980634675848,-0.9229765408350966,0.29094802594688834,-0.2595334857675273,1,0,1,0,0,0,1,0,1,0
157,0.67560239760244,0.2011422527170301,0.17904396571104553,0.7716559234106314,0.6029898133456199,0.009105840288334784,1,0,1,0,0,0,1,0,0,1
158,-0.5761170226514924,-0.9470917439782642,1.242138714163198,0.7716559234106314,-1.024687618220736,-0.2512035841843998,1,0,1,0,0,0,1,0,0,1
159,1.560796241759917,0.08631885304750067,-0.8086539920707416,0.7716559234106314,0.6114233751672071,0.027848118850371674,1,0,1,0,0,0,0,0,0,0
160,-0.20959144655503711,0.5456124517256185,0.21674236104622827,-0.9229765408350966,-1.0331211800423235,-0.9717400711249291,1,0,1,1,0,1,1,0,1,0
161,1.228848550200863,-1.406385342656382,-1.4747092408527502,-0.9229765408350966,-0.721079392643592,-0.6385440077998289,1,0,1,0,0,0,1,0,0,0
162,-0.8319933682282632,0.6604358513951478,1.1139641700235776,0.7716559234106314,-1.193358854652483,-0.51776043484448,1,0,1,0,0,0,1,0,0,0
163,0.6202777823425977,-0.8322683443087349,-1.1479395500873868,0.7716559234106314,-0.44277185253120993,-0.7676574823383052,1,0,1,0,0,0,1,0,0,0
164,-0.036702023868029864,-0.8322683443087349,-0.00944801096486813,-0.9229765408350966,1.6403179174008622,0.6088587542735152,1,0,1,0,0,0,1,1,0,0
165,0.29524566769102406,-0.1433279462915582,2.1167414859394382,0.7716559234106314,-0.046394446916605096,0.04867287280819044,1,1,1,0,0,0,1,0,0,1
166,-0.6867662531711771,-0.37297474563061705,1.1592022444257966,-0.9229765408350966,-1.5560020129807384,-0.7551626299636139,1,0,0,0,0,0,0,1,0,0
167,5.170727387464629,0.7752592510646773,0.10364717504068006,0.7716559234106314,0.8644302298148272,-0.805142039462379,1,0,1,0,0,0,0,1,0,0
168,-0.7490064453384997,0.8900826507342067,-0.18286062950670848,-0.9229765408350966,-0.746380078108354,0.7525495565824648,1,0,1,0,0,0,1,0,0,0
169,-1.7448495200156613,-1.5212087423259115,0.028250384370314602,0.7716559234106314,-0.2994013015642252,-0.44695627138789623,1,1,1,0,0,0,1,1,0,0
170,0.2814145138760635,3.4161974434638545,0.1564249285099361,-0.9229765408350966,-0.2319328069915265,0.7587969827698103,1,0,1,0,0,0,0,0,0,0
171,-0.4723833690392881,-0.7174449446392054,-0.3261145317804033,-0.9229765408350966,1.404178186396417,1.710488238642128,1,0,1,1,0,0,1,0,1,0
172,2.3145941246752684,-0.4877981453001465,0.7445198957387865,-0.9229765408350966,-0.18976499788358983,-0.6010594506757551,1,1,1,0,0,0,1,0,1,0
173,-0.3064095232597612,0.7752592510646773,0.5711072771969461,-0.9229765408350966,0.24878021683895168,-0.1262550604374872,1,0,1,0,0,0,1,0,0,1
174,1.6230364339272396,-0.1433279462915582,2.3043890185598435,-0.9229765408350966,0.6451576224535565,-0.8530389735653622,1,0,1,1,0,0,0,0,0,1
175,-0.8596556758581844,1.1197294500732655,-0.18286062950670848,-2.6176090050808245,-0.8391492581458148,0.17362139655510303,1,1,1,1,0,0,1,0,0,1
176,0.10160951428157593,-0.028504546622028767,0.4052343377221419,-0.9229765408350966,0.6451576224535565,-0.821801842628634,1,0,1,0,0,0,0,0,0,0
177,-1.1293631752499156,-0.6026215449696759,0.028250384370314602,-0.9229765408350966,-0.594575965319782,0.0340955450377173,1,1,1,1,0,0,0,0,0,0
178,-1.47514202062393,-0.1433279462915582,-0.72571752233334,0.7716559234106314,1.2692411972510194,0.6026113280861697,1,0,1,0,0,0,0,0,0,0
179,0.9176475893642501,1.6938464484209128,-0.1922098315498345,-0.9229765408350966,0.046374733120855605,0.12155951166055612,1,0,1,1,0,0,0,0,0,1
180,0.34365470604338605,0.31596565238655955,-0.3411938899144766,0.7716559234106314,0.2740809023037137,1.3335601920056084,1,1,1,0,0,0,0,0,0,0
181,-0.45855221522432754,-0.7174449446392054,1.7171384953865014,0.7716559234106314,0.5439548805945085,-0.03879109381464838,1,1,0,0,0,0,1,1,0,0
182,1.941152971671333,-0.028504546622028767,-0.7106381641992667,0.7716559234106314,1.007800780781812,2.047849252758792,1,0,1,0,0,0,1,0,1,0
183,-0.23033817727747796,2.1531400470990305,0.4233898849155654,-0.9229765408350966,0.14757747497990364,-1.2008123646609357,1,0,0,0,0,0,1,0,0,1
184,1.0697902813288165,-0.37297474563061705,-0.05540989455752294,0.7716559234106314,1.6656186028656241,-1.2653691019301738,1,0,1,0,0,0,1,0,0,1
185,-0.18884471583259624,1.1197294500732655,-0.4618287549870609,-0.9229765408350966,-0.1391636269540658,2.2748390708990165,1,0,1,0,0,0,1,0,0,0
186,-0.9703049063778689,0.2011422527170301,-0.8991301408751804,0.7716559234106314,-1.2523937874035942,-0.19497674849828914,1,0,1,0,0,0,1,0,0,1
187,-0.4101431768719655,0.2011422527170301,-0.778495275802596,0.7716559234106314,-0.2994013015642252,1.221106520633387,1,1,1,0,0,0,1,1,0,0
188,-1.1777722136022777,-0.028504546622028767,-0.7394095795190786,0.7716559234106314,-1.3788972147274043,-1.2299670202018818,1,0,1,1,0,0,0,0,1,0
189,1.5054716265000747,0.430789052056089,-0.28087645737818334,0.7716559234106314,0.8559966679932399,-0.5823171721137181,1,0,1,0,0,0,0,0,0,1
190,-1.3022525979369228,0.2011422527170301,0.7995897116444216,0.7716559234106314,0.5439548805945085,1.4001994046706283,1,0,1,0,0,0,0,0,0,0
191,0.5787843208977159,-0.6026215449696759,0.2865899479232549,0.7716559234106314,1.1005699608192727,0.20069357670026744,0,1,0,0,0,1,0,0,1,0
192,-0.24416933109243855,-0.028504546622028767,-0.05540989455752294,-0.9229765408350966,0.8053952970637159,1.508488125251286,1,1,0,0,0,1,1,0,0,0
193,-0.7075129838936179,-0.6026215449696759,0.7653897273963433,-0.9229765408350966,-0.8813170672537515,-0.29285309210003735,1,1,0,0,0,1,1,0,1,0
194,-1.758680673830622,0.2011422527170301,-0.3974097370383008,-0.9229765408350966,-1.193358854652483,0.25900288778215996,1,1,0,1,0,1,1,0,0,0
195,-0.16118240820267507,-0.1433279462915582,-0.6026096425267671,0.7716559234106314,-0.3247019870289872,1.2440137499869877,1,1,0,0,0,1,1,1,0,0
196,-0.31332510016724147,0.08631885304750067,0.047190058186710196,-0.9229765408350966,0.06324185676403028,1.3231478150266989,1,1,0,0,0,1,1,0,1,0
197,0.47505066728551154,1.6938464484209128,3.227788593257944,-0.9229765408350966,0.3752836441627617,-0.31576032145363797,1,0,1,0,0,0,1,0,0,1
198,0.6410245130650385,-0.4877981453001465,0.06594877970549733,-0.9229765408350966,-0.543974594390258,-0.059615847772467145,1,0,1,0,0,0,1,0,0,1
199,0.5926154747126765,1.0049060504037362,-0.31103517364633,-0.9229765408350966,-0.3162684252073999,-0.29493556749581923,1,0,1,0,0,0,1,1,0,0
200,-1.329914905566844,0.31596565238655955,-0.4241303596518782,0.7716559234106314,0.206612407731015,-0.0013065366905746006,1,1,1,0,0,0,1,0,0,0
201,-0.32024067707472176,1.8086698480904422,0.9103928352135907,-0.9229765408350966,-0.12229650331089113,0.37562150994594506,1,1,0,0,0,0,1,1,0,0
202,0.2744989369685832,-0.9470917439782642,-0.021209910309445586,0.7716559234106314,-0.11386294148930379,-0.5906470736968457,1,0,1,0,0,0,0,1,0,0
203,1.6645298953721213,-0.25815134596108763,0.30368994004729355,0.7716559234106314,1.9945275139075302,0.5776216233367871,1,0,1,0,0,0,0,0,1,0
204,-1.309168174844403,0.430789052056089,-0.27770979217002895,0.7716559234106314,-1.100589674615022,1.4272715848157929,1,1,1,0,0,0,0,0,0,0
205,1.0559591275138558,-1.1767385433173232,0.01299007393863284,0.7716559234106314,0.5102206333081591,-1.0217194806236942,1,0,1,0,0,0,0,0,0,1
206,1.581542972482358,0.5456124517256185,1.107389569877121,0.7716559234106314,-0.18133143606200247,-0.43446141901320495,1,0,1,0,0,0,0,0,0,0
207,0.44738835965559043,0.5456124517256185,0.2865899479232549,0.7716559234106314,-0.3921704816016859,-1.042544234581513,1,1,1,0,0,1,0,0,1,0
208,0.6825179745099202,-0.6026215449696759,0.9363896486367321,0.7716559234106314,-0.037960885095017764,-0.4282139928258593,1,0,1,0,0,0,0,0,0,0
209,1.1389460504036193,-0.6026215449696759,-0.5855096504027284,0.7716559234106314,-0.33313554885057456,-0.736420351401577,1,0,1,1,0,0,0,1,0,0
210,-0.8389089451357434,0.31596565238655955,0.2181899794270991,0.7716559234106314,0.8644302298148272,-0.41571914045116803,1,1,0,0,0,1,0,0,1,0
211,-1.1293631752499156,0.8900826507342067,-0.0896098788056003,0.7716559234106314,-0.26566705427787585,0.23817813382434122,0,1,0,0,0,1,1,0,1,0
212,0.7931672050296049,-0.7174449446392054,-0.3487335689815127,0.7716559234106314,-0.5102403471039086,-0.6343790570082651,1,0,1,0,0,0,0,0,0,1
213,-0.8873179834881055,-0.25815134596108763,-0.329009768542145,0.7716559234106314,-1.2439602255820068,-0.28244071512112795,1,0,1,0,0,0,0,0,1,0
214,-1.2192656750471593,-0.8322683443087349,3.0225886877694763,0.7716559234106314,-1.3198622819762929,-0.5531625165727719,0,1,1,1,0,1,1,0,0,0
215,0.3159923984134649,-0.25815134596108763,-0.28087645737818334,0.7716559234106314,0.01264048583450626,-0.0075539628779202304,1,0,1,0,0,0,1,0,1,0
216,-0.08511106222039189,1.1197294500732655,-0.6050826572607557,0.7716559234106314,-2.955973275364236,-1.0800287917055866,1,1,1,0,0,0,1,1,0,0
217,1.0490435506063756,2.842080445116207,-1.7737329126514199,0.7716559234106314,-2.955973275364236,0.20902347828339493,0,1,0,0,0,0,1,1,0,0
218,0.44738835965559043,-0.7174449446392054,0.5937263143980556,0.7716559234106314,-0.3921704816016859,-0.3865644849102218,1,0,1,0,0,0,0,0,0,1
219,-0.4862145228542487,-0.1433279462915582,-0.3864319643166954,0.7716559234106314,-1.016254056399149,-1.359080494740358,1,0,1,0,0,0,1,0,0,1
220,-1.1293631752499156,-0.4877981453001465,-0.3185748527133661,0.7716559234106314,-0.9403520000048627,0.579704098732569,1,1,1,0,0,0,0,1,0,0
221,-0.45163663831684725,-0.37297474563061705,-0.3864319643166954,0.7716559234106314,0.206612407731015,-0.8780286783147446,1,0,1,0,0,0,1,0,0,0
222,0.7032647052323611,-0.25815134596108763,-0.2356383829759645,0.7716559234106314,0.13071035133672898,-0.16790456835312473,1,0,1,0,0,0,0,1,0,0
223,0.20534316789378027,1.234552849742795,0.14979001093094332,0.7716559234106314,-0.22349924516993916,-1.313266036033157,0,1,0,0,0,0,1,0,0,1
224,1.173523934941021,0.5456124517256185,0.49178985341172116,0.7716559234106314,0.9909336571386373,-0.10543030647966843,1,0,1,0,0,0,1,0,1,0
225,-1.0048827909152704,0.31596565238655955,0.2921391517165937,0.7716559234106314,-0.721079392643592,-0.8113894656497246,1,0,1,0,0,0,1,0,0,0
226,-0.6521883686337756,0.8900826507342067,-0.15800984730175607,-2.6176090050808245,-0.771680763573116,0.10698218389008299,1,1,1,1,0,0,1,1,0,0
227,1.2150173963859026,-0.028504546622028767,1.5861893493502104,0.7716559234106314,0.8559966679932399,0.5880340003156965,1,0,1,0,0,0,1,0,1,0
228,0.9107320124567698,0.7752592510646773,-0.05540989455752294,-0.9229765408350966,2.964387123390074,-0.04503852000199401,1,0,1,0,0,0,1,0,0,1
229,-1.0394606754526718,2.727257045446678,-0.1922098315498345,0.7716559234106314,-0.22349924516993916,-0.9488328417713285,1,0,1,0,0,0,1,0,0,1
230,1.4916404726851142,0.430789052056089,0.833789695892499,-0.9229765408350966,0.8644302298148272,1.1940343404882225,1,1,1,1,0,0,1,0,1,0
231,0.3782325905807875,0.08631885304750067,0.01299007393863284,0.7716559234106314,0.206612407731015,-0.39905933728491305,1,1,0,1,0,0,1,0,1,0
232,0.12927182191149708,-0.37297474563061705,-0.43160972128637815,-0.9229765408350966,0.07167541858561761,-0.35532735397349363,1,1,0,1,0,0,1,0,0,0
233,-1.1777722136022777,0.430789052056089,0.38918990066748804,-0.9229765408350966,-0.9656526854696248,-0.5240078610318256,1,0,1,1,0,0,1,0,0,0
234,-1.2054345212321989,0.2011422527170301,0.2181899794270991,0.7716559234106314,-1.1174567982581969,0.17362139655510303,1,0,1,1,0,0,1,1,0,0
235,-0.015955293145588995,2.26796344676856,0.2181899794270991,-0.9229765408350966,1.657185041044037,1.2981581102773165,1,0,1,0,0,0,1,0,1,0
236,-1.350661636289285,0.2011422527170301,-1.3208093117364006,-0.9229765408350966,-1.7415403730556598,-0.8801111537105265,0,1,0,0,0,0,1,1,0,0
237,-0.5346235612066107,1.4641996490818538,-0.22640981579791186,-2.6176090050808245,-0.38373691978009855,-0.33033764922411113,1,0,1,0,0,0,0,0,1,0
238,1.298004319275666,-0.6026215449696759,-1.1840093747440896,-2.6176090050808245,0.181311722266253,-0.6218842046335739,0,1,0,0,0,0,1,1,0,0
239,-1.1155320214349551,2.727257045446678,0.9705896328848106,-2.6176090050808245,0.4343185769138731,-0.6593687617576476,1,0,1,0,0,0,1,0,1,0
240,-1.447479712994009,-0.9470917439782642,0.7995897116444216,-0.9229765408350966,-0.9656526854696248,-0.3220077476409836,1,1,1,0,0,0,1,0,0,1
241,-0.8804024065806252,0.6604358513951478,-0.12380986305367872,0.7716559234106314,-0.9656526854696248,1.116982750844293,1,0,1,0,0,0,1,0,0,0
242,0.19842759098629997,0.31596565238655955,0.3207899321713322,-0.9229765408350966,0.15601103680149098,-0.7801523347129965,1,0,1,0,0,0,1,0,0,0
243,0.8000827819370852,0.5456124517256185,0.047190058186710196,-0.9229765408350966,-0.35843623431533655,-0.24703863339283605,1,0,1,0,0,0,0,1,0,0
244,2.3145941246752684,0.5456124517256185,0.3549899164194107,0.7716559234106314,2.4246391668084843,-0.6926883680901577,0,1,0,0,0,0,1,0,0,1
245,-0.4308899075944064,1.6938464484209128,0.2523899636751775,0.7716559234106314,-0.3247019870289872,0.33188952663452564,1,0,1,0,0,0,1,0,0,0
246,-1.1570254828798368,1.1197294500732655,-0.04714640630005086,0.7716559234106314,-0.9656526854696248,0.1944461505129218,1,0,1,0,0,0,1,1,0,0
247,-0.19576029274007653,1.3493762494123245,-0.8078095480152344,-0.9229765408350966,-0.8981841908969261,1.3377251427971721,1,0,1,0,0,0,1,0,0,1
248,-0.15426683129519478,1.5790230487513832,1.8754717557942684,-0.9229765408350966,0.6535911842751438,-1.0133895790405667,1,0,1,0,0,0,1,0,0,0
249,-0.45855221522432754,1.234552849742795,-0.6368096267748454,0.7716559234106314,-0.26566705427787585,1.017023931846763,1,0,1,1,0,0,1,1,0,0
250,-0.6452727917262954,-0.8322683443087349,-0.46580970553445655,0.7716559234106314,-1.0078204945775615,-0.7863997609003421,1,0,0,0,0,0,1,1,0,0
251,0.6410245130650385,0.08631885304750067,-0.19793998764078177,0.7716559234106314,1.1427377699272094,-0.0013065366905746006,1,0,1,0,0,0,1,0,1,0
252,2.2454383556004656,-0.4877981453001465,0.5937263143980556,0.7716559234106314,2.635478212348168,0.2548379369905962,1,0,1,0,0,0,0,0,1,0
253,0.2537522062461423,3.1865506441247953,-0.12380986305367872,0.7716559234106314,1.2439405117862574,0.7879516383107567,1,0,1,0,0,0,0,0,1,0
254,-0.8319933682282632,0.8900826507342067,-0.05540989455752294,0.7716559234106314,-0.4006040434232732,-1.0383792837899493,1,0,1,0,0,1,1,0,1,0
255,-0.25108490799991884,0.2011422527170301,-0.5749239409926091,0.7716559234106314,-0.9066177527185134,-0.5989769752799732,1,0,1,0,0,0,1,1,0,0
256,-0.6176104840963742,3.1865506441247953,-0.05540989455752294,0.7716559234106314,0.3921507678059364,0.8754156049335955,1,0,1,0,0,0,1,0,1,0
257,-1.378323943919206,0.31596565238655955,-0.7394095795190786,0.7716559234106314,-1.3114287201547057,-0.8759462029189629,0,1,0,0,0,0,1,0,0,0
258,-1.2192656750471593,0.31596565238655955,-0.5749239409926091,0.7716559234106314,-1.4885335184080397,-0.8905235306894359,1,0,1,0,0,0,1,0,0,0
259,-0.5277079842991305,0.430789052056089,0.5937263143980556,-0.9229765408350966,-0.01266019963025575,0.6859103439174447,1,0,1,0,0,0,1,0,1,0
260,0.9937189353465333,-0.1433279462915582,0.4052343377221419,0.7716559234106314,-0.9825198091127995,-0.03254366762730275,1,0,1,0,0,0,1,0,0,1
261,-0.9564737525629083,2.727257045446678,0.9363896486367321,0.7716559234106314,0.5945562515240325,1.4251891094200109,1,0,1,0,0,0,1,1,0,0
262,0.35057028295086634,0.08631885304750067,-0.5342096740306113,0.7716559234106314,0.7716610497773666,0.07158010216179109,1,0,1,0,0,1,0,0,1,0
263,-1.2400124057696003,1.0049060504037362,-0.3487335689815127,0.7716559234106314,-0.8728835054321641,0.06533267597444545,1,0,1,0,0,0,0,0,0,0
264,-1.0947852907125142,-0.25815134596108763,-0.6026096425267671,0.7716559234106314,-0.6367437744277187,0.05075534820397232,1,1,1,0,0,0,1,0,0,0
265,1.560796241759917,-0.8322683443087349,0.6969897589001885,-0.9229765408350966,0.30781514959006306,0.37770398534172694,1,0,1,1,0,1,1,0,0,1
266,-0.18192913892511595,2.26796344676856,1.1215038490906137,0.7716559234106314,0.004206924012918922,-0.8863585798978721,1,0,1,0,0,0,1,0,1,0
267,2.5773860471595196,0.8900826507342067,-0.1922098315498345,0.7716559234106314,1.159604893570384,0.0965698069111736,1,0,1,0,0,1,0,0,0,1
268,1.1043681658662179,1.0049060504037362,0.7653897273963433,0.7716559234106314,0.5523884424160957,-0.5240078610318256,1,0,1,0,0,0,1,0,0,0
269,-0.9426425987479478,2.727257045446678,0.669123105068421,0.7716559234106314,-0.8644499436105767,-1.1674927583284256,1,1,1,0,0,0,1,0,0,0
270,0.5995310516201567,-0.8322683443087349,-0.19793998764078177,0.7716559234106314,0.257213778660539,0.08615742993226422,1,0,1,0,0,0,0,0,0,1
271,1.1458616273110998,3.7606676424724426,1.1592022444257966,0.7716559234106314,0.1391439131583163,-0.6052244014673188,1,0,1,0,0,1,1,1,0,0
272,-0.4239743306869261,-0.7174449446392054,-0.03830990243348426,0.7716559234106314,-0.4849396616391466,0.5505494431916227,1,0,1,0,0,0,1,0,0,0
273,-0.5346235612066107,-0.25815134596108763,-0.6880191269981573,0.7716559234106314,-0.5524081562118452,0.20277605209604932,1,1,1,0,0,0,1,1,0,0
274,-0.11277336985031305,-0.25815134596108763,-0.6880191269981573,0.7716559234106314,-0.9993869327559741,-0.33033764922411113,1,0,1,0,0,0,0,0,0,1
275,0.16384970644889854,-0.1433279462915582,-0.6368096267748454,0.7716559234106314,-1.2776944728683561,-0.44695627138789623,1,0,1,0,0,0,0,0,0,1
276,0.06011605283669419,-0.7174449446392054,-1.909049040803338,0.7716559234106314,0.19817884590942766,-0.7031007450690671,0,0,0,0,0,0,1,0,0,0
277,-1.3368304824743242,-0.8322683443087349,0.24690107731437486,0.7716559234106314,-1.4041979001921663,-0.27411081353800043,1,0,1,0,0,0,1,0,1,0
278,-1.1985189443247186,0.31596565238655955,0.8349960445432253,-0.9229765408350966,-0.847582819967402,-1.0550390869562043,1,0,1,0,0,0,1,0,0,1
279,-0.5553702919290516,-0.8322683443087349,0.7824897195203829,0.7716559234106314,-1.193358854652483,-0.18664684691516162,1,0,1,0,0,1,1,0,0,1
280,0.35748585985834663,-1.636032141995441,-1.2157966616907154,0.7716559234106314,0.07167541858561761,-0.45945112376258745,1,1,1,0,0,0,1,0,0,1
281,-0.6660195224487362,-1.5212087423259115,-0.2606098000459892,-0.9229765408350966,-0.7885478872162908,-0.4656985499499331,1,0,0,0,1,0,1,1,0,0
282,-0.3893964461495246,2.727257045446678,-1.1498093904960116,0.7716559234106314,0.3668500823411744,0.748384605790901,1,0,1,0,0,0,1,0,0,1
283,-0.9564737525629083,-0.028504546622028767,-0.15800984730175607,0.7716559234106314,-0.9234848763616881,-0.22204892864345352,1,1,1,0,0,0,0,0,0,1
284,-0.24416933109243855,0.08631885304750067,0.028250384370314602,0.7716559234106314,-0.6873451453572427,1.10240542307382,1,0,1,0,0,1,1,0,0,0
285,1.173523934941021,1.4641996490818538,1.2099895226213542,0.7716559234106314,-2.2475540823509,-0.5843996475095,1,0,1,0,0,0,1,1,0,0
286,0.5856998978051962,1.234552849742795,0.9192896565126935,0.7716559234106314,1.159604893570384,0.06325020057866358,1,0,1,1,0,0,1,0,0,0
287,0.9798877815315727,-0.4877981453001465,-0.15800984730175607,0.7716559234106314,-0.6873451453572427,0.6692505407511897,1,0,1,1,0,0,1,0,0,0
288,-0.11277336985031305,-1.1767385433173232,-0.7394095795190786,0.7716559234106314,-0.11386294148930379,-0.4219665666385137,0,1,0,0,0,0,1,0,1,0
289,0.35748585985834663,0.31596565238655955,1.0084086630850655,-0.9229765408350966,0.3499829586979997,-0.05336842158512152,1,0,1,0,0,0,1,0,0,0
290,-0.33407183088968234,2.1531400470990305,-0.2733367783111472,0.7716559234106314,-0.41747116706644793,1.2919106840899708,1,0,1,0,0,0,1,0,1,0
291,0.10852509118905622,0.8900826507342067,0.7995897116444216,0.7716559234106314,0.7041925552046678,1.4605911911483027,1,0,1,1,0,0,1,0,0,1
292,-1.2953370210294426,2.1531400470990305,-0.5000096897825339,-2.6176090050808245,-1.5644355748023258,-0.7197605482353221,1,1,1,0,0,0,1,0,0,0
293,-0.8250777913207828,0.5456124517256185,1.27838949111751,-0.9229765408350966,-0.6030095271413694,-0.19081179770672538,1,0,1,1,0,0,1,0,1,0
294,-0.9564737525629083,1.234552849742795,0.4233898849155654,0.7716559234106314,-0.8054150108594654,-0.9009359076683453,1,0,1,0,0,0,1,0,1,0
295,-0.2856627925373203,-0.1433279462915582,0.9363896486367321,-0.9229765408350966,-0.38373691978009855,-0.788482236296124,1,1,1,1,0,0,0,1,0,0
296,0.17768086026385913,-0.37297474563061705,0.669123105068421,-0.9229765408350966,0.2993815877684757,-0.6718636141323389,1,0,1,0,0,0,0,0,0,1
297,0.5303752825453539,-0.4877981453001465,0.3549899164194107,0.7716559234106314,0.5776891278808578,-0.4781934023246244,1,0,1,0,0,1,0,1,0,0
298,-0.32024067707472176,-0.25815134596108763,-0.24350980792195054,0.7716559234106314,-0.5018067852823213,-0.6322965816124833,1,1,1,0,0,0,0,0,0,0
299,0.17076528335637883,-0.028504546622028767,0.1413455703758628,0.7716559234106314,-0.4849396616391466,-1.3507505931572308,1,0,1,0,0,1,0,0,0,1
300,0.23992105243118172,-0.25815134596108763,-1.5173838243721773,-0.9229765408350966,0.8981644771011766,-0.4740284515330606,0,1,0,0,0,0,1,1,0,0
301,-1.2469279826770805,-0.25815134596108763,-0.49198747125520753,-0.9229765408350966,-0.7632472017515287,0.9233125390365786,0,0,0,0,0,0,1,0,0,1
302,-0.4101431768719655,-0.37297474563061705,0.4806311283925074,0.7716559234106314,0.5861226897024452,0.2465080354074687,1,1,1,0,0,0,0,0,1,0
303,0.12927182191149708,0.430789052056089,0.4806311283925074,0.7716559234106314,-0.2825341779210505,-0.14916228979108784,1,0,1,0,0,0,0,0,0,1
304,0.3159923984134649,1.234552849742795,3.638188404234876,0.7716559234106314,0.24878021683895168,-0.6447914339871745,1,1,0,0,0,1,0,1,0,0
305,0.21917432170874085,1.6938464484209128,-0.7052095952710001,0.7716559234106314,1.3873110627532421,0.8525083755799948,1,1,1,0,0,1,0,0,1,0
306,-0.45855221522432754,-1.0619151436477936,-0.021209910309445586,0.7716559234106314,-0.4596389761743846,-0.7634925315467415,1,1,1,1,0,0,0,0,1,0
307,-0.659103945541256,1.1197294500732655,-0.22640981579791186,-4.312241469326553,-1.1090232364366095,0.9732919485353437,1,1,1,1,0,1,0,0,0,0
308,-1.1570254828798368,-0.8322683443087349,0.047190058186710196,0.7716559234106314,-1.0078204945775615,-0.2595334857675273,1,0,1,0,0,0,0,1,0,0
309,-1.3575772131967652,-1.406385342656382,0.8953134770795174,0.7716559234106314,-0.7885478872162908,-0.05545089698090339,0,0,0,0,0,0,0,0,0,0
310,0.3229079753209452,0.7752592510646773,-1.8680090597056447,-0.9229765408350966,1.783688468367847,-0.39697686188913117,0,1,0,0,0,0,0,0,0,1
311,-1.6203691356810161,0.7752592510646773,-1.3062728104951542,-0.9229765408350966,-1.8511766767362952,-1.6235548700046565,0,0,0,0,0,0,1,0,0,1
312,0.03245374520677303,-0.4877981453001465,-0.2507177411100378,0.7716559234106314,-0.17289787424041514,0.42351844404892824,1,0,1,0,0,0,0,0,0,0
313,1.15277720421858,0.7752592510646773,1.2099895226213542,-0.9229765408350966,0.6451576224535565,2.1540554979436677,1,0,1,0,0,0,0,1,0,0
314,-0.5069612535766895,0.5456124517256185,1.1757895383732768,-2.6176090050808245,0.7463603643126046,1.00244660407629,1,0,1,0,0,0,0,1,0,0
315,0.5718687439902356,-0.4877981453001465,-0.2606098000459892,0.7716559234106314,1.1005699608192727,-0.6427089585913927,1,0,1,0,0,0,0,0,1,0
316,-0.7005974069861377,0.6604358513951478,0.6969897589001885,0.7716559234106314,-0.2066321215267645,0.7858691629149748,1,0,1,0,0,0,0,0,0,0
317,1.3256666269055872,-0.25815134596108763,0.23936139824733768,0.7716559234106314,1.6318843555792748,-0.3761521079313124,0,1,0,1,0,1,0,1,0,0
318,-0.18192913892511595,-0.9470917439782642,0.49178985341172116,0.7716559234106314,-0.01266019963025575,-0.7968121378792515,1,1,1,0,0,0,0,0,1,0
319,-0.6314416379113348,-0.7174449446392054,2.7489888137848544,0.7716559234106314,-0.619876650784544,-1.2028948400567174,1,1,1,0,0,0,0,0,1,0
320,-0.09894221603535247,0.430789052056089,0.37208990854344937,0.7716559234106314,-0.26566705427787585,-0.14083238820796035,1,0,1,0,0,0,0,0,0,1
321,-0.32715625398220205,-1.636032141995441,1.6203893335982877,0.7716559234106314,0.004206924012918922,-0.9384204647924191,1,0,1,0,0,0,0,0,1,0
322,-0.45855221522432754,-0.028504546622028767,0.9705896328848106,0.7716559234106314,-0.746380078108354,1.4772509943145578,1,0,1,0,0,0,0,0,1,0
323,-0.23033817727747796,-0.6026215449696759,-0.9446094850075449,0.7716559234106314,0.3668500823411744,0.3818689361332907,1,1,1,1,0,0,0,0,0,0
324,0.08777836046661534,0.31596565238655955,2.731888821660816,0.7716559234106314,0.282514464125301,0.4068586408826732,1,0,0,0,0,1,0,1,0,0
325,-0.7974154836908617,2.4976102461076186,-0.8933095086354284,-0.9229765408350966,-1.7415403730556598,-1.0550390869562043,0,0,0,0,0,0,1,1,0,0
326,2.3422564323051898,-0.25815134596108763,1.3125894753655885,0.7716559234106314,2.2475343685551503,-0.10751278187545031,1,1,1,0,0,0,0,0,0,1
327,1.0905370120512574,0.31596565238655955,0.7995897116444216,0.7716559234106314,0.47648638602180976,-0.07211070014715841,1,0,1,0,0,0,0,1,0,0
328,-1.0256295216377114,1.0049060504037362,0.5601898219078769,-0.9229765408350966,-0.594575965319782,-0.5573274673643357,1,0,1,0,0,0,0,0,0,0
329,0.67560239760244,-0.6026215449696759,1.0389896013809663,0.7716559234106314,2.863184381531026,-0.32617269843254737,1,0,1,0,0,0,0,0,0,1
330,1.6645298953721213,0.6604358513951478,-0.12380986305367872,0.7716559234106314,2.483674099559596,0.4360132964236195,1,0,1,0,0,0,0,1,0,0
331,0.3229079753209452,3.531020843133384,0.6969897589001885,0.7716559234106314,1.1005699608192727,1.0107765056594176,1,0,1,0,0,0,0,0,0,0
332,0.15001855263393796,2.038316647429501,1.1969006397609792,0.7716559234106314,0.23191309319577702,-0.23246130562236292,1,0,0,0,0,0,0,0,0,0
333,1.035212396791415,-0.4877981453001465,0.9705896328848106,0.7716559234106314,1.581282984649751,0.3735390345501632,1,0,1,1,0,0,0,0,0,1
334,-0.7559220222459799,0.5456124517256185,-0.04514989928309909,-0.9229765408350966,0.3752836441627617,-1.0508741361646405,0,0,0,0,0,0,1,0,0,1
335,0.35748585985834663,0.2011422527170301,-0.19793998764078177,0.7716559234106314,-0.771680763573116,0.3735390345501632,1,0,1,1,0,0,1,1,0,0
336,-1.329914905566844,1.0049060504037362,0.254440756381411,0.7716559234106314,0.5186541951297464,1.7542202219535474,1,0,1,1,0,0,1,0,1,0
337,-0.23725375418495825,2.3827868464380892,0.6012659934650917,-0.9229765408350966,0.1391439131583163,-0.7031007450690671,1,0,1,0,0,1,1,0,0,1
338,-0.22342260036999767,0.430789052056089,0.4278533749232513,0.7716559234106314,0.282514464125301,0.4755803289434752,1,0,1,0,0,0,1,1,0,0
339,-0.18192913892511595,0.31596565238655955,0.23182171918030156,-0.9229765408350966,0.02950760947768093,-0.06586327395981277,1,0,1,0,0,0,1,1,0,0
340,0.04628489902173361,-0.7174449446392054,-0.6804794479311211,-0.9229765408350966,0.9993672189602246,-0.4407088452005506,1,0,1,0,0,0,1,0,0,0
341,-0.4101431768719655,1.9234932477599715,-0.6050826572607557,-0.9229765408350966,0.4849199478433971,1.0628383905539645,1,0,1,0,0,0,1,0,1,0
342,1.3118354730906265,0.2011422527170301,0.13380589130882667,0.7716559234106314,3.310163158075155,0.8858279819125049,1,0,1,0,0,0,1,0,0,0
343,1.173523934941021,-0.1433279462915582,0.23936139824733768,0.7716559234106314,-0.8138485726810527,-0.7551626299636139,1,0,1,0,0,0,1,0,0,1
344,-0.6521883686337756,0.430789052056089,0.035790063437350715,0.7716559234106314,-1.598169822088675,-0.12417258504170532,1,0,1,1,0,0,1,1,0,0
345,-0.7766687529684209,1.3493762494123245,-0.16024159230559906,0.7716559234106314,-0.5186739089254959,-0.12417258504170532,1,0,1,0,0,0,1,0,0,0
346,0.8692385510118881,0.5456124517256185,0.08139004243478862,-0.9229765408350966,-0.029527323273430425,0.21943585526230433,1,0,1,0,0,0,1,1,0,0
347,0.29524566769102406,1.4641996490818538,-0.1922098315498345,-0.9229765408350966,2.213800121268801,-0.45112122217945994,1,0,1,0,0,0,1,0,0,0
348,0.03936932211425332,2.1531400470990305,0.08139004243478862,-0.9229765408350966,0.5186541951297464,0.3485493298007807,1,0,1,0,0,1,1,0,1,0
349,-1.0394606754526718,2.4976102461076186,1.27838949111751,-0.9229765408350966,-1.100589674615022,-0.805142039462379,1,0,1,0,0,0,1,1,0,0
350,-0.6867662531711771,0.8900826507342067,-1.3550092959844784,-0.9229765408350966,-0.8897506290753388,-1.2049773154524994,1,0,1,0,0,1,0,0,0,1
351,-1.4682264437164498,-0.37297474563061705,0.833789695892499,-0.9229765408350966,-1.6572047548397864,-1.2091422662440632,1,1,1,0,0,0,1,0,0,0
352,0.03245374520677303,1.4641996490818538,0.5943898061559543,-0.9229765408350966,-0.35843623431533655,-0.0637807985640309,1,0,1,0,0,1,0,1,0,0
353,-0.5622858688365319,-0.37297474563061705,1.774289262714638,-0.9229765408350966,-0.5692752798550199,3.763808978883058,1,1,1,0,0,0,1,0,0,1
354,-0.5622858688365319,0.7752592510646773,-0.329009768542145,-0.9229765408350966,0.06324185676403028,-0.619801729237792,1,0,1,1,0,0,1,0,0,0
355,-0.8804024065806252,-0.37297474563061705,-0.46580970553445655,-0.9229765408350966,-0.8644499436105767,-0.5031831070740069,1,0,1,1,0,0,1,1,0,0
356,0.7447581666772428,-0.6026215449696759,0.7311897431482659,0.7716559234106314,1.5306816137202268,-1.1008535456634054,1,0,1,1,0,1,0,0,0,1
357,-0.06436433149795102,-0.25815134596108763,-1.3550092959844784,-0.9229765408350966,-0.6367437744277187,-0.3928119110975674,1,1,0,0,0,0,0,0,0,0
358,-0.9288114449329872,-0.1433279462915582,0.33737722611881255,0.7716559234106314,-2.0873164077407407,0.20277605209604932,1,0,1,1,0,0,0,0,0,0
359,-0.015955293145588995,0.31596565238655955,1.498487802442441,0.7716559234106314,0.4933535096649844,-0.7634925315467415,1,0,1,0,0,0,0,0,1,0
360,-0.901149137303066,-0.1433279462915582,-0.0999241597693069,0.7716559234106314,-1.5644355748023258,1.8146120084312218,1,0,1,0,0,0,0,1,0,0
361,-0.16118240820267507,-0.4877981453001465,1.498487802442441,0.7716559234106314,-0.2825341779210505,-1.0113071036447847,1,0,1,0,0,0,0,1,0,0
362,-0.5830325995589727,-1.0619151436477936,0.1715042866440094,0.7716559234106314,0.01264048583450626,0.40269369009110945,1,0,1,1,0,0,0,0,0,1
363,-0.9149802911180266,-0.7174449446392054,1.0988848118895043,0.7716559234106314,-1.3788972147274043,-0.44279132059633247,1,1,1,1,0,0,1,1,0,0
364,-1.6895249047558192,-0.25815134596108763,1.649281383783172,0.7716559234106314,-0.0042266378086684145,0.4714153781519114,1,0,1,0,0,0,1,0,0,0
365,-0.20959144655503711,-0.7174449446392054,0.6238850306662022,0.7716559234106314,0.45118570055704776,-0.10543030647966843,1,0,1,0,0,0,0,0,1,0
366,0.44738835965559043,-0.8322683443087349,0.11872653317475337,0.7716559234106314,0.282514464125301,0.665085589959626,1,0,1,1,0,0,0,0,0,0
367,0.8484918202894473,-1.1767385433173232,-0.16024159230559906,0.7716559234106314,2.3571706722357857,0.7109000486668272,1,1,1,0,0,0,0,0,0,1
368,0.3920637443957481,0.08631885304750067,0.9933293049509923,0.7716559234106314,0.01264048583450626,-1.2507917741597006,1,0,1,0,0,0,0,1,0,0
369,0.01862259139181245,1.3493762494123245,1.2119799978950525,0.7716559234106314,-0.29096773974263784,2.2914988740652715,1,0,1,1,0,0,0,0,1,0
370,-0.4101431768719655,-0.8322683443087349,-0.5975429781937185,0.7716559234106314,-1.5054006420512143,0.8858279819125049,1,0,1,0,0,0,0,1,0,0
371,-0.901149137303066,-0.8322683443087349,-0.7558762386014867,0.7716559234106314,0.282514464125301,0.8920754080998505,1,0,1,0,0,0,0,0,0,0
372,-0.3064095232597612,1.4641996490818538,-0.5296858665903902,0.7716559234106314,0.19817884590942766,0.5276422138380221,1,0,1,1,0,0,0,0,1,0
373,-0.8181622144133026,-1.5212087423259115,-1.2695093353642841,-0.9229765408350966,-1.1764917310093082,-0.9821524481038385,1,1,1,0,0,0,1,0,0,1
374,-0.32024067707472176,0.5456124517256185,0.2523899636751775,-0.9229765408350966,-0.746380078108354,-1.1737401845157711,1,1,1,0,0,0,1,0,0,0
375,-0.5138768304841699,-1.1767385433173232,-1.8680090597056447,-0.9229765408350966,-0.021093761451843086,-1.3153485114289387,1,0,1,0,0,0,1,0,0,1
376,-0.6176104840963742,-0.1433279462915582,-0.329009768542145,-0.9229765408350966,-0.7042122690004173,-1.157080381349516,1,1,0,0,0,0,0,0,1,0
377,0.3021612445985043,-1.7508555416649703,-2.0903089573181504,-0.9229765408350966,-0.4933732234607339,-0.16165714216577912,0,1,1,0,0,0,0,0,1,0
378,-0.2718316387223597,0.08631885304750067,0.2181899794270991,-0.9229765408350966,0.32468227323323773,-0.5906470736968457,1,1,1,1,0,0,0,1,0,0
379,-1.3921550977341666,-0.1433279462915582,-0.5342096740306113,-0.9229765408350966,-1.547568451159151,0.5026525090886396,1,1,1,1,0,0,0,0,0,0
380,-0.7075129838936179,-0.8322683443087349,-1.218209358992167,-0.9229765408350966,-0.9740862472912121,-1.2841113804922106,1,1,1,1,0,0,0,1,0,0
381,-0.1404356774802342,0.2011422527170301,1.0731895856290437,-0.9229765408350966,-1.0584218655070854,-1.5860703128805826,1,0,1,0,0,0,0,0,0,1
382,-0.6176104840963742,1.1197294500732655,0.4746898612876825,0.7716559234106314,2.6776460214561046,0.32772457584296194,1,0,1,0,0,0,1,0,0,0
383,0.9314787431792106,-0.6026215449696759,-0.1150035179033802,0.7716559234106314,0.5186541951297464,-0.37406963253553055,1,0,0,0,0,0,0,0,0,0
384,-0.6037793302814136,-0.9470917439782642,-0.2507177411100378,-0.9229765408350966,-0.5186739089254959,0.16320901957619366,1,1,0,0,0,0,0,0,0,1
385,0.43355720584062984,-0.25815134596108763,0.833789695892499,-0.9229765408350966,0.3752836441627617,0.30481734648936126,1,0,1,0,0,0,0,0,0,1
386,-1.067122983082593,0.8900826507342067,0.4746898612876825,-2.6176090050808245,-1.421065023835341,-1.4340496089885058,1,0,1,1,0,0,1,0,0,1
387,-1.4336485591790484,-0.7174449446392054,0.08139004243478862,-0.9229765408350966,-1.3029951583331183,-1.0904411686844961,1,0,1,0,0,1,0,0,0,0
388,-0.7075129838936179,1.234552849742795,-0.03830990243348426,-0.9229765408350966,-1.8849109240226445,1.204446717467132,1,0,1,0,0,0,1,1,0,0
389,-0.5830325995589727,-0.6026215449696759,2.543788908296388,-0.9229765408350966,0.17287816044466564,-0.7572451053593958,1,0,1,0,0,0,1,0,0,1
390,-1.0048827909152704,0.08631885304750067,-0.10670987092964004,-0.9229765408350966,-0.6283102126061313,-0.6302141062167014,1,0,1,0,0,0,1,0,1,0
391,-1.2054345212321989,-1.636032141995441,-0.8420095322633118,-0.9229765408350966,-0.6873451453572427,-0.9196781862303822,1,1,1,1,0,0,1,0,0,1
392,0.3090768215059846,-0.028504546622028767,-0.910409500759467,-0.9229765408350966,-0.9487855618264501,-0.1262550604374872,0,1,0,0,0,0,0,0,0,0
393,-0.7904999067833814,-1.1767385433173232,0.01299007393863284,-0.9229765408350966,-1.0668554273286728,0.5609618201705321,1,1,1,0,0,0,1,0,1,0
394,0.6341089361575583,-0.9470917439782642,-0.36320975279022233,0.7716559234106314,1.5559822991849888,-1.0758638409140229,1,1,1,0,0,0,0,0,1,0
395,-0.8942335603955858,-0.8322683443087349,-0.329009768542145,-0.9229765408350966,-0.4680725379959719,-1.1903999876820262,1,1,1,1,0,0,0,0,0,1
396,-2.0560504808522744,1.4641996490818538,-0.910409500759467,-0.9229765408350966,-1.269260911046769,-0.7593275807551777,1,0,1,1,0,0,1,0,0,1
397,-0.10585779294283276,-1.0619151436477936,2.0136891524511826,-0.9229765408350966,-0.41747116706644793,-0.7759873839214327,1,0,1,0,0,0,1,0,0,0
398,4.624396811773686,-0.7174449446392054,0.7311897431482659,-0.9229765408350966,1.6318843555792748,0.20902347828339493,1,0,1,0,0,0,1,0,0,1
399,0.011707014484332163,-0.7174449446392054,-0.12380986305367872,-0.9229765408350966,0.33311583505482506,-0.5656573689474632,0,1,0,0,0,0,1,0,1,0
400,-1.0602074061751128,1.4641996490818538,0.3549899164194107,-0.9229765408350966,-0.8560163817889894,-0.11376020806279594,1,0,1,0,0,0,1,0,1,0
401,0.8208295126595261,-0.028504546622028767,-0.43160972128637815,0.7716559234106314,0.5439548805945085,-0.5052655824697888,1,1,1,0,0,0,1,1,0,0
402,1.5400495110374761,0.430789052056089,-0.2606098000459892,0.7716559234106314,0.6451576224535565,-0.6801935157154664,1,1,1,0,0,0,1,0,0,0
403,0.06011605283669419,0.430789052056089,1.8679320767272323,0.7716559234106314,1.1764720172135588,1.1086528492611656,1,0,1,0,0,0,1,0,1,0
404,-0.45163663831684725,0.08631885304750067,0.7995897116444216,0.7716559234106314,-1.345162967441055,1.7687975497240205,1,0,1,1,1,0,1,0,0,1
405,0.3782325905807875,-0.8322683443087349,-0.910409500759467,0.7716559234106314,-0.3078348633858125,-0.7489152037762683,1,1,1,0,0,0,1,1,0,0
406,-0.13352010057275393,-0.25815134596108763,-0.3974097370383008,0.7716559234106314,-0.24879993063470118,0.4006112146953276,1,0,1,0,0,0,1,0,0,0
407,-0.4862145228542487,-0.7174449446392054,-0.25718980162118127,0.7716559234106314,-0.09699581784612912,-0.24703863339283605,1,0,1,0,1,0,1,0,0,1
408,0.10160951428157593,-1.0619151436477936,-0.021209910309445586,0.7716559234106314,0.6620247460967311,-0.02629624143995712,1,0,1,0,0,0,1,0,0,0
409,2.1278735481733007,1.4641996490818538,0.6627897746521101,0.7716559234106314,0.8728637916364146,0.308982297280925,1,0,1,0,0,0,1,0,0,1
410,0.6410245130650385,-0.37297474563061705,-1.081409421999856,0.7716559234106314,1.0415350280681612,2.3269009557935636,1,0,1,0,0,0,1,0,1,0
411,-0.2994939463522809,0.6604358513951478,0.4233898849155654,0.7716559234106314,-0.4006040434232732,0.308982297280925,1,0,1,0,0,0,1,0,1,0
412,-0.27874721562984,-0.25815134596108763,-0.12380986305367872,0.7716559234106314,0.6367240606319692,-0.10751278187545031,1,0,1,0,0,0,1,1,0,0
413,1.1666083580335405,-0.9470917439782642,0.05840910063846121,0.7716559234106314,0.7716610497773666,0.2111059536791768,1,0,1,0,0,0,1,1,0,0
414,-0.4862145228542487,-0.8322683443087349,-0.46580970553445655,0.7716559234106314,-0.7295129544651794,0.27149774015685124,1,0,1,0,0,0,1,0,0,0
415,-1.4820575975314103,3.1865506441247953,-1.406309272356595,0.7716559234106314,-1.6825054403045483,0.6838278685216628,1,0,1,0,0,0,1,0,1,0
416,-1.0947852907125142,1.3493762494123245,-0.46580970553445655,0.7716559234106314,-1.1343239219013714,0.42143596865314636,1,1,1,1,0,0,1,1,0,0
417,-0.5968637533739333,0.08631885304750067,0.6627897746521101,0.7716559234106314,-1.0837225509718476,-0.5677398443432451,1,0,1,0,0,0,0,0,0,0
418,1.318751049998107,0.2011422527170301,-1.3550092959844784,0.7716559234106314,0.13071035133672898,0.7004876716879178,1,1,1,1,0,0,1,0,0,1
419,0.4058948982107087,0.7752592510646773,-0.5000096897825339,0.7716559234106314,-0.14759718877565314,-0.569822319739027,1,0,1,1,0,0,1,0,1,0
420,-0.5069612535766895,-0.028504546622028767,-0.43160972128637815,0.7716559234106314,-1.6825054403045483,-0.6906058926943758,1,0,1,1,0,0,1,1,0,0
421,-0.8665712527656646,-0.25815134596108763,0.2181899794270991,0.7716559234106314,-0.7379465162867667,0.6859103439174447,1,0,1,0,0,0,1,0,0,1
422,-0.23033817727747796,-0.1433279462915582,0.18398999517902176,0.7716559234106314,-0.4596389761743846,-0.28452319051690983,1,0,0,1,0,0,1,0,0,1
423,-0.4792989459467684,0.430789052056089,-1.1498093904960116,0.7716559234106314,-1.1090232364366095,-0.2053891254771985,1,0,1,1,0,0,1,0,1,0
424,-0.5346235612066107,0.31596565238655955,0.14979001093094332,0.7716559234106314,-0.9487855618264501,-0.48027587772040625,1,0,1,1,0,0,1,0,0,1
425,1.228848550200863,-0.25815134596108763,-1.4576092487287116,0.7716559234106314,4.0776172838396025,5.002881839373274,1,0,1,0,0,0,1,1,0,0
426,-0.1473512543877145,-0.37297474563061705,0.08139004243478862,0.7716559234106314,-0.6873451453572427,-0.721843023631104,1,0,1,0,0,1,1,1,0,0
427,-0.09894221603535247,-0.4877981453001465,0.8679896801405774,0.7716559234106314,0.07167541858561761,0.08199247914070047,1,1,0,0,0,0,1,0,0,1
428,1.5054716265000747,0.08631885304750067,0.7653897273963433,0.7716559234106314,3.116191236178646,3.043272491942529,1,0,1,0,0,1,1,0,1,0
429,1.173523934941021,-0.9470917439782642,-1.0472094377517787,0.7716559234106314,0.5861226897024452,0.8337660970179579,1,0,1,1,0,0,1,1,0,0
430,-0.7974154836908617,-2.3249725400126176,-1.2157966616907154,0.7716559234106314,-0.543974594390258,-0.9988122512700935,1,0,0,0,1,0,1,1,0,0
431,-0.24416933109243855,-2.095325740673559,1.3250751839006008,-0.9229765408350966,-0.8391492581458148,-0.2678633873506548,1,0,0,0,1,0,1,0,0,1
432,0.938394320086691,0.31596565238655955,-0.46580970553445655,0.7716559234106314,0.7126261170262552,0.665085589959626,1,0,1,1,0,0,1,0,0,0
433,0.3920637443957481,0.8900826507342067,-0.1922098315498345,0.7716559234106314,-0.2319328069915265,-0.7093481712564127,1,0,1,1,0,0,1,1,0,0
434,0.2814145138760635,0.430789052056089,0.8166897037684603,0.7716559234106314,-0.38373691978009855,-0.3865644849102218,1,0,1,0,0,0,1,1,0,0
435,-0.659103945541256,0.31596565238655955,0.5601898219078769,0.7716559234106314,-0.721079392643592,1.4397664371904841,1,1,1,1,0,0,1,0,1,0
436,-0.5692014457440122,-0.4877981453001465,0.11559002668286597,0.7716559234106314,-1.5560020129807384,0.7046526224794816,1,0,1,1,0,1,1,0,0,1
437,-0.8873179834881055,-0.028504546622028767,0.5943898061559543,0.7716559234106314,0.3752836441627617,1.2336013730080784,1,0,1,1,0,0,1,0,0,1
438,-0.24416933109243855,0.31596565238655955,0.8850896722646161,0.7716559234106314,0.41745145327069844,-0.2407912072054904,1,0,1,0,0,0,0,0,0,0
439,-0.4032275999644852,0.6604358513951478,0.9705896328848106,0.7716559234106314,-0.1644643124188278,0.5318071646295859,1,0,1,0,0,0,0,0,0,0
440,1.0697902813288165,-0.37297474563061705,0.5601898219078769,0.7716559234106314,0.004206924012918922,-0.5365027134065169,1,0,1,0,0,0,0,0,1,0
441,0.34365470604338605,1.234552849742795,1.27838949111751,0.7716559234106314,-1.016254056399149,0.3839514115290726,1,0,1,0,0,0,0,1,0,0
442,-1.1224475983424353,-0.37297474563061705,0.2523899636751775,0.7716559234106314,0.10540966587196696,0.5651267709620958,1,1,0,0,1,0,1,0,0,1
443,0.5995310516201567,-0.7174449446392054,-0.0896098788056003,0.7716559234106314,-0.594575965319782,0.9441372929943974,1,0,1,0,0,1,0,0,0,0
444,0.12235624500401679,-0.7174449446392054,0.3549899164194107,0.7716559234106314,0.46805282420022243,0.25900288778215996,1,1,1,0,0,0,0,0,1,0
445,0.35057028295086634,-0.1433279462915582,-0.27770979217002895,0.7716559234106314,-0.29096773974263784,-0.38031705872287613,1,0,1,1,0,0,0,0,1,0
446,1.415569126702831,-0.25815134596108763,-0.329009768542145,0.7716559234106314,1.3704439391100673,1.0940755214906925,1,1,1,0,0,0,0,0,1,0
447,-0.4308899075944064,-1.7508555416649703,-0.1922098315498345,0.7716559234106314,0.15601103680149098,-0.9134307600430366,1,1,0,0,1,0,1,0,0,1
448,0.7378425897697626,1.5790230487513832,-0.3803097449142621,0.7716559234106314,-0.19819855970517716,0.2881575433231063,1,0,1,1,0,0,0,1,0,0
449,0.6064466285276371,-0.4877981453001465,0.7653897273963433,0.7716559234106314,-0.2066321215267645,1.506405649855504,1,0,1,1,0,1,1,0,1,0
450,-1.3229993286593638,-0.6026215449696759,0.7140897510242272,0.7716559234106314,-0.6536108980708933,2.2602617431285434,1,0,1,0,0,0,1,0,0,0
451,0.8000827819370852,-0.25815134596108763,-0.3974097370383008,0.7716559234106314,0.12227678951514163,0.31731219886405254,1,1,1,0,0,0,1,0,0,0
452,-0.6521883686337756,-0.37297474563061705,-1.0985094141238951,0.7716559234106314,0.06324185676403028,-0.8176368918370702,0,0,0,0,0,0,1,0,0,0
453,-0.20959144655503711,-0.37297474563061705,0.5601898219078769,0.7716559234106314,0.7126261170262552,-0.973822546520711,1,0,1,1,0,0,0,0,1,0
454,-1.5512133666062133,-0.25815134596108763,-0.05540989455752294,0.7716559234106314,-0.7042122690004173,1.9937048924684633,1,1,1,1,0,1,1,0,0,1
455,1.374075665257949,-0.028504546622028767,-0.7052095952710001,0.7716559234106314,1.48851380461229,-0.7739049085256509,0,0,0,0,0,0,0,0,0,0
456,0.21917432170874085,-1.5212087423259115,-0.7907095558911946,0.7716559234106314,-0.7379465162867667,-0.0637807985640309,1,0,1,0,0,0,0,0,0,1
457,0.9038164355492895,-1.0619151436477936,0.2181899794270991,0.7716559234106314,-0.8813170672537515,-0.9883998742911841,1,0,1,1,0,1,1,1,0,0
458,-0.7628375991534603,0.2011422527170301,0.16689000305498308,0.7716559234106314,0.5692555660592705,-0.7405853021931408,1,0,1,1,0,1,1,0,1,0
459,1.3325822038130675,-0.7174449446392054,0.2523899636751775,0.7716559234106314,-0.08856225602454178,0.16737397036775742,1,0,1,0,0,1,1,0,1,0
460,1.560796241759917,-0.1433279462915582,-0.9446094850075449,0.7716559234106314,-0.11386294148930379,-0.5989769752799732,1,0,1,0,0,0,0,1,0,0
461,-0.2994939463522809,-0.6026215449696759,-0.329009768542145,0.7716559234106314,-0.5608417180334326,0.6255185574397703,1,0,1,1,0,0,1,1,0,0
462,-0.493130099761729,-0.6026215449696759,0.2181899794270991,0.7716559234106314,1.007800780781812,0.01743574187146229,1,0,1,0,0,0,0,0,1,0
463,1.0767058582362967,-0.37297474563061705,1.27838949111751,0.7716559234106314,1.134304208105622,-0.7843172855045603,1,0,1,1,0,0,0,0,0,1
464,0.07394720665165477,-0.4877981453001465,-0.1409098551777174,0.7716559234106314,0.4343185769138731,1.5001582236681585,1,0,1,0,0,0,1,0,1,0
465,-0.20267586964755682,0.430789052056089,0.01299007393863284,0.7716559234106314,-0.14759718877565314,-0.8280492688159796,1,0,1,1,0,1,1,1,0,0
466,-0.7559220222459799,-0.028504546622028767,1.3809894438617432,0.7716559234106314,-0.5102403471039086,1.5189005022301953,1,1,1,0,0,0,1,0,0,0
467,-0.9218958680255069,-0.8322683443087349,-0.5684096582786897,0.7716559234106314,-0.8560163817889894,-0.619801729237792,1,0,1,0,0,0,1,0,1,0
468,1.823588164244168,-0.6026215449696759,-0.773609563767156,0.7716559234106314,0.8138288588853032,1.0316012596172361,1,0,1,1,0,0,0,0,0,1
469,0.3782325905807875,0.8900826507342067,1.0731895856290437,0.7716559234106314,-0.26566705427787585,0.007023364892552906,1,0,1,0,0,0,1,0,0,0
470,-0.1404356774802342,-0.6026215449696759,0.5601898219078769,0.7716559234106314,-1.024687618220736,2.4018700700417113,1,0,1,1,0,0,1,1,0,0
471,0.04628489902173361,0.2011422527170301,0.6285897904040327,0.7716559234106314,0.282514464125301,-0.2678633873506548,1,1,1,0,0,0,1,0,0,1
472,-0.852740098950704,1.9234932477599715,-0.1922098315498345,0.7716559234106314,0.9150316007443513,1.4939107974808128,0,1,0,0,0,0,1,0,0,0
473,0.5856998978051962,0.2011422527170301,0.6285897904040327,0.7716559234106314,-0.9403520000048627,-0.6260491554251376,1,0,1,0,0,1,0,1,0,0
474,-0.07819548531291161,2.842080445116207,-0.1922098315498345,0.7716559234106314,-0.42590472888803527,-1.1362556273916973,1,0,1,0,0,0,0,0,0,0
475,0.15001855263393796,-0.6026215449696759,-1.7825090990854502,0.7716559234106314,0.054808294942442944,-0.5406676641980807,1,0,1,1,0,0,0,0,1,0
476,1.560796241759917,0.08631885304750067,-0.15800984730175607,0.7716559234106314,-0.619876650784544,0.3922813131122001,1,0,0,1,0,0,0,1,0,0
477,0.42664162893314955,-0.4877981453001465,0.8508896880165376,0.7716559234106314,0.7210596788478425,-0.059615847772467145,1,1,1,0,0,0,0,0,1,0
478,0.7170958590473216,-0.9470917439782642,-0.05540989455752294,0.7716559234106314,0.7294932406694299,-0.17415199454047037,1,1,1,1,0,0,0,0,0,0
479,1.1942706656634616,-0.25815134596108763,-0.6026096425267671,0.7716559234106314,-0.44277185253120993,-0.9175957108346003,1,0,1,0,0,0,0,1,0,0
480,0.42664162893314955,0.31596565238655955,-0.5342096740306113,0.7716559234106314,-1.4632328329432776,0.5318071646295859,1,0,1,1,0,0,0,1,0,0
481,-0.32715625398220205,0.2011422527170301,0.3549899164194107,0.7716559234106314,0.046374733120855605,3.951231764503427,1,0,1,1,0,0,0,0,0,1
482,1.4708937419626733,0.430789052056089,0.3207899321713322,0.7716559234106314,1.8174227156541962,0.44850814879831075,1,1,1,0,0,0,0,1,0,0
483,-0.009039716238108706,-1.0619151436477936,-0.551309666154651,0.7716559234106314,0.181311722266253,0.6400958852102434,1,0,1,0,0,0,0,0,0,0
484,-1.2400124057696003,1.1197294500732655,-0.15800984730175607,0.7716559234106314,-0.7548136399299413,-0.39697686188913117,1,0,1,0,0,0,0,0,1,0
485,0.9038164355492895,1.5790230487513832,1.1244895620011597,0.7716559234106314,0.9909336571386373,-0.10543030647966843,1,1,1,1,0,0,0,0,0,1
486,-0.4723833690392881,-0.6026215449696759,-0.0896098788056003,0.7716559234106314,-0.6367437744277187,-0.8093069902539427,1,1,1,1,0,0,0,0,0,1
487,-0.24416933109243855,0.7752592510646773,-0.910409500759467,0.7716559234106314,0.1644445986230783,-0.8676163013358353,1,1,1,1,0,0,0,0,0,1
488,-0.2994939463522809,-0.1433279462915582,0.5772898140319156,0.7716559234106314,-0.11386294148930379,0.7525495565824648,1,0,1,0,0,0,0,0,0,0
489,-0.5346235612066107,0.31596565238655955,-0.5342096740306113,0.7716559234106314,-1.2861280346899435,0.6609206391680622,1,0,1,1,0,0,0,1,0,0
490,-0.36864971542708375,0.7752592510646773,0.7653897273963433,0.7716559234106314,-0.3753033579585112,-0.7801523347129965,1,0,1,0,0,0,0,1,0,0
491,-0.7144285608010983,-0.4877981453001465,1.5177893808540546,0.7716559234106314,-0.26566705427787585,0.4984875582970758,1,0,1,1,0,0,0,0,0,1
492,-0.23033817727747796,0.430789052056089,-0.3974097370383008,0.7716559234106314,-1.3029951583331183,-0.7405853021931408,1,0,1,1,0,0,0,0,0,0
493,-1.9108233657951883,0.31596565238655955,0.6285897904040327,-0.9229765408350966,-0.8644499436105767,-0.46153359915836933,1,0,0,0,0,0,1,0,0,0
494,0.21917432170874085,0.2011422527170301,-0.5221461875233531,-2.6176090050808245,-0.3753033579585112,-1.1737401845157711,1,0,0,1,0,0,1,0,0,0
495,0.04628489902173361,-0.25815134596108763,0.21674236104622827,0.7716559234106314,0.7294932406694299,-0.0367086184188665,1,0,1,0,0,0,1,0,1,0
496,1.1112837427736981,-0.25815134596108763,-0.3974097370383008,0.7716559234106314,-0.08012869420295445,-0.8634513505442716,1,0,1,0,0,0,0,0,0,1
497,-1.1570254828798368,0.08631885304750067,-0.00944801096486813,-0.9229765408350966,-1.016254056399149,-0.7634925315467415,1,0,1,0,0,0,1,0,0,0
498,0.04628489902173361,0.8900826507342067,0.2619804354484471,-0.9229765408350966,0.9234651625659386,1.0107765056594176,1,0,1,0,0,0,1,0,1,0
499,-1.5788756742361345,0.2011422527170301,-0.6427810525959384,-0.9229765408350966,-1.0331211800423235,0.5567968693789683,1,0,1,1,0,0,1,0,0,0
500,-0.36173413851960345,-0.37297474563061705,-0.8762095165113897,-0.9229765408350966,-0.3247019870289872,-0.6052244014673188,1,0,1,0,0,0,1,0,0,0
501,2.1901137403406232,0.08631885304750067,0.5601898219078769,0.7716559234106314,0.24878021683895168,-1.4923589200703984,1,0,1,0,0,0,1,0,0,1
502,0.7516737435847232,1.6938464484209128,-0.8078095480152344,0.7716559234106314,0.6873254315614932,1.543890206979578,1,1,1,0,0,0,1,0,0,1
503,0.17076528335637883,0.2011422527170301,-0.05540989455752294,0.7716559234106314,-0.21506568334835183,-0.5385851888022988,1,0,1,0,0,1,1,1,0,0
504,0.47505066728551154,0.6604358513951478,0.013171026236241294,0.7716559234106314,1.9017583338700697,2.4768391842898585,1,0,1,0,0,0,1,0,0,1
505,0.5303752825453539,-0.028504546622028767,-0.05540989455752294,0.7716559234106314,1.0921363989976853,-0.22204892864345352,1,1,1,0,0,0,1,0,1,0
506,0.17076528335637883,2.4976102461076186,0.3675359423869592,-0.9229765408350966,-0.17289787424041514,-0.1179251588543597,1,0,1,0,0,0,1,1,0,0
507,-1.5304666358837724,0.8900826507342067,0.09610749597364394,-0.9229765408350966,-1.1849252928308955,-1.159162856745298,1,0,1,0,0,0,1,0,0,0
508,-0.20267586964755682,3.071727244455266,0.6285897904040327,0.7716559234106314,-0.9825198091127995,-0.29493556749581923,1,0,1,0,0,0,0,0,1,0
509,0.06011605283669419,-0.7174449446392054,-0.5372255456574263,0.7716559234106314,-0.5186739089254959,0.140301790222593,1,1,1,0,0,0,1,0,1,0
510,3.2966060455374695,0.31596565238655955,0.2865899479232549,-0.9229765408350966,0.3499829586979997,-1.4881939692788346,0,0,0,0,0,0,1,1,0,0
511,-0.24416933109243855,1.5790230487513832,-1.081409421999856,0.7716559234106314,0.01264048583450626,-0.15540971597843348,1,0,1,0,0,0,1,0,0,1
512,-0.05053317768299044,-0.9470917439782642,-0.2948097842940676,0.7716559234106314,-0.12229650331089113,-0.05545089698090339,1,0,1,0,0,0,0,0,0,0
513,-1.3990706746416468,-1.8656789413344996,-0.5342096740306113,0.7716559234106314,-0.6283102126061313,-0.7801523347129965,1,1,0,0,0,1,1,0,0,1
514,-0.24416933109243855,0.6604358513951478,0.3675359423869592,0.7716559234106314,1.311409006358956,0.007023364892552906,1,0,1,1,0,0,1,0,0,1
515,-0.7005974069861377,-0.8322683443087349,-0.72571752233334,0.7716559234106314,-0.21506568334835183,-0.45112122217945994,1,1,0,0,1,0,1,0,1,0
516,0.8623229741044077,-1.0619151436477936,-0.3803097449142621,0.7716559234106314,3.2426946635024563,-0.3928119110975674,1,1,0,0,0,0,0,0,1,0
517,1.083621435143777,-0.8322683443087349,-0.5372255456574263,0.7716559234106314,-0.12229650331089113,-0.022131290648393368,1,0,1,0,0,0,0,0,1,0
518,-1.2538435595845607,3.7606676424724426,-0.329009768542145,-0.9229765408350966,-1.3029951583331183,-0.07211070014715841,1,0,1,0,0,0,1,1,0,0
519,-0.589948176466453,-0.25815134596108763,-0.15800984730175607,0.7716559234106314,-1.0331211800423235,-0.5802346967179363,1,0,1,0,0,0,1,0,1,0
520,0.06011605283669419,-0.028504546622028767,1.6887893020944436,-0.9229765408350966,0.5355213187729211,1.0586734397624007,1,0,1,0,0,0,1,0,0,0
521,2.224691624878025,-0.4877981453001465,-0.6710096110229228,0.7716559234106314,-1.2861280346899435,0.45683805038143827,1,1,1,0,0,0,0,1,0,0
522,0.04628489902173361,0.430789052056089,-0.021209910309445586,-0.9229765408350966,-0.3753033579585112,0.49432260750551205,1,0,1,0,0,0,1,1,0,0
523,-0.13352010057275393,0.8900826507342067,-0.9788094692556227,0.7716559234106314,-0.47650609981755926,-1.413224855030687,1,0,1,0,0,0,1,0,1,0
524,-0.13352010057275393,0.7752592510646773,-2.0390089809460337,-0.9229765408350966,1.0921363989976853,-0.5864821229052819,0,1,0,0,0,0,1,0,0,0
525,-1.571960097328654,0.31596565238655955,0.3207899321713322,-0.9229765408350966,-1.4379321474785156,-0.38031705872287613,1,0,1,0,0,0,1,0,0,1
526,-0.8873179834881055,1.3493762494123245,-0.8078095480152344,-0.9229765408350966,-0.7295129544651794,-1.2382969217850093,1,0,1,0,0,0,1,0,0,0
527,-0.5968637533739333,0.6604358513951478,-0.0896098788056003,-0.9229765408350966,-1.193358854652483,0.477662804339257,1,0,1,0,0,0,1,1,0,0
528,-0.589948176466453,0.31596565238655955,-0.3974097370383008,-0.9229765408350966,-0.3921704816016859,0.3193946742598344,1,0,1,0,0,0,1,0,0,0
529,-0.20267586964755682,-0.37297474563061705,0.9363896486367321,-0.9229765408350966,-0.046394446916605096,1.1065703738653838,1,0,1,0,0,0,0,1,0,0
530,0.23992105243118172,1.8086698480904422,1.5861893493502104,0.7716559234106314,-0.6283102126061313,-0.7051832204648489,1,0,1,0,0,0,0,1,0,0
531,0.29524566769102406,-0.028504546622028767,-1.3892092802325557,-0.9229765408350966,0.8897309152795893,1.2939931594857528,0,0,0,0,0,0,0,0,0,1
532,0.13618739881897737,0.5456124517256185,-0.0999241597693069,-0.9229765408350966,0.08010898040720495,0.40269369009110945,1,0,1,1,0,0,0,0,0,1
533,-0.015955293145588995,0.7752592510646773,-1.2082569826236789,-0.9229765408350966,0.24878021683895168,0.06949762676600921,1,0,1,0,0,0,1,0,0,0
534,-0.2165070234625174,-1.0619151436477936,0.4429327330573246,-2.6176090050808245,-0.7632472017515287,-0.9092658092514728,1,0,1,0,0,0,1,1,0,0
535,-0.9495581756554281,-0.028504546622028767,-0.6710096110229228,-0.9229765408350966,-1.4379321474785156,-0.5052655824697888,1,0,1,1,0,0,1,0,1,0
536,-0.9772204832853493,0.430789052056089,0.4052343377221419,-2.6176090050808245,-1.5391348893375636,-0.25536853497596357,1,0,1,0,0,0,0,0,0,1
537,2.1002112405433797,-0.4877981453001465,-1.1027014756851674,-0.9229765408350966,1.0921363989976853,-0.5552449919685538,1,0,1,0,0,0,1,0,0,1
538,0.5442064363603144,0.7752592510646773,0.2921391517165937,-0.9229765408350966,0.23191309319577702,0.30689982188514314,1,0,1,1,0,0,1,1,0,0
539,0.3229079753209452,-0.37297474563061705,0.8877737980124812,0.7716559234106314,2.104163817588166,1.2252714714249509,1,1,1,0,0,0,1,0,0,0
540,-0.05053317768299044,1.234552849742795,0.4429327330573246,-0.9229765408350966,0.9234651625659386,-0.05545089698090339,1,0,1,0,0,0,0,0,1,0
541,0.02553816829929274,2.6124336457771484,0.3901549795880686,0.7716559234106314,0.1138432276935543,-0.3345026000156749,1,0,1,0,0,0,1,0,1,0
542,1.1666083580335405,-0.25815134596108763,-1.0499237222159112,-0.9229765408350966,1.311409006358956,0.8774980803293774,0,0,1,0,0,1,1,0,1,0
543,0.3229079753209452,0.8900826507342067,1.3099958257665274,0.7716559234106314,-0.07169513238136711,-0.19497674849828914,1,0,1,0,0,0,1,0,0,1
544,-1.1224475983424353,0.2011422527170301,2.4107889695538627,0.7716559234106314,-0.22349924516993916,1.881251221096242,1,0,1,0,0,0,1,1,0,0
545,0.19842759098629997,0.6604358513951478,-0.0019083318978320124,0.7716559234106314,0.5355213187729211,0.1944461505129218,1,0,1,1,0,0,0,1,0,0
546,0.08777836046661534,-1.406385342656382,-0.6578604107300107,0.7716559234106314,0.5861226897024452,-0.805142039462379,1,1,1,0,0,0,0,0,0,0
547,0.6271933592500779,-0.028504546622028767,0.09610749597364394,-0.9229765408350966,1.2945418827157815,0.7004876716879178,1,0,1,0,0,0,0,1,0,0
548,-0.8181622144133026,-0.1433279462915582,0.307218509850667,-2.6176090050808245,-0.8307156963242274,-0.5052655824697888,1,0,1,0,0,0,0,1,0,0
549,-0.6798506762636968,-0.37297474563061705,0.3675359423869592,0.7716559234106314,-0.5271074707470833,-0.6552038109660838,1,0,1,0,0,0,0,0,0,0
550,1.1112837427736981,-0.6026215449696759,-1.1479395500873868,-0.9229765408350966,0.10540966587196696,3.030777639567838,1,1,1,1,0,0,0,0,1,0
551,-0.8250777913207828,-0.028504546622028767,-0.40151132245076876,0.7716559234106314,-1.092156112793435,-0.5927295490926275,1,1,1,0,0,0,0,1,0,0
552,0.04628489902173361,0.5456124517256185,0.2181899794270991,-0.9229765408350966,1.48851380461229,-0.5927295490926275,0,1,0,1,0,1,1,0,0,0
553,2.0725489329134583,1.1197294500732655,-1.5944091857210227,-0.9229765408350966,0.8222624207068906,-0.6260491554251376,0,0,0,0,0,0,1,0,0,1
554,0.7447581666772428,1.3493762494123245,0.2181899794270991,-0.9229765408350966,0.8981644771011766,-0.38031705872287613,1,0,1,0,0,0,1,0,0,1
555,-0.5138768304841699,-0.6026215449696759,-0.5855096504027284,0.7716559234106314,1.1680384553919714,1.7542202219535474,1,0,1,0,0,0,1,1,0,0
556,0.6617712437874794,-0.1433279462915582,-1.3550092959844784,-0.9229765408350966,0.17287816044466564,-0.22829635483079916,0,1,0,0,0,0,1,0,0,1
557,-0.33407183088968234,0.7752592510646773,-0.1922098315498345,-0.9229765408350966,-0.9150513145401008,0.1881987243255762,1,1,1,0,0,0,1,1,0,0
558,-1.1708566366947974,-0.37297474563061705,0.030090066062671516,-0.9229765408350966,-1.4885335184080397,-0.9675751203333653,0,1,0,0,0,0,1,1,0,0
559,-0.7075129838936179,0.08631885304750067,0.7311897431482659,0.7716559234106314,-0.10542937966771646,-0.534420238010735,0,0,0,0,0,0,1,0,0,0
560,-0.08511106222039189,-1.0619151436477936,-2.0903089573181504,-0.9229765408350966,0.22347953137418966,-0.3865644849102218,0,1,0,0,0,0,1,0,0,0
561,0.12927182191149708,-0.37297474563061705,0.2865899479232549,-0.9229765408350966,0.07167541858561761,0.12780693784790176,1,0,1,0,0,0,1,0,0,1
562,-0.6867662531711771,0.31596565238655955,-1.4918092329767896,-0.9229765408350966,-1.1849252928308955,0.25900288778215996,0,1,0,0,0,0,1,0,1,0
563,1.1666083580335405,-0.9470917439782642,-1.1498093904960116,-0.9229765408350966,1.260807635429432,-0.7697399577340871,0,1,0,0,0,0,0,0,0,0
564,-1.5650445204211738,2.26796344676856,0.5259898376597996,-0.9229765408350966,-1.024687618220736,0.19028119972135804,1,0,1,0,0,0,1,0,0,1
565,0.6825179745099202,-0.028504546622028767,-0.6368096267748454,-0.9229765408350966,0.8222624207068906,0.5547143939831864,1,1,1,0,0,0,0,0,1,0
566,0.8692385510118881,-0.37297474563061705,-0.36320975279022233,-0.9229765408350966,0.5270877569513338,-0.9800699727080566,1,0,1,0,0,0,0,0,0,0
567,-0.18884471583259624,-0.028504546622028767,1.4835893966059772,-0.9229765408350966,0.5692555660592705,0.4380957718194014,1,0,1,0,0,1,1,0,0,0
568,0.4957973980079524,-0.9470917439782642,-0.2948097842940676,0.7716559234106314,-0.4343382907096226,0.0882399053280461,1,1,1,0,0,0,0,0,1,0
569,3.4141708529646344,-1.5212087423259115,-1.4576092487287116,-0.9229765408350966,3.5800371363659496,-0.39905933728491305,1,1,1,0,0,0,0,0,0,1
570,-1.495888751346371,-0.8322683443087349,-2.2442088864345004,0.7716559234106314,-1.2861280346899435,-0.8634513505442716,0,1,0,0,0,0,0,1,0,0
571,-0.8458245220432238,-0.4877981453001465,0.01299007393863284,0.7716559234106314,0.3499829586979997,-0.25536853497596357,0,1,0,0,0,0,1,0,0,1
572,-1.9592324041475504,-1.2915619429868526,-0.329009768542145,-0.9229765408350966,0.5017870714865718,-0.31784279684941985,1,0,1,0,0,1,1,0,0,0
573,-0.9979672140077901,1.0049060504037362,-1.1156094062479338,-0.9229765408350966,0.257213778660539,-0.7968121378792515,1,0,1,0,0,0,1,0,0,0
574,-1.2469279826770805,-0.25815134596108763,0.30368994004729355,-0.9229765408350966,-1.7331068112340724,-0.4532036975752418,1,0,1,1,0,0,1,0,1,0
575,1.3809912421654296,-1.0619151436477936,-0.906669819942217,-0.9229765408350966,0.14757747497990364,-1.007142152853221,1,0,1,0,0,0,1,1,0,0
576,2.1624514327107023,-1.406385342656382,0.6798897667761488,0.7716559234106314,0.21504596955260233,-0.6656161879449932,1,0,1,0,0,0,1,0,0,1
577,-0.1404356774802342,-0.7174449446392054,0.2523899636751775,0.7716559234106314,0.06324185676403028,-0.5989769752799732,1,0,1,0,0,0,0,0,1,0
578,-0.7559220222459799,-0.37297474563061705,0.2523899636751775,-0.9229765408350966,0.3921507678059364,1.1086528492611656,1,0,1,0,0,0,0,0,0,0
579,-1.1017008676199944,-0.9470917439782642,0.14979001093094332,-0.9229765408350966,-0.5271074707470833,0.37562150994594506,1,0,1,0,0,0,0,1,0,0
580,-0.7628375991534603,0.08631885304750067,3.2619885775060213,-0.9229765408350966,-0.9740862472912121,2.8350249523643414,1,1,0,1,0,0,0,1,0,0
581,-0.20959144655503711,-0.028504546622028767,0.6285897904040327,-0.9229765408350966,0.8981644771011766,0.13821931482681113,1,1,1,0,0,1,0,0,0,1
582,0.19842759098629997,-0.6026215449696759,0.9021896643886548,-0.9229765408350966,1.4210453100395914,-0.7031007450690671,1,0,1,0,0,0,1,0,1,0
583,0.7170958590473216,3.3013740437943246,-0.2130193457748551,-0.9229765408350966,-0.7801143253947034,1.3252302904224809,1,0,1,0,0,0,0,0,0,1
584,1.6506987415571608,0.08631885304750067,-0.5342096740306113,-0.9229765408350966,-0.1391636269540658,0.1694564457635393,1,1,0,1,0,0,0,0,1,0
585,0.13618739881897737,-0.6026215449696759,0.047190058186710196,-0.9229765408350966,1.4800802427907027,0.5567968693789683,1,1,1,1,0,0,0,1,0,0
586,-0.029786446960549575,-0.25815134596108763,-0.3974097370383008,-0.9229765408350966,0.09697610405037962,-0.4198840912427318,0,1,0,0,0,0,1,0,0,0
587,1.0905370120512574,-1.1767385433173232,-0.910409500759467,-0.9229765408350966,0.181311722266253,0.9941167024931624,1,0,1,1,0,0,0,1,0,0
588,0.6617712437874794,-0.8322683443087349,-0.10670987092964004,-0.9229765408350966,0.18974528408784033,-0.7405853021931408,1,0,1,0,0,0,0,0,0,0
589,-0.5069612535766895,-0.37297474563061705,-0.8762095165113897,-0.9229765408350966,0.29094802594688834,-0.332420124619893,0,1,0,0,0,0,0,0,1,0
590,0.8415762433819669,-1.5212087423259115,-0.1922098315498345,0.7716559234106314,0.18974528408784033,0.4547555749856564,0,1,0,0,0,0,0,0,0,1
591,-0.13352010057275393,-0.25815134596108763,-0.34610976066618365,-0.9229765408350966,-0.35843623431533655,-1.2716165281175194,1,0,1,0,0,0,0,0,1,0
592,1.2081018194784223,0.8900826507342067,0.14979001093094332,-0.9229765408350966,0.7632274879557792,1.9916224170726813,1,0,1,0,0,0,0,1,0,0
593,-0.2165070234625174,-0.1433279462915582,-0.7907095558911946,-0.9229765408350966,1.48851380461229,-0.21371902706032603,1,1,1,0,0,0,0,0,0,0
594,1.2150173963859026,-0.6026215449696759,1.107389569877121,-0.9229765408350966,-1.5644355748023258,-0.9821524481038385,0,0,0,0,0,0,0,1,0,0
595,-0.9703049063778689,-1.2915619429868526,-1.0130094535037006,-0.9229765408350966,-1.1849252928308955,0.7088175732710453,0,1,0,0,0,0,1,1,0,0
596,0.3782325905807875,-0.37297474563061705,1.1757895383732768,-0.9229765408350966,0.09697610405037962,0.5838690495241328,0,1,0,0,0,0,0,0,0,1
597,-1.4682264437164498,-0.37297474563061705,0.06429005031074887,-0.9229765408350966,-1.0752889891502602,-0.940502940188201,0,1,0,0,0,0,1,0,0,0
598,0.2744989369685832,1.1197294500732655,-0.6368096267748454,-0.9229765408350966,-1.9102116094874064,-0.5864821229052819,0,1,0,0,0,0,1,1,0,0
599,1.8719972025965301,-1.7508555416649703,-0.6368096267748454,0.7716559234106314,2.112597379409753,0.6400958852102434,1,0,0,0,1,0,1,0,1,0
600,1.512387203407555,-0.6026215449696759,-0.6277016944618651,-0.9229765408350966,0.41745145327069844,-1.9713282611002299,1,1,1,0,0,0,1,1,0,0
601,0.12927182191149708,-0.8322683443087349,-0.47606970080887934,-2.6176090050808245,-0.14759718877565314,-0.8801111537105265,1,0,1,0,0,0,1,0,1,0
602,-0.5553702919290516,-0.4877981453001465,0.01299007393863284,0.7716559234106314,-0.054828008738192435,1.2919106840899708,1,0,1,1,0,0,1,0,1,0
603,-1.1293631752499156,-1.0619151436477936,0.18398999517902176,0.7716559234106314,-0.8391492581458148,-0.28452319051690983,1,0,1,1,0,0,1,0,0,0
604,-0.6106949071888939,1.234552849742795,-0.7667695669175401,-2.6176090050808245,-0.771680763573116,-0.45112122217945994,1,0,1,1,0,0,1,1,0,0
605,-1.6549470202184176,1.6938464484209128,-0.8591095243873504,-0.9229765408350966,-1.598169822088675,-1.2362144463892275,1,0,1,1,0,0,1,0,0,1
606,-0.25800048490739913,0.2011422527170301,-0.7052095952710001,0.7716559234106314,0.14757747497990364,-0.1887293223109435,0,0,0,0,0,1,1,0,0,0
607,-0.6729350993562165,-0.028504546622028767,-0.0923844807022697,0.7716559234106314,0.6788918697399059,0.9982816532847262,1,0,1,0,0,0,1,0,1,0
608,0.03245374520677303,0.08631885304750067,-0.9446094850075449,0.7716559234106314,-1.294561596511531,0.023683168058807918,0,0,0,0,0,1,1,0,0,1
609,-1.6687781740333782,0.2011422527170301,-2.060240717198809,0.7716559234106314,-1.522267765694389,-1.1799876107031169,1,0,0,0,1,0,1,0,0,0
610,-0.18192913892511595,0.2011422527170301,-0.5342096740306113,0.7716559234106314,-0.8813170672537515,-0.8176368918370702,1,0,1,0,0,1,1,1,0,0
611,-0.1473512543877145,-1.1767385433173232,0.225029976276715,-0.9229765408350966,0.45118570055704776,0.10906465928586487,1,0,1,1,0,1,1,0,0,0
612,0.12927182191149708,-0.25815134596108763,0.3675359423869592,0.7716559234106314,-0.2572334924562885,1.2773333563194977,1,0,1,0,0,0,1,0,1,0
613,0.33673912913590576,0.31596565238655955,-0.5749239409926091,0.7716559234106314,0.9234651625659386,-0.30534794447472857,0,0,0,0,0,0,1,0,1,0
614,-0.9080647142105464,0.430789052056089,2.1770589184757303,0.7716559234106314,-0.42590472888803527,2.0061997448431543,1,0,1,0,0,0,1,0,0,1
615,1.581542972482358,0.2011422527170301,-0.72571752233334,-0.9229765408350966,0.1644445986230783,0.5692917217536596,1,0,1,1,0,0,1,0,1,0
616,-0.7005974069861377,0.430789052056089,-0.9446094850075449,0.7716559234106314,-1.100589674615022,0.17362139655510303,1,0,0,0,1,0,1,0,0,1
617,0.2675833600611029,0.2011422527170301,0.1413455703758628,0.7716559234106314,0.8391295443500653,-0.30534794447472857,1,0,1,0,0,0,1,0,0,0
618,0.41972605202566926,-0.4877981453001465,1.1484295509748144,0.7716559234106314,-0.29096773974263784,-0.5115130086571343,1,0,1,0,0,0,1,0,0,0
619,0.06703162974417448,2.6124336457771484,-0.5000096897825339,-0.9229765408350966,-0.8728835054321641,-0.619801729237792,0,0,0,0,0,0,1,1,0,0
620,3.3657618146122728,-0.37297474563061705,0.4062898927915267,0.7716559234106314,-0.06326157055977977,0.1507141672015024,1,0,0,0,0,0,1,1,0,0
621,-1.0256295216377114,-0.37297474563061705,-0.8249095401392731,-0.9229765408350966,-0.6873451453572427,0.8337660970179579,1,0,1,0,0,0,1,0,0,0
622,0.8000827819370852,-0.9470917439782642,-0.7394095795190786,0.7716559234106314,-0.12229650331089113,1.0066115548678538,1,0,1,0,0,0,0,1,0,0
623,0.8415762433819669,-0.4877981453001465,-0.7052095952710001,0.7716559234106314,-0.4006040434232732,-0.22204892864345352,1,1,1,0,0,0,0,0,0,1
624,-0.8458245220432238,0.08631885304750067,0.2865899479232549,0.7716559234106314,-1.016254056399149,0.5984463772946059,1,0,1,0,0,0,0,0,1,0
625,1.4847248957776338,0.430789052056089,-0.6710096110229228,0.7716559234106314,0.12227678951514163,1.7417253695788562,1,1,0,0,0,0,1,1,0,0
626,0.9591410508091318,0.31596565238655955,1.3809894438617432,0.7716559234106314,1.8005555920110217,1.0586734397624007,1,0,1,0,0,0,0,1,0,0
627,0.5995310516201567,0.5456124517256185,-0.05540989455752294,0.7716559234106314,-0.24879993063470118,0.5776216233367871,1,0,1,0,0,0,1,0,1,0
628,1.249595280923304,0.31596565238655955,-0.773609563767156,0.7716559234106314,0.41745145327069844,0.15279664259728426,1,0,1,0,0,0,0,0,1,0
629,-0.9772204832853493,0.08631885304750067,3.4329884987464103,0.7716559234106314,-0.6283102126061313,0.9462197683901793,1,0,1,0,0,0,1,0,1,0
630,-0.9080647142105464,-0.37297474563061705,0.9363896486367321,0.7716559234106314,-0.8813170672537515,0.5484669677958408,1,0,1,0,0,0,1,0,1,0
631,-1.2400124057696003,-2.3249725400126176,-1.8338090754575673,0.7716559234106314,-1.1680581691877208,-0.22829635483079916,1,0,0,0,1,0,1,1,0,0
632,1.3879068190729098,-0.8322683443087349,0.7653897273963433,0.7716559234106314,0.29094802594688834,-0.3469974523903661,1,0,1,0,0,0,0,1,0,0
633,1.374075665257949,0.6604358513951478,0.14979001093094332,0.7716559234106314,0.6535911842751438,-0.8009770886708153,1,0,1,0,0,0,0,0,0,1
634,-1.9315700965176292,1.0049060504037362,-1.7996090912094895,0.7716559234106314,-1.0837225509718476,0.7900341137065385,1,0,1,1,0,0,0,0,0,1
635,-0.6314416379113348,0.2011422527170301,-0.12380986305367872,0.7716559234106314,-1.3282958437978802,-1.0779463163098049,1,1,1,0,0,0,0,0,0,1
636,0.7378425897697626,-0.6026215449696759,0.14979001093094332,0.7716559234106314,0.8644302298148272,-0.7405853021931408,1,0,1,0,0,0,0,0,0,0
637,0.41281047511818897,-1.1767385433173232,2.680588845288699,0.7716559234106314,2.1969329976256264,0.9149826374534511,0,1,0,0,0,0,0,0,0,0
638,-1.281505867214482,-0.1433279462915582,-0.03830990243348426,0.7716559234106314,0.29094802594688834,-0.299100518287383,1,1,1,1,0,0,1,0,0,1
639,-0.5000456766692093,-0.1433279462915582,-0.021209910309445586,-0.9229765408350966,-0.9572191236480374,-0.5448326149896444,1,0,1,1,0,0,1,0,0,1
640,-0.1473512543877145,0.2011422527170301,-0.3119097764181063,-0.9229765408350966,-0.3500026724937492,0.01743574187146229,1,1,0,0,0,1,1,0,0,1
641,-0.0021241393306284167,0.2011422527170301,-1.3816696011655196,-0.9229765408350966,-0.5861424034981947,-0.6489563847787383,0,0,0,0,0,1,1,0,0,0
642,-0.541539138114091,-0.028504546622028767,-1.987709004573917,-0.9229765408350966,-0.7801143253947034,-0.9175957108346003,0,0,0,0,0,0,0,0,0,1
643,-0.45163663831684725,0.430789052056089,-0.6197096346508058,-0.9229765408350966,-0.796981449037878,0.23401318303277746,1,1,0,0,0,1,1,0,0,0
644,-1.2607591364920412,1.234552849742795,0.14979001093094332,-0.9229765408350966,-0.9319184381832755,0.1757038719508849,1,0,1,1,0,0,1,0,0,0
645,-0.8319933682282632,0.6604358513951478,0.3549899164194107,-0.9229765408350966,-0.38373691978009855,0.07574505295335483,1,1,1,1,0,1,1,0,0,1
646,-0.6106949071888939,1.8086698480904422,-0.5000096897825339,-0.9229765408350966,0.5017870714865718,-0.5614924181558995,1,0,1,1,0,0,1,0,0,1
647,0.48196624419299183,-0.9470917439782642,-1.1669093826200503,0.7716559234106314,0.8138288588853032,-0.5365027134065169,1,0,1,0,0,0,0,0,1,0
648,-0.32024067707472176,0.430789052056089,0.49178985341172116,0.7716559234106314,0.47648638602180976,0.44642567340252887,1,0,0,0,0,1,1,1,0,0
649,-0.15426683129519478,1.1197294500732655,0.5841298108815315,-0.9229765408350966,-0.22349924516993916,0.917065112849233,1,1,0,0,0,0,1,1,0,0
650,3.497157775854398,-0.6026215449696759,1.6716893099704049,-0.9229765408350966,1.0921363989976853,0.6942402455005722,1,1,1,0,0,0,1,0,1,0
651,0.12927182191149708,0.6604358513951478,0.6917421422695305,0.7716559234106314,-0.08856225602454178,-0.6385440077998289,0,1,0,0,0,1,1,0,1,0
652,3.0338141230532187,0.08631885304750067,0.3675359423869592,0.7716559234106314,2.104163817588166,2.297746300252617,1,1,0,0,0,1,0,0,0,0
653,0.33673912913590576,-1.5212087423259115,0.21674236104622827,0.7716559234106314,0.08010898040720495,-0.7843172855045603,0,0,0,0,0,0,0,0,0,0
654,0.7516737435847232,1.1197294500732655,-0.4618287549870609,0.7716559234106314,-0.0042266378086684145,-0.7634925315467415,0,1,0,0,0,1,0,0,0,1
655,0.10160951428157593,-0.1433279462915582,2.543788908296388,-0.9229765408350966,-0.40903760524486055,-0.4178016158469499,1,0,1,0,0,0,0,0,1,0
656,0.3090768215059846,-0.8322683443087349,1.1592022444257966,0.7716559234106314,0.6535911842751438,1.760467648140893,1,1,1,0,0,0,1,1,0,0
657,-0.8319933682282632,1.0049060504037362,-0.2948097842940676,-0.9229765408350966,0.08010898040720495,-0.6156367784462282,1,0,1,0,0,0,1,0,1,0
658,-0.7420908684310193,-0.7174449446392054,0.4233898849155654,-0.9229765408350966,0.206612407731015,-0.9342555140008554,1,1,1,0,0,0,1,0,0,1
659,-0.8596556758581844,0.2011422527170301,0.49178985341172116,-0.9229765408350966,-1.1764917310093082,0.629683508231334,1,0,1,0,0,0,1,0,1,0
660,-0.5484547150215713,-0.25815134596108763,-0.5684096582786897,-0.9229765408350966,0.3668500823411744,-1.3819877240939589,1,1,1,0,0,0,1,1,0,0
661,1.5884585493898382,-0.37297474563061705,-0.43160972128637815,-0.9229765408350966,1.2270733881430826,0.9483022437859612,1,0,1,0,0,0,1,0,0,1
662,-1.329914905566844,-0.25815134596108763,0.11559002668286597,-0.9229765408350966,-0.7295129544651794,-0.7301729252142314,1,0,1,0,0,0,1,1,0,0
663,-0.9288114449329872,-1.1767385433173232,-0.8078095480152344,-0.9229765408350966,-1.6319040693750244,-1.4548743629463246,1,1,1,0,0,0,1,0,1,0
664,-0.5138768304841699,2.6124336457771484,-0.8762095165113897,-0.9229765408350966,-0.6367437744277187,-0.9092658092514728,1,1,1,0,0,0,1,0,0,1
665,-1.2745902903070017,-1.1767385433173232,-1.1498093904960116,0.7716559234106314,-1.2776944728683561,-0.18248189612359786,1,0,1,0,0,0,1,0,0,1
666,0.12235624500401679,1.9234932477599715,-0.5342096740306113,-0.9229765408350966,-0.26566705427787585,-1.0862762178929324,1,1,1,0,0,0,1,0,0,0
667,-0.6106949071888939,-1.0619151436477936,-1.2761140942270077,-0.9229765408350966,-0.40903760524486055,-0.9217606616261641,1,0,1,0,0,0,1,0,0,0
668,-0.45855221522432754,1.0049060504037362,2.214757313810913,-0.9229765408350966,0.9909336571386373,-0.7947296624834697,1,0,1,0,0,0,1,1,0,0
669,-0.2925783694448006,0.7752592510646773,-1.502304466238104,-0.9229765408350966,1.4463459955043534,0.16529149497197554,1,0,1,0,0,0,0,0,0,0
670,1.436315857425272,1.234552849742795,-0.2356383829759645,-0.9229765408350966,0.24878021683895168,1.9624677615317352,1,1,1,0,0,0,0,0,1,0
671,1.0974525889587377,-0.1433279462915582,1.6115829884479893,-0.9229765408350966,2.972820685211661,-0.7197605482353221,1,0,1,0,0,0,1,1,0,0
672,-0.4862145228542487,-1.0619151436477936,0.2921391517165937,-0.9229765408350966,-1.471666394764865,-0.22204892864345352,1,1,1,0,0,0,0,0,0,0
673,-0.3064095232597612,-0.37297474563061705,-1.1840093747440896,-0.9229765408350966,-1.0078204945775615,-0.6343790570082651,0,1,0,0,0,0,0,1,0,0
674,-0.029786446960549575,0.6604358513951478,-0.14516223417152574,-0.9229765408350966,-0.3921704816016859,0.07366257755757295,1,0,0,0,0,1,1,0,0,1
675,-0.3963120230570049,0.31596565238655955,-0.00944801096486813,-0.9229765408350966,-0.3415691106721619,-0.8030595640665971,1,1,1,0,0,0,1,0,1,0
676,0.06703162974417448,-0.37297474563061705,-1.3515108848973731,-0.9229765408350966,1.1764720172135588,0.19028119972135804,1,0,1,1,0,0,0,0,0,1
677,2.916249315626054,-0.6026215449696759,-0.329009768542145,-0.9229765408350966,2.1969329976256264,0.7837866875191929,0,0,0,0,0,0,1,1,0,0
678,-0.5968637533739333,-0.25815134596108763,0.9876896250088493,-0.9229765408350966,-0.5524081562118452,-0.8655338259400535,1,1,1,0,0,0,0,0,1,0
679,-0.7974154836908617,-1.0619151436477936,-1.0046856478136925,-0.9229765408350966,-1.496967080229627,-0.5260903364276075,1,1,1,1,0,0,1,0,0,0
680,1.2219329732933828,-0.7174449446392054,-0.8078095480152344,-0.9229765408350966,-0.721079392643592,-1.1445855289748248,1,1,1,0,0,0,0,0,0,1
681,2.148620278895742,-1.1767385433173232,2.714788829536777,-0.9229765408350966,0.8475631061716525,0.4734978535476933,1,1,1,0,0,0,0,0,1,0
682,-0.25800048490739913,1.8086698480904422,-1.1156094062479338,-0.9229765408350966,-0.5018067852823213,0.05283782359975419,1,0,1,0,0,0,0,0,0,0
683,1.083621435143777,-0.8322683443087349,-1.1156094062479338,-0.9229765408350966,0.3162487114116504,-0.21163655166454415,1,0,1,0,0,0,0,0,1,0
684,-0.4239743306869261,-0.25815134596108763,1.1415895541251995,-0.9229765408350966,-0.4849396616391466,0.11947703626477425,1,0,1,0,0,0,0,1,0,0
685,-0.5484547150215713,-0.25815134596108763,0.2865899479232549,-0.9229765408350966,-0.9825198091127995,-0.6676986633407751,1,1,1,1,0,0,0,0,0,1
686,-0.07819548531291161,0.5456124517256185,-0.20930982367387319,-0.9229765408350966,-0.9825198091127995,2.268591644711671,1,0,1,0,0,0,0,1,0,0
687,0.21917432170874085,-0.8322683443087349,1.0047896171328878,-0.9229765408350966,1.0752692753545108,0.6734154915427535,1,1,0,0,0,0,0,0,0,1
688,0.8692385510118881,1.234552849742795,-0.03830990243348426,-0.9229765408350966,2.137898064874515,-0.009636438273702107,1,0,1,1,0,0,0,0,1,0
689,0.5649531670827553,1.5790230487513832,-0.6710096110229228,-0.9229765408350966,1.4969473664338775,-0.332420124619893,1,0,1,0,0,0,0,0,0,0
690,-0.43780548450188667,0.8900826507342067,0.3976946586551058,0.7716559234106314,0.01264048583450626,-0.48235835311618813,1,0,1,0,0,0,1,0,1,0
691,-1.571960097328654,-0.1433279462915582,0.6314247097332383,-0.9229765408350966,-0.8307156963242274,0.32564210044718006,1,0,1,1,0,1,1,0,0,1
692,-0.7904999067833814,0.08631885304750067,-0.07730512256819748,-2.6176090050808245,-0.619876650784544,0.5213947876506765,1,0,1,0,0,0,1,0,0,1
693,1.512387203407555,0.430789052056089,-0.2507177411100378,-0.9229765408350966,1.0415350280681612,-0.19289427310250726,1,0,1,1,0,1,1,0,1,0
694,0.04628489902173361,0.8900826507342067,0.5032501655936168,0.7716559234106314,0.6282904988103818,0.0882399053280461,1,0,1,0,0,0,1,0,0,1
695,1.8996595102264513,0.430789052056089,-0.4241303596518782,-0.9229765408350966,1.1764720172135588,-0.28452319051690983,1,0,1,0,0,0,1,0,0,1
696,0.509628551822913,-1.7508555416649703,-0.6880191269981573,0.7716559234106314,1.2945418827157815,2.8183651491980863,1,0,0,0,1,0,1,1,0,0
697,-0.7351752915235391,-0.9470917439782642,1.0159483421521016,0.7716559234106314,-0.9825198091127995,-1.5798228866932371,1,0,0,1,1,0,1,1,0,0
698,0.12927182191149708,0.5456124517256185,0.05840910063846121,-0.9229765408350966,0.257213778660539,0.7192299502499547,1,0,1,1,0,0,1,0,0,0
699,2.3630031630276305,1.6938464484209128,-0.5221461875233531,-0.9229765408350966,3.284862472610393,0.9191475882450149,1,0,1,0,0,0,1,0,0,0
700,-1.2607591364920412,-0.1433279462915582,-1.4118283174336659,0.7716559234106314,-1.2523937874035942,0.7275598518330822,1,0,1,1,0,0,1,1,0,0
701,-1.9938102886849518,0.430789052056089,0.5032501655936168,-0.9229765408350966,2.2981357394846746,-0.7926471870876878,1,0,1,1,0,0,1,1,0,0
702,0.5856998978051962,-0.9470917439782642,-1.4495267127688485,0.7716559234106314,-0.29096773974263784,-0.5094305332613525,1,0,1,0,0,0,1,0,1,0
703,0.7309270128622822,-0.37297474563061705,0.3298375470517764,0.7716559234106314,0.3752836441627617,-0.9592452187502378,1,0,1,0,0,0,1,0,1,0
704,-0.7351752915235391,-0.028504546622028767,0.17904396571104553,-0.9229765408350966,-0.594575965319782,1.491828322085031,1,0,1,1,0,0,1,1,0,0
705,0.23300547552370143,-0.1433279462915582,-0.5221461875233531,0.7716559234106314,-0.4933732234607339,0.23193070763699558,1,0,1,0,0,0,1,0,0,1
706,-0.7835843298759011,1.5790230487513832,0.6766627841354571,0.7716559234106314,-1.3114287201547057,-1.3236784130120662,1,0,1,0,0,0,1,0,1,0
707,0.2537522062461423,0.6604358513951478,0.7822182910739692,0.7716559234106314,1.4463459955043534,1.4480963387736117,1,0,1,0,0,0,1,1,0,0
708,0.5718687439902356,0.08631885304750067,0.14979001093094332,0.7716559234106314,-0.7126458308220047,-0.8030595640665971,1,1,1,0,0,0,1,0,0,1
709,1.678361049187082,0.8900826507342067,0.4429327330573246,0.7716559234106314,0.9065980389227639,-0.11584268345857782,1,0,1,0,0,0,0,0,0,1
710,-1.1708566366947974,1.1197294500732655,-0.6578604107300107,-0.9229765408350966,-1.5138342038728017,-1.5610806081312003,0,0,0,0,0,1,1,0,1,0
711,-0.8112466375058223,3.1865506441247953,1.27838949111751,-0.9229765408350966,-1.1596246073661336,0.6817453931258809,1,0,1,0,0,0,1,0,0,0
712,-0.659103945541256,0.8900826507342067,-0.3803097449142621,0.7716559234106314,-0.6536108980708933,-0.5198429102402619,1,0,1,0,0,0,0,1,0,0
713,-0.6936818300786574,0.31596565238655955,0.23182171918030156,0.7716559234106314,-1.471666394764865,-0.3220077476409836,1,0,0,0,0,0,1,0,1,0
714,-1.0048827909152704,0.8900826507342067,1.4306306908391118,0.7716559234106314,-0.594575965319782,1.4980757482723766,1,0,1,0,0,0,0,0,0,0
715,0.5234597056378736,-0.1433279462915582,-0.00944801096486813,0.7716559234106314,-0.543974594390258,-0.5781522213221545,1,0,1,1,0,0,1,1,0,0
716,1.6645298953721213,-0.7174449446392054,2.3203128207494252,0.7716559234106314,1.0668357135329234,-0.19497674849828914,1,0,1,0,0,0,1,0,1,0
717,0.01862259139181245,-0.028504546622028767,-0.00944801096486813,-0.9229765408350966,0.5945562515240325,0.19236367511713992,1,0,1,0,0,0,0,0,0,1
718,-0.05744875459047073,-0.4877981453001465,1.0159483421521016,0.7716559234106314,-0.06326157055977977,-0.8447090719822347,1,0,1,0,0,0,0,0,0,1
719,0.23992105243118172,1.1197294500732655,0.06594877970549733,-0.9229765408350966,-0.08856225602454178,0.6046938034819516,1,0,1,1,0,1,1,0,0,1
720,0.44047278274811014,0.08631885304750067,1.0159483421521016,0.7716559234106314,0.1644445986230783,0.1861162489297943,1,0,1,0,0,0,0,0,0,0
721,-1.6687781740333782,0.31596565238655955,0.337889924295372,-0.9229765408350966,-1.6825054403045483,-0.6156367784462282,1,0,1,0,0,0,1,1,0,0
722,0.32982355222842547,1.1197294500732655,-1.2157966616907154,-0.9229765408350966,1.0499685898897486,0.5692917217536596,1,0,1,0,0,1,1,0,0,1
723,1.346413357628028,-0.6026215449696759,0.4575898691636438,0.7716559234106314,-2.955973275364236,0.023683168058807918,1,0,1,0,0,1,0,1,0,0
724,-0.07127990840543132,-0.1433279462915582,0.2921391517165937,-0.9229765408350966,0.44275213873546043,-0.15957466676999724,1,0,1,0,0,0,1,0,0,0
725,-0.5968637533739333,0.31596565238655955,0.8953134770795174,-0.9229765408350966,-0.8054150108594654,0.3381369528218713,1,0,1,0,0,0,1,0,0,1
726,-1.1916033674172382,-0.7174449446392054,-0.2948097842940676,-0.9229765408350966,-0.2572334924562885,0.7754567859360654,1,0,1,1,0,0,1,0,0,0
727,0.004791437576851873,-0.7174449446392054,-0.45428907592002477,-0.9229765408350966,0.07167541858561761,-0.7801523347129965,1,0,1,0,0,0,0,0,1,0
728,1.581542972482358,-0.028504546622028767,0.8679896801405774,0.7716559234106314,1.4294788718611788,0.5547143939831864,1,0,1,0,0,0,1,1,0,0
729,-0.2165070234625174,-0.1433279462915582,1.1969006397609792,0.7716559234106314,0.38371720598434905,0.11947703626477425,1,0,1,0,0,0,1,0,1,0
730,-0.6867662531711771,-0.9470917439782642,0.05840910063846121,0.7716559234106314,-0.8307156963242274,0.2215183306580862,1,0,1,0,0,0,0,0,1,0
731,-0.12660452366527364,-0.4877981453001465,0.6969897589001885,-0.9229765408350966,-0.6367437744277187,-1.125843250412788,1,0,1,0,0,0,0,1,0,0
732,1.6506987415571608,0.8900826507342067,0.05840910063846121,0.7716559234106314,1.4210453100395914,2.9683033776943817,1,0,1,0,0,1,1,1,0,0
733,1.4847248957776338,1.4641996490818538,-0.8388127083388882,-0.9229765408350966,0.7463603643126046,-1.0196370052279122,1,0,1,0,0,0,0,1,0,0
734,-0.493130099761729,-0.7174449446392054,-0.36320975279022233,-0.9229765408350966,-0.9572191236480374,-1.025884431415258,1,0,1,0,0,0,1,0,0,0
735,-0.43780548450188667,1.234552849742795,0.05840910063846121,0.7716559234106314,-0.10542937966771646,0.1777863473466668,1,0,1,0,0,1,0,0,0,1
736,-0.3409874077971626,-0.6026215449696759,-0.24350980792195054,-0.9229765408350966,-0.12229650331089113,-0.05753337237668527,1,0,1,0,0,0,0,0,0,0
737,0.7931672050296049,-0.028504546622028767,0.5409485609287995,0.7716559234106314,-0.2319328069915265,-0.2636984365590911,1,0,1,0,0,1,1,0,1,0
738,0.3713170136733072,-0.4877981453001465,1.294916467632454,0.7716559234106314,-0.4849396616391466,1.3981169292748465,1,0,1,0,0,1,0,0,1,0
739,0.3782325905807875,2.038316647429501,1.392932295503929,0.7716559234106314,0.1138432276935543,0.4714153781519114,1,0,1,0,0,0,0,1,0,0
740,0.32982355222842547,-0.1433279462915582,-0.5598445828585358,-0.9229765408350966,-1.0078204945775615,-0.636461532404047,1,0,0,0,0,1,1,1,0,0
741,-0.10585779294283276,1.5790230487513832,-0.8689714246070342,-0.9229765408350966,-0.24879993063470118,-0.8592863997527078,1,0,1,1,0,1,1,0,0,1
742,0.8415762433819669,-0.9470917439782642,0.23182171918030156,-0.9229765408350966,0.8306959825284779,1.6271892228108529,1,0,1,1,0,0,0,0,0,0
743,0.48196624419299183,1.6938464484209128,0.616345351599165,-2.6176090050808245,0.3415493968764124,-0.2678633873506548,1,0,1,1,0,0,0,0,0,1
744,-0.8804024065806252,0.08631885304750067,-0.6126223363277918,-2.6176090050808245,-0.9403520000048627,0.6109412296692971,1,1,1,0,0,1,1,0,0,1
745,-2.0076414424999123,-0.25815134596108763,-0.3487335689815127,0.7716559234106314,-1.4294985856569282,0.35271428059234444,1,0,1,0,0,0,1,0,0,0
746,2.11404239435834,2.26796344676856,-1.081409421999856,0.7716559234106314,0.09697610405037962,-0.5156779594486981,1,0,1,0,0,0,0,0,1,0
747,1.4017379728878703,-1.1767385433173232,0.6456897825280714,0.7716559234106314,-0.0042266378086684145,0.1694564457635393,1,0,1,0,0,0,0,1,0,0
748,-0.4170587537794458,0.430789052056089,1.4607894071072585,-0.9229765408350966,-1.699372563947723,-0.8801111537105265,1,0,1,1,0,1,1,0,1,0
749,-1.2538435595845607,1.234552849742795,-0.5598445828585358,-2.6176090050808245,-0.8054150108594654,-0.8509564981695803,1,0,1,1,0,0,1,1,0,0
750,0.06703162974417448,0.31596565238655955,-1.1780982663555328,0.7716559234106314,0.7547939261341918,-0.2616159611633092,1,1,1,0,0,0,0,1,0,0
751,0.10852509118905622,1.0049060504037362,-0.19793998764078177,-2.6176090050808245,0.5945562515240325,2.331065906585127,1,0,1,1,0,1,1,0,1,0
752,-1.6065379818660557,1.6938464484209128,0.5711072771969461,-0.9229765408350966,-1.3788972147274043,-0.36573973095240303,1,0,1,0,0,0,1,0,0,0
753,-0.541539138114091,0.430789052056089,-0.1150035179033802,0.7716559234106314,-1.3788972147274043,-0.18248189612359786,1,0,1,0,0,0,1,0,1,0
754,-0.9426425987479478,1.0049060504037362,0.09610749597364394,-0.9229765408350966,-0.046394446916605096,0.3547967559881263,1,0,1,0,0,0,1,0,0,0
755,-0.4101431768719655,-0.9470917439782642,0.4353930539902885,0.7716559234106314,0.33311583505482506,1.1981992912797863,1,1,1,0,0,1,1,0,0,1
756,-0.5069612535766895,-0.1433279462915582,0.4353930539902885,-0.9229765408350966,-1.0331211800423235,1.3647973229423365,1,0,1,0,0,0,1,0,0,1
757,0.5718687439902356,-0.9470917439782642,-0.8689714246070342,-0.9229765408350966,-0.4006040434232732,-0.4490387467836781,1,0,1,0,0,0,1,0,0,1
758,0.47505066728551154,-0.6026215449696759,-0.8011143130037055,-0.9229765408350966,-0.4680725379959719,0.16320901957619366,1,0,1,0,0,0,1,1,0,0
759,2.3630031630276305,1.6938464484209128,0.17904396571104553,-0.9229765408350966,0.7716610497773666,-0.07627565093872216,1,0,1,0,0,0,0,1,0,0
760,0.7862516281221246,-1.7508555416649703,-0.30349549457929387,0.7716559234106314,0.021074047656093595,-0.2657809119548729,1,0,0,0,0,0,0,1,0,0
761,-0.20959144655503711,0.31596565238655955,0.19412332384511882,-0.9229765408350966,0.046374733120855605,-1.0154720544363485,0,1,0,0,0,1,1,0,0,0
762,0.8208295126595261,1.4641996490818538,-0.3487335689815127,-0.9229765408350966,1.4800802427907027,0.3381369528218713,1,0,1,0,0,0,0,1,0,0
763,0.6064466285276371,3.4161974434638545,-1.1027014756851674,-0.9229765408350966,0.5355213187729211,2.143643120964758,1,0,1,0,0,0,0,0,0,0
764,0.8069983588445655,-0.1433279462915582,-0.3864319643166954,-2.6176090050808245,0.45118570055704776,3.3743860798718477,0,1,0,1,0,1,0,0,0,1
765,0.7862516281221246,1.0049060504037362,0.5711072771969461,-0.9229765408350966,-0.3415691106721619,0.1694564457635393,1,0,1,1,0,0,0,1,0,0
766,-0.18192913892511595,0.8900826507342067,-0.43160972128637815,-0.9229765408350966,0.8981644771011766,-0.8967709568767815,0,0,0,0,0,1,0,0,0,0
767,0.8692385510118881,-0.7174449446392054,0.1639646075769722,0.7716559234106314,0.054808294942442944,0.027848118850371674,1,0,1,0,0,0,0,0,0,1
768,-0.852740098950704,-0.25815134596108763,0.5711072771969461,-0.9229765408350966,0.4090178914491111,-0.5489975657812082,1,0,1,0,0,0,0,0,1,0
769,0.6410245130650385,-0.25815134596108763,0.22428204011326436,-0.9229765408350966,0.5861226897024452,0.9795393747226893,1,0,1,0,0,0,0,0,0,1
770,-0.7490064453384997,-0.7174449446392054,-0.3864319643166954,0.7716559234106314,-0.771680763573116,-0.024213766044175244,1,0,1,0,0,1,0,0,0,0
771,1.6991077799095229,0.2011422527170301,1.189360960693943,-0.9229765408350966,2.433072728630072,-0.015883864461047736,1,0,1,0,0,0,0,1,0,0
772,1.415569126702831,-0.4877981453001465,0.6012659934650917,0.7716559234106314,0.8306959825284779,2.0936637114659935,1,1,1,0,0,0,1,0,1,0
773,-1.5650445204211738,0.2011422527170301,0.20920268197919215,-2.6176090050808245,-1.0837225509718476,0.2215183306580862,1,0,1,1,0,0,1,0,0,0
774,1.1389460504036193,-1.406385342656382,-0.9896062896796192,-0.9229765408350966,0.5945562515240325,0.5338896400253677,1,0,0,0,0,0,1,0,0,0
775,0.5511220132677948,-0.028504546622028767,-0.06222576443412417,-0.9229765408350966,0.7379268024910172,-0.5635748935516813,1,0,1,0,0,0,1,0,0,1
776,-0.6660195224487362,0.7752592510646773,1.5135671605765144,-0.9229765408350966,-0.8054150108594654,-1.111265922642315,1,0,1,0,0,0,1,0,0,1
777,-1.9592324041475504,1.234552849742795,0.8274563654761881,-0.9229765408350966,-0.33313554885057456,1.8333542869932586,1,0,1,0,0,1,1,0,0,0
778,-1.8001741352755036,0.7752592510646773,-0.03960672723301474,-0.9229765408350966,-1.370463652905817,0.07991000374491859,1,0,1,1,0,0,1,0,0,0
779,-0.2994939463522809,0.31596565238655955,1.1516625653587604,0.7716559234106314,-0.3415691106721619,-0.35116240318192987,1,0,1,1,0,0,1,0,0,0
780,-0.6936818300786574,0.2011422527170301,-0.07730512256819748,-0.9229765408350966,-1.100589674615022,-0.5552449919685538,1,0,1,0,0,0,1,0,1,0
781,0.34365470604338605,-0.6026215449696759,-0.12380986305367872,0.7716559234106314,-0.8391492581458148,-1.4173898058222507,1,0,1,0,0,0,1,0,0,1
782,2.3630031630276305,-0.028504546622028767,-0.6880191269981573,-0.9229765408350966,0.30781514959006306,0.18195129813823055,1,0,1,0,0,0,1,0,0,1
783,-1.9661479810550306,1.1197294500732655,-0.9896062896796192,-2.6176090050808245,-1.2439602255820068,0.4797452797350389,1,0,1,0,0,0,1,0,0,0
784,-0.8319933682282632,-0.37297474563061705,1.136583207224687,-4.312241469326553,-0.8644499436105767,-0.7509976791720502,1,0,1,0,0,0,1,0,0,0
785,0.3713170136733072,0.7752592510646773,0.254440756381411,-0.9229765408350966,-0.29096773974263784,-0.43446141901320495,1,0,1,0,0,0,1,0,0,0
786,1.823588164244168,0.8900826507342067,1.0084086630850655,-0.9229765408350966,2.593310403240231,0.08199247914070047,1,1,1,1,0,0,1,1,0,0
787,-0.4101431768719655,2.727257045446678,0.8199166864091519,-2.6176090050808245,-0.35843623431533655,-0.7489152037762683,1,0,1,0,0,0,1,0,0,0
788,-0.8458245220432238,0.2011422527170301,1.3853926164368928,-0.9229765408350966,-0.9319184381832755,-0.19289427310250726,1,1,1,0,0,0,1,0,0,0
789,-1.087869713805034,1.5790230487513832,1.800074965123903,0.7716559234106314,-0.45120541435279726,1.8250243854101313,1,0,0,1,0,0,1,0,0,1
790,0.14310297572645767,0.5456124517256185,0.24690107731437486,-0.9229765408350966,1.3198425681805435,1.0649208659497462,1,0,1,1,0,0,1,1,0,0
791,-0.4170587537794458,1.4641996490818538,-0.3487335689815127,0.7716559234106314,-0.9993869327559741,-0.7988946132750334,1,0,1,0,0,0,1,0,0,1
792,-0.2856627925373203,1.1197294500732655,0.07348845877253345,-0.9229765408350966,-0.2994013015642252,0.7192299502499547,1,0,1,0,0,0,1,0,0,1
793,-0.5346235612066107,0.31596565238655955,-0.3864319643166954,-0.9229765408350966,0.9487658480307006,-0.6260491554251376,1,0,0,0,1,0,1,0,0,0
794,-1.4405641360865287,1.1197294500732655,0.7822182910739692,-0.9229765408350966,-1.1764917310093082,-0.14291486360374223,1,0,1,0,0,0,1,1,0,0
795,-0.7420908684310193,0.6604358513951478,-0.16024159230559906,0.7716559234106314,-0.8307156963242274,-0.6447914339871745,1,0,1,0,0,0,1,1,0,0
796,-0.07127990840543132,-0.4877981453001465,0.22428204011326436,-0.9229765408350966,-0.7885478872162908,-1.7693281477093878,1,0,0,0,1,1,1,1,0,0
797,0.5926154747126765,-0.25815134596108763,1.1139641700235776,-0.9229765408350966,2.8463172578878515,0.5588793447747502,1,0,0,0,0,0,1,1,0,0
798,-1.350661636289285,-0.8322683443087349,-0.6578604107300107,-0.9229765408350966,-0.9487855618264501,1.0045290794720718,1,0,1,0,0,0,1,0,0,1
799,-1.5097199051613315,1.3493762494123245,-0.5070668293892797,-0.9229765408350966,-1.016254056399149,-1.1175133488296605,1,0,1,0,0,0,1,0,0,1
800,-1.5512133666062133,0.31596565238655955,-1.1780982663555328,-2.6176090050808245,-0.8222821345026401,-1.059204037747768,1,0,1,1,0,0,1,0,1,0
801,0.3782325905807875,2.6124336457771484,1.1969006397609792,-0.9229765408350966,0.14757747497990364,-0.5240078610318256,1,0,1,0,0,0,0,0,1,0
802,0.7862516281221246,0.31596565238655955,0.45801209119139796,-0.9229765408350966,1.0752692753545108,-0.6781110403196845,1,0,1,0,0,0,0,0,0,1
803,-0.46546779213180783,2.038316647429501,1.7623765697887201,-2.6176090050808245,-0.8054150108594654,-0.7739049085256509,1,1,1,0,0,1,1,0,0,0
804,-0.009039716238108706,-0.6026215449696759,-0.8086539920707416,-0.9229765408350966,-0.19819855970517716,-0.35116240318192987,1,1,0,0,0,0,0,0,1,0
805,0.8692385510118881,-0.9470917439782642,-1.3892092802325557,-0.9229765408350966,0.9571994098522879,0.45683805038143827,1,0,1,0,0,0,0,1,0,0
806,-0.9564737525629083,0.7752592510646773,0.07348845877253345,-0.9229765408350966,-0.4849396616391466,0.3839514115290726,1,0,1,0,0,0,1,1,0,0
807,-0.4239743306869261,0.430789052056089,-0.8011143130037055,-2.6176090050808245,-0.4596389761743846,1.375209699921246,1,0,1,0,0,1,1,0,1,0
808,-0.9357270218404675,0.31596565238655955,0.11872653317475337,-0.9229765408350966,-1.4041979001921663,-1.2882763312837744,1,1,1,0,0,0,1,0,0,0
809,0.5511220132677948,-0.7174449446392054,0.35999626331992307,-0.9229765408350966,-0.721079392643592,0.15487911799306614,1,0,1,0,0,0,0,0,0,1
810,0.7170958590473216,-0.9470917439782642,0.8953134770795174,-0.9229765408350966,-0.2825341779210505,-0.17415199454047037,1,0,1,1,0,0,1,1,0,0
811,1.6852766260945622,-0.9470917439782642,-0.2356383829759645,0.7716559234106314,1.4547795573259408,-0.04712099539777589,0,0,1,0,0,0,1,1,0,0
812,-0.9703049063778689,-0.7174449446392054,-0.03206704816597755,-2.6176090050808245,-0.09699581784612912,0.025765643454589798,1,0,1,0,0,0,1,0,0,1
813,-0.19576029274007653,-1.1767385433173232,0.3976946586551058,-0.9229765408350966,1.4800802427907027,0.6609206391680622,1,0,1,0,0,1,1,0,1,0
814,0.5442064363603144,0.2011422527170301,0.6615834260013849,-0.9229765408350966,1.5475487373634016,-0.4656985499499331,1,0,1,0,0,0,1,0,0,0
815,0.6064466285276371,-0.4877981453001465,-0.4316700387189143,-0.9229765408350966,0.8306959825284779,0.140301790222593,1,0,1,0,0,0,1,1,0,0
816,-0.8665712527656646,0.31596565238655955,-0.0019083318978320124,-0.9229765408350966,-0.9403520000048627,-0.7634925315467415,1,0,1,0,0,0,1,0,1,0
817,-1.212350098139679,0.7752592510646773,-0.03960672723301474,-0.9229765408350966,-0.4849396616391466,-0.501100631678225,1,1,1,1,0,0,1,0,0,0
818,-1.2400124057696003,-0.028504546622028767,1.4532497280402223,-0.9229765408350966,-1.2523937874035942,-0.8363791703991071,1,0,1,0,0,0,1,0,1,0
819,0.4058948982107087,-0.9470917439782642,0.254440756381411,-0.9229765408350966,0.7210596788478425,-0.35324487857771175,1,0,1,0,0,1,1,0,0,0
820,0.3090768215059846,0.7752592510646773,0.7746786120069331,-0.9229765408350966,1.4463459955043534,1.5147355514386316,1,0,1,0,0,0,1,0,1,0
821,0.004791437576851873,-0.8322683443087349,-0.5296858665903902,-0.9229765408350966,-0.6873451453572427,-0.9342555140008554,1,0,1,1,0,0,1,0,1,0
822,-1.8209208659979446,-0.4877981453001465,0.6917421422695305,-0.9229765408350966,-1.016254056399149,-0.5427501395938625,1,0,1,0,0,0,1,0,0,0
823,2.4114122013799926,-0.4877981453001465,0.2845994726495576,-0.9229765408350966,0.26564734048212635,-0.5760697459263726,1,0,1,0,0,0,0,0,0,1
824,-1.1086164445274747,-0.4877981453001465,-0.22055902484189122,-0.9229765408350966,-1.345162967441055,0.019518217267244165,1,0,1,0,0,0,1,0,1,0
825,0.8692385510118881,-1.0619151436477936,-1.3288918476962637,-0.9229765408350966,1.6909192883303863,1.9312306305950069,1,1,1,0,0,0,0,1,0,0
826,1.346413357628028,-0.7174449446392054,3.360788532000468,-0.9229765408350966,2.0957302557665782,0.394363788507982,1,0,1,0,0,0,1,0,0,1
827,-0.589948176466453,-1.0619151436477936,0.3222978679847403,-0.9229765408350966,0.046374733120855605,-0.017966339856829616,1,0,1,0,0,0,1,0,0,0
828,-0.9979672140077901,0.8900826507342067,-0.19793998764078177,-2.6176090050808245,-1.471666394764865,-0.42613151743007743,1,0,1,1,0,0,1,0,1,0
829,-0.09894221603535247,-0.25815134596108763,-0.5824636200596452,-0.9229765408350966,0.8138288588853032,0.1944461505129218,0,1,0,0,0,0,1,0,0,0
830,-0.2856627925373203,1.4641996490818538,0.17904396571104553,-0.9229765408350966,-1.0078204945775615,-1.3757402979066131,1,0,1,0,0,0,1,1,0,0
831,-0.22342260036999767,-0.4877981453001465,-0.19040030857374565,-0.9229765408350966,0.18974528408784033,-0.022131290648393368,1,1,0,0,0,0,0,0,0,0
832,1.0144656660689741,-0.25815134596108763,-0.5598445828585358,-0.9229765408350966,0.8391295443500653,-0.5323377626149531,1,0,1,0,0,0,1,1,0,0
833,-0.33407183088968234,-0.4877981453001465,-0.8388127083388882,-0.9229765408350966,-0.42590472888803527,-0.8655338259400535,1,0,1,0,0,0,1,0,0,1
834,-0.3893964461495246,-1.0619151436477936,-0.2884161364452206,-0.9229765408350966,-0.619876650784544,-0.5885645983010638,1,0,1,1,0,0,0,0,0,0
835,-0.541539138114091,0.6604358513951478,0.028250384370314602,-0.9229765408350966,0.09697610405037962,0.35271428059234444,1,0,1,0,0,0,1,0,1,0
836,-0.7904999067833814,-0.7174449446392054,-0.2582574201770739,-0.9229765408350966,0.021074047656093595,-0.686440941902812,1,0,0,0,1,0,1,1,0,0
837,-1.1362787521573958,-0.37297474563061705,-0.12254319697041632,-0.9229765408350966,-1.370463652905817,-0.44279132059633247,1,0,1,0,0,0,1,0,0,1
838,-0.5622858688365319,-0.9470917439782642,-0.5447652247244624,-2.6176090050808245,-0.7885478872162908,-0.3240902230367655,1,1,1,1,0,0,1,0,0,1
839,-0.4308899075944064,0.430789052056089,0.8199166864091519,0.7716559234106314,-1.092156112793435,0.12155951166055612,1,0,0,1,0,1,0,1,0,0
840,-1.2745902903070017,-0.028504546622028767,0.07348845877253345,-0.9229765408350966,-1.0331211800423235,-0.2407912072054904,1,0,1,1,0,0,1,0,0,1
841,-0.029786446960549575,-0.028504546622028767,0.6314247097332383,-0.9229765408350966,0.5355213187729211,-0.5135954840529162,0,0,0,1,0,0,1,0,0,0
842,2.9854050847008566,-0.7174449446392054,0.043329742504387904,-0.9229765408350966,1.4632131191475282,0.5567968693789683,1,0,1,0,0,0,0,1,0,0
843,-0.4239743306869261,-0.1433279462915582,-0.016987690031904246,0.7716559234106314,-0.8560163817889894,-0.7322554006100133,1,1,0,0,0,0,0,1,0,0
844,-0.6867662531711771,0.08631885304750067,-0.43920971778595147,-2.6176090050808245,-0.7042122690004173,-0.30743041987051045,1,0,1,0,0,1,1,0,0,0
845,0.2675833600611029,0.6604358513951478,0.06594877970549733,-0.9229765408350966,0.1391439131583163,0.4089411162784551,1,0,1,0,0,0,1,0,0,1
846,0.09469393737409564,0.08631885304750067,-0.5749239409926091,-0.9229765408350966,-0.26566705427787585,-0.2428736826012723,1,0,0,0,0,0,1,0,1,0
847,0.7309270128622822,0.08631885304750067,-0.30349549457929387,-0.9229765408350966,-0.7042122690004173,-0.30534794447472857,1,0,1,0,0,0,1,1,0,0
848,0.3644014367658269,0.31596565238655955,-0.3713526061826221,0.7716559234106314,1.058402151711336,-1.0633689885393316,1,0,1,0,0,0,0,0,1,0
849,-0.5968637533739333,0.31596565238655955,-0.13762255510448962,-0.9229765408350966,-0.6536108980708933,2.3102411526273086,1,1,0,0,0,0,1,1,0,0
850,-0.5138768304841699,-0.37297474563061705,0.8048373282750786,-2.6176090050808245,-0.6789115835356554,-0.5135954840529162,1,0,1,0,0,0,1,0,0,1
851,-0.7213441377085785,0.2011422527170301,-2.2261136566736126,-0.9229765408350966,-0.08856225602454178,-0.40114181268069493,0,0,0,1,0,0,1,0,0,1
852,1.7060233568170031,-0.8322683443087349,0.028250384370314602,-0.9229765408350966,0.9909336571386373,0.45683805038143827,1,0,1,1,0,0,0,0,1,0
853,-0.8389089451357434,-0.37297474563061705,1.0838054537554311,-0.9229765408350966,-0.5777088416766073,3.497252128222978,1,0,1,0,0,0,1,1,0,0
854,-2.0076414424999123,-0.6026215449696759,-0.5221461875233531,-2.6176090050808245,-1.0331211800423235,-1.0196370052279122,1,0,1,1,0,0,1,0,1,0
855,0.3920637443957481,0.430789052056089,-0.7483365595344494,0.7716559234106314,0.5270877569513338,-0.9675751203333653,1,0,1,1,0,0,1,0,0,1
856,-0.7213441377085785,0.430789052056089,-0.514606508456317,-0.9229765408350966,-1.3198622819762929,-0.5031831070740069,1,0,1,1,0,0,1,0,0,1
857,1.228848550200863,-0.25815134596108763,0.2770597935825204,0.7716559234106314,-0.3668697961369239,0.023683168058807918,1,0,1,0,0,0,0,0,0,0
858,-0.38248086924204433,-0.4877981453001465,0.9179325142806268,0.7716559234106314,0.01264048583450626,-0.12209010964592344,1,0,1,0,0,0,0,0,1,0
859,-0.9426425987479478,-0.4877981453001465,-1.1328601919533134,0.7716559234106314,-1.6656383166613737,-1.1841525614946806,0,0,0,0,0,1,1,1,0,0
860,-0.7628375991534603,1.0049060504037362,2.0338050162020354,-2.6176090050808245,-1.0584218655070854,-0.5365027134065169,1,1,1,0,0,0,0,0,1,0
861,-0.9288114449329872,-1.0619151436477936,1.0838054537554311,-0.9229765408350966,-1.1511910455445462,0.05700277439131795,1,0,1,0,0,0,0,0,1,0
862,2.1970293172481035,-0.9470917439782642,0.22428204011326436,-2.6176090050808245,0.5017870714865718,-1.242461872576573,1,0,0,0,0,0,0,1,0,0
863,0.6064466285276371,-0.028504546622028767,0.9103928352135907,0.7716559234106314,1.5053809282554649,-0.6052244014673188,1,0,1,0,0,0,0,0,0,0
864,0.7793360512146443,0.430789052056089,0.4957104865265807,-0.9229765408350966,0.7969617352421285,0.6046938034819516,1,0,1,0,0,1,0,1,0,0
865,0.2744989369685832,-0.9470917439782642,0.45801209119139796,-0.9229765408350966,0.037941171299268266,0.08199247914070047,1,0,1,1,0,0,0,0,0,1
866,0.42664162893314955,-0.028504546622028767,0.7972976492080425,0.7716559234106314,-0.0042266378086684145,0.5588793447747502,1,0,1,0,0,0,0,0,1,0
867,-0.4792989459467684,-1.2915619429868526,1.17428160255987,-0.9229765408350966,0.07167541858561761,-1.0508741361646405,1,0,1,0,0,0,0,0,0,0
868,-0.27874721562984,-0.4877981453001465,0.31475818891770313,0.7716559234106314,-0.6283102126061313,-1.2820289050964289,1,1,1,0,0,0,0,0,0,1
869,0.23300547552370143,-0.6026215449696759,-0.9368285362103631,0.7716559234106314,0.19817884590942766,1.6979933862674368,1,0,1,0,0,0,0,0,1,0
870,-0.4308899075944064,0.5456124517256185,-0.22055902484189122,0.7716559234106314,-0.5861424034981947,-0.09501792950075905,1,0,1,1,0,0,0,0,1,0
871,-1.426732982271568,-0.6026215449696759,0.3298375470517764,0.7716559234106314,-0.021093761451843086,0.15279664259728426,1,1,1,1,0,0,0,0,0,1
872,1.3049198961831463,-1.1767385433173232,-1.2082569826236789,0.7716559234106314,0.23191309319577702,1.3356426674013901,1,0,1,0,0,0,0,0,1,0
873,0.20534316789378027,1.5790230487513832,1.4683290861742946,0.7716559234106314,2.3318699867710238,0.6567556883764984,1,0,1,0,0,1,0,0,0,1
874,0.4543039365630707,-0.6026215449696759,-0.041729900858292215,0.7716559234106314,0.9993672189602246,0.9233125390365786,1,0,1,0,0,0,1,0,1,0
875,1.7890102797067666,0.08631885304750067,-0.43844971813599404,0.7716559234106314,-0.3500026724937492,-0.24912110878861793,0,1,0,0,0,0,1,0,0,0
876,0.44738835965559043,-0.4877981453001465,0.2865899479232549,-0.9229765408350966,1.4800802427907027,0.8046114414770117,1,0,1,0,0,0,1,0,0,0
877,0.9729722046240924,-0.37297474563061705,1.0629295903546199,0.7716559234106314,0.7969617352421285,0.7692093597487197,1,0,1,0,0,0,1,0,0,1
878,-0.9357270218404675,1.0049060504037362,0.8474696895917307,0.7716559234106314,0.9571994098522879,0.5068174598802033,1,0,0,0,0,0,1,0,0,1
879,-0.9080647142105464,1.4641996490818538,0.19412332384511882,0.7716559234106314,-0.6789115835356554,0.4859927059223845,1,0,1,0,0,0,1,1,0,0
880,0.15693412954141825,3.1865506441247953,-0.7565095716431173,0.7716559234106314,0.18974528408784033,-0.3115953706620742,0,0,0,0,0,0,1,0,0,1
881,0.2744989369685832,-1.2915619429868526,0.3618299132690255,0.7716559234106314,0.9993672189602246,1.219024045237605,1,0,1,0,0,0,1,1,0,0
882,0.7793360512146443,0.430789052056089,0.4203136958562152,0.7716559234106314,0.41745145327069844,-0.20330665008141663,1,1,1,0,0,0,1,0,1,0
883,0.20534316789378027,-0.7174449446392054,0.47126986286287453,0.7716559234106314,0.7547939261341918,0.31731219886405254,1,0,1,0,0,0,1,0,1,0
884,0.7170958590473216,-0.7174449446392054,-0.27770979217002895,0.7716559234106314,0.5945562515240325,-0.7135131220479765,1,0,1,0,0,0,1,0,0,0
885,0.23992105243118172,-0.4877981453001465,0.35999626331992307,0.7716559234106314,0.9909336571386373,0.7712918351445016,1,0,1,0,0,0,1,0,1,0
886,0.6410245130650385,-0.25815134596108763,-1.2831893290635148,0.7716559234106314,1.1849055790351462,-0.5198429102402619,0,0,0,0,0,0,1,0,0,1
887,1.2081018194784223,-0.4877981453001465,-1.3379093038604393,0.7716559234106314,1.758387782903085,0.2298482322412137,0,0,0,0,0,0,1,1,0,0
888,0.9798877815315727,-0.4877981453001465,0.8030097100692296,0.7716559234106314,1.6740521646872115,1.1232301770316389,1,0,1,0,0,0,1,1,0,0
889,0.44047278274811014,3.4161974434638545,-0.3050697795684904,0.7716559234106314,0.6282904988103818,-0.41363666505538615,1,0,1,0,0,0,0,0,1,0
890,0.10852509118905622,1.234552849742795,0.30368994004729355,-0.9229765408350966,0.5270877569513338,3.4910047020356325,1,0,1,0,0,0,1,0,0,0
891,-0.036702023868029864,-0.37297474563061705,-0.1922098315498345,0.7716559234106314,-1.2439602255820068,-0.8634513505442716,1,1,0,0,0,0,0,0,0,1
892,-0.5346235612066107,-0.6026215449696759,0.6320097888288406,0.7716559234106314,0.206612407731015,0.140301790222593,1,0,1,0,0,0,0,0,0,0
893,0.938394320086691,-0.8322683443087349,-2.3331288454795027,0.7716559234106314,1.2776747590726067,0.7837866875191929,0,1,0,0,0,0,0,0,0,1
894,0.0532004759292139,-1.1767385433173232,0.6798897667761488,0.7716559234106314,-0.7295129544651794,-0.07627565093872216,1,0,0,0,0,0,0,0,0,0
895,-0.9218958680255069,-1.0619151436477936,-0.8762095165113897,-0.9229765408350966,-0.5355410325686706,0.49224013210973017,1,0,0,0,0,0,1,0,0,1
896,-1.613453558773536,0.8900826507342067,-0.43160972128637815,-0.9229765408350966,-1.3873307765489915,1.87916874570046,1,1,1,1,0,0,1,0,1,0
897,-0.6521883686337756,1.234552849742795,1.1757895383732768,0.7716559234106314,-0.6367437744277187,1.7396428941830744,1,1,1,0,0,0,1,0,0,0
898,1.5193027803150352,-0.7174449446392054,-0.43160972128637815,-0.9229765408350966,1.2523740736078448,0.03201306964193543,1,0,0,0,0,0,1,0,0,1
899,-0.7282597146160589,-0.8322683443087349,0.6183297951296088,-0.9229765408350966,-0.1391636269540658,0.29232249411467,1,0,0,0,1,0,1,0,0,0
900,-0.9080647142105464,-1.0619151436477936,0.5258692027947263,0.7716559234106314,-1.1343239219013714,-0.6801935157154664,1,0,0,0,1,0,1,0,1,0
901,-1.613453558773536,1.6938464484209128,1.6545893178463662,-0.9229765408350966,-1.5813026984455003,-1.2049773154524994,1,0,1,1,0,0,1,0,0,0
902,0.5511220132677948,0.2011422527170301,1.4835893966059772,-0.9229765408350966,1.210206264499908,0.1507141672015024,1,0,1,0,0,0,1,0,0,0
903,-1.6756937509408585,2.26796344676856,0.20108998730306044,-0.9229765408350966,-1.6066033839102625,0.1861162489297943,1,1,0,0,0,0,1,0,0,1
904,1.6368675877422003,-0.1433279462915582,-0.05540989455752294,0.7716559234106314,0.8306959825284779,0.7296423272288641,1,0,1,0,0,0,1,1,0,0
905,-1.4198174053640877,-0.4877981453001465,-1.2308760198247888,0.7716559234106314,-1.2439602255820068,-0.3469974523903661,1,1,1,1,0,0,1,0,0,0
906,0.32982355222842547,1.4641996490818538,0.5430898297838382,-0.9229765408350966,-0.15603075059724048,-0.7676574823383052,1,0,1,0,0,0,1,0,1,0
907,1.3671600883504689,-0.7174449446392054,1.0389896013809663,-0.9229765408350966,0.7294932406694299,3.6784274876560015,1,1,0,0,0,0,0,0,0,1
908,-1.7241027892932206,0.08631885304750067,-0.24350980792195054,-0.9229765408350966,-1.0668554273286728,-0.5073480578655706,1,0,1,1,0,0,1,0,1,0
909,-0.4101431768719655,0.8900826507342067,0.14979001093094332,-0.9229765408350966,-0.4596389761743846,0.05492029899553607,1,0,1,1,0,0,1,0,0,0
910,-0.2718316387223597,-0.37297474563061705,0.5259898376597996,0.7716559234106314,-1.0668554273286728,0.19028119972135804,1,0,1,1,0,0,0,0,0,1
911,2.7710222005689675,-0.6026215449696759,1.7571892705905994,-0.9229765408350966,0.5608220042376831,-0.5927295490926275,1,0,1,0,0,1,0,0,0,1
912,-0.08511106222039189,0.08631885304750067,-0.15800984730175607,-0.9229765408350966,-0.33313554885057456,-0.36365725555662115,1,0,1,1,0,0,1,0,1,0
913,0.7309270128622822,-1.1767385433173232,-0.6503207316629745,-0.9229765408350966,0.5861226897024452,-0.349079927786148,1,0,0,0,0,0,0,0,0,1
914,-0.33407183088968234,0.6604358513951478,-0.9788094692556227,-0.9229765408350966,-0.4343382907096226,-1.025884431415258,1,1,1,0,0,0,1,0,0,0
915,0.9522254739016516,1.4641996490818538,-2.2411930148076857,-0.9229765408350966,0.7210596788478425,-0.973822546520711,0,0,0,0,0,0,0,0,1,0
916,-0.11968894675779333,1.1197294500732655,-0.5684096582786897,-0.9229765408350966,0.4849199478433971,-1.2320494955976637,1,0,1,1,0,0,1,0,1,0
917,-1.426732982271568,-0.6026215449696759,-1.132709398371973,0.7716559234106314,-1.5897362602670877,0.6400958852102434,1,0,1,0,0,0,1,1,0,0
918,1.374075665257949,0.8900826507342067,-0.7052095952710001,-0.9229765408350966,0.206612407731015,-0.3761521079313124,0,0,0,1,0,1,1,0,1,0
919,2.3768343168425914,0.6604358513951478,-0.05540989455752294,-0.9229765408350966,1.0921363989976853,-0.5823171721137181,0,1,0,0,0,0,1,1,0,0
920,-0.35481856161212316,-0.4877981453001465,-2.466508784047006,-2.6176090050808245,0.8222624207068906,-0.49485320549087936,0,1,0,0,0,1,1,1,0,0
921,-0.7835843298759011,1.0049060504037362,0.5259898376597996,-0.9229765408350966,-1.1090232364366095,-0.7968121378792515,1,0,1,0,0,0,1,0,0,0
922,2.141704701988261,-0.7174449446392054,-1.3550092959844784,0.7716559234106314,0.8222624207068906,-0.5531625165727719,0,1,0,0,0,1,1,0,0,0
923,-0.4032275999644852,0.8900826507342067,-0.43160972128637815,-0.9229765408350966,-0.4849396616391466,-0.20122417468563475,1,0,1,0,0,0,0,1,0,0
924,-0.31332510016724147,-0.9470917439782642,0.3207899321713322,-0.9229765408350966,-0.17289787424041514,1.5647149609373967,1,0,1,0,0,0,1,1,0,0
925,0.21225874480126056,-0.8322683443087349,1.3250751839006008,0.7716559234106314,0.6957589933830806,-0.3136778460578561,1,1,1,0,0,0,1,0,1,0
926,-0.10585779294283276,0.430789052056089,-2.2100089021864227,-0.9229765408350966,-1.2102259782956575,0.5713741971494415,0,1,0,0,0,1,1,0,0,1
927,1.0421279736988953,-0.028504546622028767,1.6869797791183547,0.7716559234106314,0.38371720598434905,-0.03879109381464838,1,1,0,0,0,0,1,1,0,0
928,0.004791437576851873,-0.028504546622028767,1.0218896092569265,-0.9229765408350966,-0.046394446916605096,-0.12417258504170532,1,1,1,1,0,0,0,1,0,0
929,0.46121951347055096,-0.9470917439782642,0.08139004243478862,-0.9229765408350966,0.8897309152795893,-0.4781934023246244,1,0,1,0,0,0,0,0,0,0
930,-0.3064095232597612,-1.0619151436477936,-1.3037093196123615,-0.9229765408350966,-1.1174567982581969,0.007023364892552906,0,1,0,0,0,0,0,0,0,1
931,-0.659103945541256,0.08631885304750067,-0.910409500759467,-0.9229765408350966,-0.9066177527185134,-0.6385440077998289,1,0,1,0,0,0,1,0,0,1
932,-0.44472106140936696,-0.6026215449696759,1.1244895620011597,0.7716559234106314,-0.18133143606200247,0.5567968693789683,1,1,1,0,0,0,1,0,0,0
933,0.2744989369685832,-1.0619151436477936,-0.8689714246070342,-0.9229765408350966,-0.3668697961369239,-1.1320906766001337,1,0,1,0,0,0,0,1,0,0
934,0.42664162893314955,-0.7174449446392054,0.4746898612876825,0.7716559234106314,0.046374733120855605,-0.33033764922411113,1,0,1,0,0,0,0,0,0,0
935,-0.7490064453384997,2.4976102461076186,-1.3550092959844784,-0.9229765408350966,1.2439405117862574,-0.6822759911112483,0,1,0,0,0,0,1,0,1,0
936,-0.659103945541256,0.6604358513951478,-0.910409500759467,0.7716559234106314,-1.4885335184080397,-1.4382145597800695,1,1,1,0,0,0,1,0,0,1
937,1.1389460504036193,0.08631885304750067,0.4575898691636438,-0.9229765408350966,0.5945562515240325,-0.8259667934201977,1,0,1,0,0,0,0,0,1,0
938,0.7101802821398414,1.1197294500732655,0.2865899479232549,-0.9229765408350966,1.3620103772884802,1.9041584504498426,1,0,1,0,0,0,1,0,0,1
939,1.6991077799095229,0.5456124517256185,0.01299007393863284,-0.9229765408350966,0.7041925552046678,0.5193123122548946,1,0,1,0,0,1,1,1,0,0
940,0.9591410508091318,-0.6026215449696759,0.21674236104622827,-0.9229765408350966,0.6029898133456199,0.11114713468164673,1,0,1,0,0,0,0,0,0,0
941,-0.009039716238108706,0.2011422527170301,1.0218896092569265,-0.9229765408350966,0.037941171299268266,-0.8155544164412883,1,0,1,0,0,0,0,0,0,0
942,0.08086278355913505,0.430789052056089,-0.15800984730175607,0.7716559234106314,-1.0499883036854982,-0.46986350074149685,1,0,1,0,0,0,0,0,0,1
943,-0.5830325995589727,-0.9470917439782642,-1.6559691573675626,-0.9229765408350966,-1.016254056399149,0.05700277439131795,0,0,0,1,0,0,0,0,1,0
944,-1.5373822127912526,-1.0619151436477936,0.14979001093094332,-2.6176090050808245,-1.5054006420512143,2.6663444453060094,1,0,0,0,0,1,0,0,0,1
945,0.15693412954141825,0.31596565238655955,4.18538815220412,-0.9229765408350966,0.29094802594688834,-0.07835812633450404,0,0,0,0,0,0,0,0,0,0
946,-0.2856627925373203,-0.7174449446392054,0.3207899321713322,-0.9229765408350966,-0.7295129544651794,-0.7135131220479765,0,1,1,0,0,0,0,0,0,0
947,0.42664162893314955,-0.6026215449696759,0.6540437469343477,-0.9229765408350966,-0.8560163817889894,0.7379722288119916,1,0,1,0,0,0,0,1,0,0
948,-0.35481856161212316,1.5790230487513832,-1.2011093668681283,-0.9229765408350966,-0.1644643124188278,-1.073781365518241,0,0,1,0,0,0,0,0,1,0
949,2.017224317653616,0.08631885304750067,-1.8680090597056447,0.7716559234106314,-0.15603075059724048,0.0611677251828817,0,1,0,0,0,0,0,0,1,0
950,0.3021612445985043,-2.095325740673559,-1.7996090912094895,-0.9229765408350966,1.6740521646872115,0.4901576567139483,0,1,0,0,0,0,0,0,0,0
951,0.6410245130650385,1.3493762494123245,-0.2130193457748551,0.7716559234106314,-1.1849252928308955,-1.0529566115604223,1,0,0,0,0,0,1,1,0,0
952,0.3644014367658269,0.6604358513951478,-0.0999241597693069,0.7716559234106314,0.931898724387526,-0.6156367784462282,1,0,1,0,0,0,1,0,0,0
953,0.5649531670827553,2.26796344676856,0.11559002668286597,-0.9229765408350966,0.9234651625659386,0.7254773764373004,1,0,1,0,0,0,1,1,0,0
954,-0.20959144655503711,0.5456124517256185,0.23182171918030156,0.7716559234106314,-0.8391492581458148,-0.7843172855045603,1,0,1,0,0,0,1,0,0,1
955,-1.1086164445274747,-0.1433279462915582,-0.5342096740306113,0.7716559234106314,0.29094802594688834,-0.35532735397349363,1,0,1,0,0,0,1,0,0,1
956,1.4708937419626733,-0.4877981453001465,-1.3208093117364006,0.7716559234106314,0.9909336571386373,-0.8551214489611441,0,1,0,0,0,0,0,1,0,0
957,-1.2953370210294426,1.234552849742795,-0.9719694724060074,0.7716559234106314,-0.5777088416766073,-0.4990181562824431,1,0,0,0,1,0,1,0,0,1
958,3.255112584092588,-0.4877981453001465,-0.5342096740306113,0.7716559234106314,2.610177526883406,1.7396428941830744,1,0,1,0,0,0,1,0,1,0
959,-0.09894221603535247,-0.1433279462915582,-0.18286062950670848,0.7716559234106314,-0.6030095271413694,0.013270791079898536,1,1,1,0,0,0,1,0,0,1
960,-1.018713944730231,-1.5212087423259115,0.14979001093094332,0.7716559234106314,0.1138432276935543,0.6421783606060253,1,0,0,0,1,0,1,0,0,0
961,-0.043617600775510156,-0.25815134596108763,0.02071070530327848,0.7716559234106314,0.7463603643126046,0.27149774015685124,1,0,1,0,0,0,1,0,1,0
962,1.2426797040158237,-0.7174449446392054,-0.46580970553445655,0.7716559234106314,0.5945562515240325,-0.6760285649239026,0,1,0,0,0,0,1,1,0,0
963,-0.12660452366527364,0.2011422527170301,-0.329009768542145,-0.9229765408350966,-1.2102259782956575,-0.7676574823383052,1,1,1,0,0,0,0,0,0,1
964,0.35748585985834663,1.1197294500732655,0.5772898140319156,0.7716559234106314,-0.5271074707470833,-1.009224628249003,1,0,1,1,0,0,0,1,0,0
965,-0.16809798511015536,0.08631885304750067,-0.6710096110229228,0.7716559234106314,0.35841652051958706,-0.6906058926943758,0,1,0,1,0,0,1,0,0,1
966,-1.5097199051613315,-0.7174449446392054,-0.43160972128637815,-0.9229765408350966,-0.9656526854696248,-0.9259256124177279,0,0,0,1,0,1,1,0,0,0
967,-0.9218958680255069,0.2011422527170301,-0.05540989455752294,0.7716559234106314,-0.3078348633858125,0.6796629177300991,1,1,0,0,0,0,1,1,0,0
968,-1.378323943919206,-1.5212087423259115,2.3043890185598435,0.7716559234106314,-0.5861424034981947,-0.45945112376258745,0,0,0,0,0,0,0,0,0,1
969,1.5953741262973185,2.3827868464380892,0.5259898376597996,0.7716559234106314,0.9234651625659386,-0.973822546520711,1,1,1,0,0,0,0,1,0,0
970,0.7170958590473216,0.430789052056089,0.7653897273963433,-0.9229765408350966,-1.4379321474785156,-1.4840290184872709,1,0,0,0,0,1,0,0,1,0
971,-1.067122983082593,-1.1767385433173232,-2.0219089888219948,0.7716559234106314,0.5017870714865718,-0.47194597613727873,0,1,0,0,0,0,0,0,0,0
972,1.8996595102264513,2.3827868464380892,-0.2948097842940676,-2.6176090050808245,-0.08012869420295445,-0.44487379599211435,1,1,0,0,0,1,1,1,0,0
973,0.5718687439902356,-0.7174449446392054,-0.2507177411100378,-0.9229765408350966,1.083702837176098,-0.05753337237668527,1,1,0,0,0,1,1,0,1,0
974,0.004791437576851873,-0.028504546622028767,0.19412332384511882,-0.9229765408350966,-0.08012869420295445,0.14863169180572053,1,1,0,0,0,1,1,0,0,0
975,0.6894335514174006,0.08631885304750067,0.02071070530327848,-2.6176090050808245,0.3752836441627617,0.1507141672015024,1,0,1,0,0,0,1,0,0,0
976,0.01862259139181245,0.2011422527170301,-0.8689714246070342,-0.9229765408350966,-0.7379465162867667,-0.6447914339871745,1,1,0,0,0,1,0,0,1,0
977,0.41281047511818897,1.0049060504037362,0.6969897589001885,-2.6176090050808245,0.07167541858561761,0.11114713468164673,1,1,1,0,0,1,1,0,0,1
978,0.6202777823425977,1.5790230487513832,3.056788672017555,0.7716559234106314,0.7716610497773666,1.6813335831011818,1,1,1,0,0,0,0,0,1,0
979,0.01862259139181245,1.1197294500732655,-0.3974097370383008,-0.9229765408350966,1.007800780781812,-0.0013065366905746006,1,1,1,0,0,0,0,0,0,1
980,0.6479400899725188,1.6938464484209128,-0.7634159176685228,-0.9229765408350966,0.8559966679932399,1.2419312745912057,1,1,1,0,0,0,0,0,0,1
981,-1.1362787521573958,-0.028504546622028767,0.45047241212436073,0.7716559234106314,-1.4885335184080397,0.848343424788431,1,0,1,0,0,0,1,1,0,0
982,1.8166725873366878,-0.7174449446392054,1.0159483421521016,0.7716559234106314,0.24878021683895168,1.4293540602115746,1,1,0,0,0,0,0,1,0,0
983,0.3021612445985043,0.31596565238655955,0.6389643888002744,0.7716559234106314,-0.6283102126061313,-1.1924824630778081,1,0,1,0,0,0,0,0,1,0
984,-0.4032275999644852,-0.8322683443087349,-0.9519078943444363,0.7716559234106314,-1.0499883036854982,-0.07627565093872216,1,0,1,0,0,0,1,0,1,0
985,0.08086278355913505,-0.37297474563061705,-0.13008287603745244,-0.9229765408350966,0.7632274879557792,0.2839925925315425,1,1,1,0,0,0,0,0,0,1
986,2.037971048376057,-0.6026215449696759,0.1639646075769722,0.7716559234106314,-0.3500026724937492,-0.3761521079313124,1,0,1,0,0,0,0,1,0,0
987,-0.9495581756554281,1.5790230487513832,0.10364717504068006,0.7716559234106314,-0.13073006513247845,2.7600558381161937,1,1,1,0,0,0,0,0,0,1
988,0.3159923984134649,1.3493762494123245,1.3627735792357836,0.7716559234106314,1.058402151711336,-0.6385440077998289,1,1,0,0,0,0,1,0,0,0
989,-0.5968637533739333,0.430789052056089,2.682217415967179,0.7716559234106314,-1.016254056399149,1.1065703738653838,1,0,1,0,0,0,1,1,0,0
990,-0.022870870053069287,2.727257045446678,-1.2459553779588617,0.7716559234106314,-0.09699581784612912,0.2631678385737237,0,1,0,0,0,0,1,1,0,0
991,0.03245374520677303,0.31596565238655955,-1.909447135858078,-0.9229765408350966,0.054808294942442944,-0.39697686188913117,0,1,0,0,0,1,1,0,0,0
992,-0.6176104840963742,3.071727244455266,1.5286465187105878,0.7716559234106314,-0.5355410325686706,-0.7634925315467415,1,1,1,0,0,0,1,0,0,0
993,-0.7351752915235391,0.7752592510646773,-0.7332572014003761,-0.9229765408350966,-0.9487855618264501,-0.6447914339871745,1,1,1,0,0,0,1,0,0,1
994,0.8277450895670063,-0.25815134596108763,-0.14516223417152574,-0.9229765408350966,0.9571994098522879,-0.9634101695418016,1,1,1,0,0,0,0,0,0,1
995,-0.7420908684310193,-0.7174449446392054,-1.0348443640818386,0.7716559234106314,-0.6620444598924806,0.1757038719508849,0,1,0,0,0,0,1,0,0,0
996,-0.24416933109243855,-0.37297474563061705,1.3250751839006008,-0.9229765408350966,-0.5186739089254959,-0.5677398443432451,1,0,0,0,0,0,1,0,1,0
997,2.321509701582749,1.0049060504037362,0.1639646075769722,-0.9229765408350966,1.758387782903085,-0.37823458332709425,1,0,1,0,0,0,0,0,0,1
998,-0.8250777913207828,0.2011422527170301,-1.2082569826236789,-0.9229765408350966,-1.1596246073661336,-0.9821524481038385,0,0,0,0,0,0,0,0,1,0
999,-0.17501356201763565,-0.37297474563061705,-0.28087645737818334,-0.9229765408350966,-1.1343239219013714,-0.5052655824697888,1,0,1,0,0,0,1,0,1,0
1000,0.06011605283669419,0.430789052056089,0.4353930539902885,-0.9229765408350966,0.4849199478433971,-0.07211070014715841,0,1,0,0,0,1,1,0,1,0
1001,-0.25108490799991884,0.31596565238655955,0.5334088818617634,0.7716559234106314,-0.29096773974263784,0.8650032279546861,1,0,1,0,0,0,0,0,0,1
1002,0.19842759098629997,-0.028504546622028767,-0.9669872524785097,-0.9229765408350966,0.42588501509228577,-0.3136778460578561,0,1,0,0,0,0,1,0,1,0
1003,-0.09894221603535247,-0.4877981453001465,-0.3864319643166954,0.7716559234106314,0.21504596955260233,0.05492029899553607,0,1,0,0,0,0,1,0,0,1
1004,0.4957973980079524,0.8900826507342067,-0.3487335689815127,0.7716559234106314,0.5439548805945085,1.8041996314523125,0,1,0,0,0,0,0,1,0,0
1005,-0.17501356201763565,-0.4877981453001465,0.8802341189454441,0.7716559234106314,-1.0668554273286728,-0.4386263698047687,1,1,0,0,0,1,0,0,1,0
1006,-0.8665712527656646,-0.028504546622028767,0.2921391517165937,0.7716559234106314,-0.42590472888803527,0.17986882274244867,1,1,0,0,0,0,1,0,1,0
1007,-0.09202663912787218,-0.37297474563061705,0.833789695892499,-0.9229765408350966,0.24034665501736435,-0.5385851888022988,1,0,1,0,0,0,1,0,0,0
1008,-0.029786446960549575,-0.9470917439782642,-1.3208093117364006,-0.9229765408350966,0.8644302298148272,1.1732095865304037,1,0,1,1,0,0,1,1,0,0
1009,-1.5373822127912526,-0.25815134596108763,-0.2606098000459892,-0.9229765408350966,-1.1849252928308955,-0.8009770886708153,1,0,1,1,0,0,1,1,0,0
1010,-0.19576029274007653,-0.37297474563061705,1.9281891918309884,-0.9229765408350966,0.206612407731015,0.08615742993226422,1,0,1,1,0,0,1,0,0,0
1011,0.2537522062461423,-0.6026215449696759,0.4233898849155654,0.7716559234106314,0.32468227323323773,0.7671268843529379,1,0,0,0,0,0,0,0,1,0
1012,-0.7835843298759011,-0.4877981453001465,2.0307891445752215,-0.9229765408350966,-0.746380078108354,-0.7593275807551777,1,0,1,0,0,0,1,0,0,0
1013,1.5677118186673973,1.1197294500732655,-0.2606098000459892,0.7716559234106314,0.3921507678059364,0.9753744239311256,1,0,1,0,0,0,1,0,1,0
1014,-1.6964404816632994,-0.25815134596108763,-0.5598445828585358,0.7716559234106314,-0.7042122690004173,1.0045290794720718,1,1,1,0,0,0,0,0,0,0
1015,-1.47514202062393,0.08631885304750067,-1.2866093274883228,-0.9229765408350966,-0.07169513238136711,0.5047349844844214,0,1,0,0,0,1,1,0,0,1
1016,1.0974525889587377,0.430789052056089,1.7571892705905994,0.7716559234106314,0.5017870714865718,0.9149826374534511,1,0,1,0,0,0,0,0,1,0
1017,0.03245374520677303,0.08631885304750067,0.6969897589001885,-0.9229765408350966,0.1644445986230783,0.6255185574397703,1,0,1,0,0,0,0,0,0,0
1018,-0.18192913892511595,0.08631885304750067,0.833789695892499,-0.9229765408350966,0.5270877569513338,0.20277605209604932,1,0,1,0,0,0,1,0,1,0
1019,-0.44472106140936696,-1.1767385433173232,-0.5684096582786897,0.7716559234106314,-0.44277185253120993,0.9191475882450149,1,0,1,1,0,0,1,1,0,0
1020,-1.0325450985451916,1.3493762494123245,1.5135671605765144,-2.6176090050808245,-0.8138485726810527,3.7596440280914947,1,0,1,1,0,0,1,0,1,0
1021,1.007550089161494,1.0049060504037362,0.5259898376597996,-0.9229765408350966,0.6114233751672071,0.25900288778215996,1,0,1,0,0,0,1,1,0,0
1022,0.724011435954802,0.5456124517256185,0.3207899321713322,-0.9229765408350966,0.2993815877684757,2.1353132193816307,1,0,1,0,0,1,1,1,0,0
1023,-0.19576029274007653,0.2011422527170301,0.7995897116444216,0.7716559234106314,0.01264048583450626,-0.024213766044175244,1,1,0,0,0,1,0,0,0,0
1024,-1.2400124057696003,-0.37297474563061705,0.11559002668286597,0.7716559234106314,-0.8897506290753388,0.9191475882450149,1,0,1,0,0,0,1,0,0,1
1025,-1.2469279826770805,-0.6026215449696759,-0.329009768542145,0.7716559234106314,-0.1644643124188278,1.0899105706991288,1,1,1,0,0,0,0,0,0,0
1026,0.6686868206949597,1.3493762494123245,0.7653897273963433,-0.9229765408350966,-0.543974594390258,-0.8655338259400535,1,0,1,0,0,1,0,1,0,0
1027,0.011707014484332163,0.08631885304750067,0.6969897589001885,0.7716559234106314,0.41745145327069844,2.4955814628518955,1,0,1,0,0,0,0,1,0,0
1028,0.0532004759292139,0.430789052056089,0.2523899636751775,0.7716559234106314,0.08854254222879229,-0.005471487482138354,1,0,1,0,0,0,0,0,0,0
1029,-0.9218958680255069,-0.028504546622028767,-0.0896098788056003,0.7716559234106314,-1.1596246073661336,0.3027348710935794,0,1,0,0,0,0,1,0,0,0
1030,-1.447479712994009,-1.2915619429868526,-1.0472094377517787,-0.9229765408350966,-0.6283102126061313,0.8212712446432667,1,1,1,0,0,0,0,1,0,0
1031,1.5331339341299959,-0.25815134596108763,-0.6368096267748454,0.7716559234106314,-0.08012869420295445,0.26108536317794184,0,1,0,0,0,0,0,0,0,0
1032,0.7862516281221246,0.7752592510646773,2.1333890973194545,-0.9229765408350966,-0.2741006160994632,-1.142503053579043,1,0,0,0,0,1,0,0,0,1
1033,-0.5277079842991305,0.31596565238655955,0.08139004243478862,0.7716559234106314,-1.2776944728683561,-0.5823171721137181,1,1,1,0,0,0,0,0,0,1
1034,0.9798877815315727,-0.7174449446392054,-0.8078095480152344,0.7716559234106314,0.3499829586979997,-0.4490387467836781,1,1,1,0,0,0,1,0,0,1
1035,-0.7420908684310193,1.3493762494123245,-0.2948097842940676,0.7716559234106314,-1.5897362602670877,-1.0987710702676237,0,1,0,0,0,0,1,0,0,1
1036,0.6686868206949597,0.7752592510646773,-0.3974097370383008,0.7716559234106314,0.6620247460967311,0.5838690495241328,0,1,0,0,0,0,1,0,0,1
1037,-0.8804024065806252,-0.4877981453001465,0.38918990066748804,0.7716559234106314,-0.5102403471039086,-0.33033764922411113,1,1,0,0,0,0,1,1,0,0
1038,-0.45163663831684725,0.2011422527170301,-0.3974097370383008,0.7716559234106314,-0.6030095271413694,-1.3174309868247207,0,1,0,0,0,0,1,0,0,0
1039,-0.19576029274007653,0.7752592510646773,-0.6026096425267671,0.7716559234106314,0.3162487114116504,0.11114713468164673,0,0,0,0,0,0,1,0,1,0
1040,-1.1777722136022777,-0.1433279462915582,-1.0130094535037006,0.7716559234106314,-0.8728835054321641,-0.009636438273702107,0,1,0,0,0,0,1,1,0,0
1041,-1.0532918292676325,0.7752592510646773,0.8850896722646161,0.7716559234106314,-0.9150513145401008,-0.9800699727080566,0,1,0,1,0,0,1,0,0,0
1042,-0.6314416379113348,-0.7174449446392054,-1.2695093353642841,0.7716559234106314,-0.22349924516993916,-0.569822319739027,0,1,0,0,0,0,1,0,0,1
1043,-0.493130099761729,-0.6026215449696759,-0.329009768542145,0.7716559234106314,-0.037960885095017764,-1.3528330685530126,0,0,0,0,0,0,1,0,0,0
1044,-0.32024067707472176,-0.9470917439782642,-1.1840093747440896,0.7716559234106314,-1.446365709300103,-1.2403793971807913,1,1,0,0,0,0,0,1,0,0
1045,-0.009039716238108706,-0.1433279462915582,1.8980907929953779,0.7716559234106314,0.12227678951514163,-1.0154720544363485,1,0,0,0,0,0,1,0,0,1
1046,-0.17501356201763565,0.2011422527170301,-0.9142094990092536,0.7716559234106314,0.5945562515240325,2.939148722153435,0,1,0,0,0,0,1,0,0,0
1047,-0.2856627925373203,-0.4877981453001465,-2.5729388937572937,0.7716559234106314,3.0655898652491222,0.35063180519656256,0,0,0,0,0,1,1,1,0,0
1048,0.7447581666772428,0.5456124517256185,-0.18286062950670848,0.7716559234106314,-0.3162684252073999,-0.5802346967179363,0,0,0,1,0,1,1,0,0,1
1049,-0.9564737525629083,-0.6026215449696759,0.3298375470517764,0.7716559234106314,-0.9740862472912121,1.1294776032189844,1,1,1,0,0,0,1,0,1,0
1050,-0.6521883686337756,-0.4877981453001465,-0.4618287549870609,0.7716559234106314,0.10540966587196696,-0.8134719410455065,0,1,0,0,0,0,1,1,0,0
1051,0.8208295126595261,-0.37297474563061705,0.1413455703758628,0.7716559234106314,-0.07169513238136711,0.2527554615948144,0,1,0,0,0,0,1,0,1,0
1052,-1.6342002894959768,-0.1433279462915582,-1.0499237222159112,0.7716559234106314,-1.1680581691877208,-0.18248189612359786,0,1,0,0,0,0,1,0,0,0
1053,-0.7420908684310193,-0.25815134596108763,-0.5372255456574263,0.7716559234106314,-0.3921704816016859,-0.7385028267973589,1,0,0,0,0,1,1,0,0,0
1054,-0.09202663912787218,0.31596565238655955,1.5361861977776239,0.7716559234106314,0.5102206333081591,0.6026113280861697,1,1,0,0,0,1,1,0,0,1
1055,-0.2649160618148794,1.1197294500732655,-0.4241303596518782,0.7716559234106314,-0.3247019870289872,0.37770398534172694,0,1,0,0,0,0,1,0,0,0
1056,-0.8319933682282632,0.2011422527170301,-0.4618287549870609,0.7716559234106314,-1.193358854652483,-0.6947708434859395,0,1,0,0,0,0,0,0,0,1
1057,-0.7075129838936179,-1.2915619429868526,-1.14039987102035,0.7716559234106314,-0.22349924516993916,-0.7551626299636139,0,1,0,0,0,0,1,1,0,0
1058,1.346413357628028,-1.0619151436477936,-0.567384261925573,0.7716559234106314,1.3620103772884802,-0.38864696030600365,0,0,0,0,0,0,0,0,0,0
1059,-0.3893964461495246,-0.25815134596108763,-2.3618278798802708,0.7716559234106314,-0.7379465162867667,-1.4194722812180327,0,0,0,0,0,1,0,1,0,0
1060,1.2841731654607054,0.430789052056089,3.963962857363392,0.7716559234106314,1.3282761300021309,-0.2782757643295642,1,1,0,0,0,0,0,0,1,0
1061,-0.4239743306869261,-0.4877981453001465,-1.2866093274883228,0.7716559234106314,0.5776891278808578,-0.6406264831956108,0,1,0,0,0,0,0,0,0,0
1062,-0.5968637533739333,0.31596565238655955,-0.329009768542145,0.7716559234106314,-0.2825341779210505,-0.5635748935516813,1,0,0,0,0,1,1,0,0,1
1063,-0.24416933109243855,-0.1433279462915582,-1.4918092329767896,0.7716559234106314,-0.11386294148930379,-0.7593275807551777,0,0,0,0,0,0,1,0,0,0
1064,0.29524566769102406,0.6604358513951478,-1.0472094377517787,0.7716559234106314,0.9150316007443513,-0.7968121378792515,0,1,0,0,1,0,1,0,0,0
1065,-0.2718316387223597,1.1197294500732655,-1.2524093432402448,0.7716559234106314,0.054808294942442944,-0.7822348101087784,0,1,0,0,0,0,1,0,1,0
1066,0.8139139357520457,-0.25815134596108763,-1.3550092959844784,0.7716559234106314,0.9487658480307006,-0.8176368918370702,0,1,0,0,0,0,1,0,1,0
1067,-0.6798506762636968,1.1197294500732655,-0.8078095480152344,0.7716559234106314,-0.6536108980708933,0.42351844404892824,0,1,0,0,0,0,1,0,0,1
1068,0.004791437576851873,1.6938464484209128,-1.6286091699691005,0.7716559234106314,1.1005699608192727,-0.08877050331341342,0,1,0,0,0,0,1,0,1,0
1069,0.8830697048268487,0.5456124517256185,-0.2606098000459892,0.7716559234106314,0.7547939261341918,-1.0279669068110397,0,1,0,0,0,0,0,0,0,0
1070,0.08777836046661534,0.7752592510646773,-0.15800984730175607,0.7716559234106314,-0.8897506290753388,-0.8863585798978721,1,0,1,0,0,0,1,1,0,0
1071,0.21917432170874085,-0.4877981453001465,-1.3208093117364006,0.7716559234106314,0.14757747497990364,-1.3215959376162845,0,1,0,0,0,0,1,0,0,1
1072,0.4058948982107087,1.9234932477599715,-1.4918092329767896,0.7716559234106314,1.2017727026783207,0.2652503139695056,0,1,0,0,0,0,1,0,1,0
1073,-0.6314416379113348,0.6604358513951478,0.08139004243478862,0.7716559234106314,-0.12229650331089113,-0.1887293223109435,1,1,0,0,0,1,1,1,0,0
1074,-0.36173413851960345,-1.5212087423259115,-2.0732089651941115,0.7716559234106314,-0.4006040434232732,-0.5052655824697888,0,1,0,0,0,0,1,1,0,0
1075,-0.7213441377085785,-0.7174449446392054,-2.2100089021864227,0.7716559234106314,-0.9572191236480374,-0.49693568088666124,0,1,0,0,0,1,1,0,1,0
1076,-0.9149802911180266,-0.25815134596108763,0.3549899164194107,0.7716559234106314,-1.193358854652483,-0.3407500262030205,0,1,0,0,0,0,1,0,0,1
1077,-0.5553702919290516,0.08631885304750067,0.4233898849155654,0.7716559234106314,-1.1764917310093082,0.04242544662084481,0,1,0,0,0,0,0,0,0,0
1078,1.4017379728878703,-1.7508555416649703,0.7311897431482659,0.7716559234106314,0.6029898133456199,0.7692093597487197,1,0,0,1,0,1,0,0,1,0
1079,-0.5761170226514924,0.2011422527170301,-1.2524093432402448,0.7716559234106314,-1.0752889891502602,-1.2133072170356267,0,1,0,0,0,0,0,0,1,0
1080,0.15001855263393796,0.430789052056089,1.9110891997069486,0.7716559234106314,-0.45120541435279726,-0.6614512371534295,1,1,0,0,0,0,0,1,0,0
1081,-0.5968637533739333,-0.028504546622028767,-0.8765111036740709,-0.9229765408350966,-0.6114430889629566,-0.9717400711249291,1,0,1,0,0,0,1,1,0,0
1082,-1.6687781740333782,0.31596565238655955,-0.05540989455752294,-0.9229765408350966,-1.724673249412485,1.6396840751855442,1,0,0,0,0,0,1,0,0,1
1083,-0.4862145228542487,0.31596565238655955,0.9857896258839561,-0.9229765408350966,-0.07169513238136711,0.22568328144964997,1,0,1,0,0,0,1,0,0,1
1084,-1.516635482068812,-0.6026215449696759,5.569914498642176,-0.9229765408350966,-0.046394446916605096,0.13613683943102925,1,0,1,0,0,0,0,0,0,0
1085,0.06011605283669419,-0.028504546622028767,-1.1156094062479338,-0.9229765408350966,0.41745145327069844,1.1815394881135313,1,0,1,1,0,0,1,0,1,0
1086,-0.07819548531291161,-0.4877981453001465,-0.22640981579791186,0.7716559234106314,0.7800946115989539,0.29648744490623374,1,0,1,0,0,0,1,0,0,0
1087,-0.4308899075944064,1.1197294500732655,-0.5000096897825339,0.7716559234106314,-0.9150513145401008,-0.6947708434859395,1,0,1,0,0,0,1,0,1,0
1088,-0.2718316387223597,0.6604358513951478,-0.27770979217002895,0.7716559234106314,-1.1343239219013714,0.9670445223479981,1,0,1,0,0,0,1,0,0,1
1089,-0.23033817727747796,0.6604358513951478,-0.43160972128637815,0.7716559234106314,-1.2355266637604196,-1.1862350368904624,1,1,1,0,0,0,1,0,1,0
1090,0.6825179745099202,0.5456124517256185,-0.05540989455752294,0.7716559234106314,0.41745145327069844,0.39852873929954574,1,0,1,0,0,0,1,0,1,0
1091,-0.5968637533739333,-0.1433279462915582,-1.0130094535037006,0.7716559234106314,-0.12229650331089113,0.7442196549993373,1,1,1,0,0,0,1,0,0,1
1092,-0.06436433149795102,-0.37297474563061705,-0.0923844807022697,0.7716559234106314,-0.4596389761743846,1.4980757482723766,1,0,1,1,0,0,1,0,1,0
1093,-0.4101431768719655,0.31596565238655955,1.0731895856290437,-0.9229765408350966,-0.01266019963025575,-0.8842761045020903,1,0,1,1,0,0,1,0,0,1
1094,1.3602445114429886,-0.028504546622028767,-0.6368096267748454,0.7716559234106314,1.5138144900770523,0.5838690495241328,1,0,1,0,0,0,1,0,0,0
1095,0.5718687439902356,1.0049060504037362,0.6627897746521101,0.7716559234106314,0.8391295443500653,-0.40738923886804057,1,0,1,0,0,0,1,0,0,0
1096,0.2744989369685832,-0.028504546622028767,0.06429005031074887,0.7716559234106314,1.3957446245748295,0.5338896400253677,1,1,1,0,0,0,1,0,0,1
1097,0.19151201407881968,1.3493762494123245,-0.7907095558911946,0.7716559234106314,1.2270733881430826,0.01118831568411666,1,0,1,0,0,0,1,0,1,0
1098,0.6963491283248808,0.2011422527170301,1.0492495966553892,0.7716559234106314,0.282514464125301,0.34230190361343504,1,0,1,0,0,0,1,1,0,0
1099,0.04628489902173361,-1.0619151436477936,-0.5684096582786897,0.7716559234106314,-0.7885478872162908,-1.2882763312837744,1,0,1,0,0,0,1,1,0,0
1100,-0.33407183088968234,-0.4877981453001465,-0.43160972128637815,-0.9229765408350966,0.41745145327069844,-0.5073480578655706,1,1,1,0,0,0,1,0,0,1
1101,-0.7351752915235391,0.6604358513951478,-0.43160972128637815,0.7716559234106314,-0.7801143253947034,1.16904463573884,1,0,1,1,0,0,1,0,0,1
1102,-1.0740385599900732,0.430789052056089,0.49178985341172116,-0.9229765408350966,0.06324185676403028,1.2231889960291689,1,0,1,0,0,1,1,1,0,0
1103,0.19842759098629997,-0.7174449446392054,-1.6628091542171783,-0.9229765408350966,1.0668357135329234,0.09865228230695548,1,0,1,0,0,0,0,0,0,1
1104,-0.7904999067833814,3.071727244455266,0.0984900345588273,-0.9229765408350966,0.4849199478433971,0.8441784739968673,1,0,1,0,0,0,0,0,0,0
1105,-1.0394606754526718,-0.25815134596108763,-1.081409421999856,-0.9229765408350966,-0.021093761451843086,0.7067350978752635,1,1,1,1,0,0,1,0,0,0
1106,-1.350661636289285,-0.6026215449696759,1.107389569877121,0.7716559234106314,-0.5102403471039086,0.7608794581655922,1,0,1,0,0,0,1,0,0,0
1107,-1.018713944730231,0.08631885304750067,-0.6368096267748454,-0.9229765408350966,-0.6114430889629566,-0.06586327395981277,0,0,0,1,0,0,1,0,0,0
1108,-0.05744875459047073,1.5790230487513832,1.2099895226213542,-0.9229765408350966,-0.1644643124188278,0.9149826374534511,1,0,1,1,0,0,0,0,0,0
1109,0.6410245130650385,-0.25815134596108763,-0.551309666154651,0.7716559234106314,0.45118570055704776,-0.8926060060852178,1,0,1,0,0,0,0,1,0,0
1110,1.823588164244168,-0.37297474563061705,-0.329009768542145,-0.9229765408350966,0.1644445986230783,-0.05753337237668527,1,0,1,0,0,0,0,1,0,0
1111,0.772420474307164,0.7752592510646773,1.3809894438617432,0.7716559234106314,1.3957446245748295,-0.5635748935516813,1,0,1,1,0,0,1,0,1,0
1112,-0.34790298470464287,-1.2915619429868526,-0.2606098000459892,-0.9229765408350966,0.181311722266253,0.16529149497197554,1,0,1,1,0,0,0,0,1,0
1113,-0.8665712527656646,1.5790230487513832,0.5259898376597996,0.7716559234106314,0.6282904988103818,2.626777412786154,1,0,1,0,0,0,1,0,0,0
1114,-0.8596556758581844,2.26796344676856,0.6285897904040327,0.7716559234106314,-0.3247019870289872,0.027848118850371674,1,0,1,0,0,0,1,0,0,0
1115,1.8305037411516483,0.2011422527170301,0.0984900345588273,0.7716559234106314,1.6656186028656241,-0.015883864461047736,1,0,1,0,0,0,1,0,0,0
1116,-0.8250777913207828,-0.9470917439782642,-0.7394095795190786,-0.9229765408350966,-0.5608417180334326,-0.9363379893966373,1,0,0,0,0,0,1,0,0,1
1117,-0.493130099761729,-0.4877981453001465,0.8679896801405774,-0.9229765408350966,-0.06326157055977977,0.5359721154211495,1,0,1,0,0,0,1,0,0,0
1118,2.1278735481733007,0.430789052056089,1.5861893493502104,-0.9229765408350966,0.5102206333081591,0.06949762676600921,1,0,1,1,0,0,0,0,0,1
1119,0.9314787431792106,2.038316647429501,1.6887893020944436,-0.9229765408350966,0.19817884590942766,0.7400547042077735,1,0,1,0,0,0,0,0,0,1
1120,-0.12660452366527364,0.7752592510646773,1.2441895068694326,-0.9229765408350966,-0.5861424034981947,0.36312665757125384,1,0,1,1,0,0,0,0,1,0
1121,-1.4820575975314103,2.1531400470990305,-1.081409421999856,-0.9229765408350966,-0.8813170672537515,0.5068174598802033,1,0,1,0,0,0,1,0,1,0
1122,-0.25800048490739913,-1.7508555416649703,-0.18286062950670848,-0.9229765408350966,-0.5692752798550199,-0.6093893522588826,1,0,1,0,0,0,1,0,0,0
1123,-0.22342260036999767,-1.0619151436477936,-0.43160972128637815,0.7716559234106314,-0.22349924516993916,0.11947703626477425,1,1,1,0,0,0,1,1,0,0
1124,1.0559591275138558,-0.6026215449696759,-1.645558368511799,0.7716559234106314,1.9186254575132444,-0.2866056659126917,1,0,1,1,0,0,1,0,0,1
1125,-0.5138768304841699,-0.4877981453001465,0.5088898455357599,-0.9229765408350966,0.02950760947768093,-0.6385440077998289,1,0,0,0,0,0,0,0,0,0
1126,-0.09894221603535247,-0.6026215449696759,0.5409485609287995,-0.9229765408350966,0.054808294942442944,-0.34491497699458423,1,1,1,0,0,0,1,0,0,1
1127,-1.8209208659979446,-0.37297474563061705,0.6088056725321289,-0.9229765408350966,-0.9825198091127995,0.5484669677958408,1,1,1,0,0,1,0,0,0,0
1128,1.2426797040158237,-0.4877981453001465,0.043329742504387904,0.7716559234106314,1.5981501082929255,-0.6801935157154664,1,0,1,1,0,0,0,0,1,0
1129,0.33673912913590576,-0.7174449446392054,-0.72571752233334,0.7716559234106314,0.6788918697399059,-0.299100518287383,1,1,1,0,0,0,1,1,0,0
1130,-0.5484547150215713,-0.6026215449696759,-0.8011143130037055,0.7716559234106314,-0.0042266378086684145,-0.31992527224520173,1,0,1,1,0,0,1,1,0,0
1131,2.3837498937500716,-1.406385342656382,0.7822182910739692,-0.9229765408350966,3.0740234270707094,-0.45112122217945994,1,1,1,0,0,0,0,0,0,1
1132,0.6133622054351173,-0.25815134596108763,0.3750756214539953,-0.9229765408350966,0.6367240606319692,-0.5843996475095,1,1,1,0,0,0,1,1,0,0
1133,-0.07819548531291161,-0.6026215449696759,-0.18286062950670848,-0.9229765408350966,-0.33313554885057456,0.8774980803293774,1,0,1,0,0,0,1,0,0,1
1134,1.4432314343327521,-0.9470917439782642,-0.9896062896796192,0.7716559234106314,0.23191309319577702,-0.19705922389407102,1,1,1,0,0,0,1,0,0,1
1135,0.46813509037803125,-0.9470917439782642,0.050869421571424024,-0.9229765408350966,2.8547508197094387,-0.14083238820796035,1,1,0,0,0,0,0,1,0,0
1136,1.083621435143777,0.2011422527170301,0.2865899479232549,-0.9229765408350966,0.9403322862091132,-0.4386263698047687,1,0,1,0,0,0,0,0,0,1
1137,0.6825179745099202,-0.9470917439782642,0.9192896565126935,0.7716559234106314,1.7668213447246723,-0.013801389065265861,1,0,1,0,0,0,0,0,1,0
1138,0.8899852817343289,0.2011422527170301,1.3125894753655885,-0.9229765408350966,-0.4680725379959719,-0.24703863339283605,1,0,1,0,0,0,0,1,0,0
1139,0.9522254739016516,-1.7508555416649703,-0.5975429781937185,-0.9229765408350966,1.5728494228281635,-0.5219253856360437,1,0,1,0,0,0,1,0,1,0
1140,-0.8458245220432238,-0.7174449446392054,0.2523899636751775,-0.9229765408350966,-1.024687618220736,-0.6218842046335739,1,1,1,0,0,0,0,0,0,1
1141,-1.1293631752499156,0.2011422527170301,0.2181899794270991,-0.9229765408350966,0.282514464125301,1.1461374063852394,1,0,1,1,0,1,1,0,0,1
1142,0.8623229741044077,-0.6026215449696759,0.5088898455357599,0.7716559234106314,1.058402151711336,0.6838278685216628,1,0,1,0,0,0,0,1,0,0
1143,-0.043617600775510156,-0.25815134596108763,0.4062898927915267,-0.9229765408350966,-0.8813170672537515,1.2231889960291689,1,1,1,0,0,0,1,1,0,0
1144,1.3394977807205477,-0.25815134596108763,0.08139004243478862,-0.9229765408350966,7.155867348718981,-0.9946473004785298,1,0,1,0,0,0,0,1,0,0
1145,0.6617712437874794,0.2011422527170301,0.11559002668286597,-0.9229765408350966,0.5523884424160957,0.9024877850787599,1,0,1,0,0,0,0,0,0,0
1146,-0.10585779294283276,-1.0619151436477936,-0.7394095795190786,-2.6176090050808245,-0.12229650331089113,-0.9800699727080566,1,0,0,0,1,0,0,0,1,0
1147,0.5442064363603144,-0.6026215449696759,0.4655517702584341,-0.9229765408350966,0.5692555660592705,1.5313953546048866,1,0,1,0,0,0,0,1,0,0
1148,-0.8665712527656646,-1.406385342656382,0.2523899636751775,0.7716559234106314,-1.5391348893375636,-0.9883998742911841,1,0,1,0,0,0,1,1,0,0
1149,1.346413357628028,3.875491042141972,0.49178985341172116,0.7716559234106314,0.881297353458002,2.5601382001211337,1,0,1,0,0,0,0,1,0,0
1150,0.35057028295086634,1.234552849742795,0.11872653317475337,0.7716559234106314,0.8728637916364146,0.2673327893652875,1,0,1,0,0,0,0,0,1,0
1151,-0.20959144655503711,0.08631885304750067,-0.7052095952710001,0.7716559234106314,0.23191309319577702,-0.6031419260715369,0,0,0,0,0,0,1,0,0,1
1152,-0.7213441377085785,-1.8656789413344996,-1.8338090754575673,-0.9229765408350966,-0.44277185253120993,-1.1341731519959155,0,1,0,0,0,0,0,0,0,0
1153,-0.20267586964755682,-0.8322683443087349,0.2865899479232549,-0.9229765408350966,1.311409006358956,-0.4761109269288425,1,0,1,1,0,0,0,0,0,0
1154,0.5234597056378736,-0.7174449446392054,-0.3974097370383008,-0.9229765408350966,0.5355213187729211,-0.13874991281217847,1,0,1,0,0,0,0,0,0,0
1155,0.5027129749154328,-0.7174449446392054,1.9281891918309884,-0.9229765408350966,1.783688468367847,-0.017966339856829616,1,0,1,1,0,0,0,0,1,0
1156,1.968815279301254,-0.1433279462915582,-0.5000096897825339,-0.9229765408350966,0.5523884424160957,1.2086116682586958,1,1,0,0,0,0,0,0,0,0
1157,-0.34790298470464287,1.4641996490818538,-0.3974097370383008,-0.9229765408350966,0.32468227323323773,-0.11584268345857782,1,0,0,0,0,0,0,0,1,0
1158,-1.4820575975314103,-0.9470917439782642,0.833789695892499,-0.9229765408350966,-1.9186451713089938,-0.4302964682216412,1,1,1,0,0,0,0,0,0,1
1159,1.4017379728878703,3.9903144418115013,-0.910409500759467,-0.9229765408350966,1.083702837176098,-0.6343790570082651,1,0,1,0,0,0,0,0,0,1
1160,1.0006345122540137,-0.8322683443087349,0.38918990066748804,-0.9229765408350966,1.7499542210814976,0.9045702604745417,1,1,1,0,0,0,0,0,0,1
1161,0.35748585985834663,-0.8322683443087349,-0.7052095952710001,-0.9229765408350966,0.98250009531705,1.6646737799349267,1,1,1,0,0,0,0,1,0,0
1162,-0.8942335603955858,-0.9470917439782642,-0.9446094850075449,-0.9229765408350966,-0.6789115835356554,-0.14499733899952408,1,1,0,0,0,0,0,0,1,0
1163,-0.07819548531291161,0.08631885304750067,0.14979001093094332,-0.9229765408350966,-0.037960885095017764,0.06533267597444545,1,0,0,0,1,1,0,1,0,0
1164,-0.659103945541256,0.7752592510646773,-0.16024159230559906,0.7716559234106314,-0.08856225602454178,0.2236008060538681,1,0,1,1,0,0,1,1,0,0
1165,0.0532004759292139,2.26796344676856,-0.2948097842940676,-0.9229765408350966,0.8222624207068906,-0.4886057793035337,1,1,1,0,0,0,1,0,0,0
1166,1.1458616273110998,1.0049060504037362,-0.4618287549870609,0.7716559234106314,1.935492581156419,3.3952108338296663,1,0,1,0,0,0,1,1,0,0
1167,1.8719972025965301,-0.6026215449696759,-1.3208093117364006,0.7716559234106314,2.7113802687424537,-0.7301729252142314,0,0,0,0,0,0,1,0,0,0
1168,0.48196624419299183,0.6604358513951478,-0.2356383829759645,-0.9229765408350966,-1.1596246073661336,-0.16790456835312473,1,0,1,0,0,0,0,0,0,1
1169,-2.208193172816841,0.8900826507342067,-0.8078095480152344,-4.312241469326553,-1.572869136623913,-0.08877050331341342,1,0,1,1,0,0,1,0,1,0
1170,-0.6452727917262954,0.31596565238655955,0.2523899636751775,0.7716559234106314,-0.24879993063470118,-0.8426265965864528,1,0,1,0,0,0,1,0,0,1
1171,-0.9495581756554281,-0.37297474563061705,-0.22055902484189122,0.7716559234106314,-1.0584218655070854,-1.007142152853221,1,0,1,0,0,0,1,1,0,0
1172,-1.378323943919206,1.4641996490818538,2.780233243838654,0.7716559234106314,-1.9102116094874064,-0.5656573689474632,0,0,0,0,0,0,1,0,0,0
1173,0.3989793213032284,0.5456124517256185,-0.6654000897970479,0.7716559234106314,-1.294561596511531,-0.9488328417713285,1,1,0,0,0,1,1,1,0,0
1174,0.16384970644889854,0.430789052056089,1.1969006397609792,0.7716559234106314,2.5511425941322945,0.7754567859360654,1,0,1,0,0,0,1,0,1,0
1175,-0.6245260610038544,-0.028504546622028767,-0.10670987092964004,0.7716559234106314,-0.9656526854696248,-0.8197193672328521,1,0,1,0,0,0,0,0,1,0
1176,0.9937189353465333,0.31596565238655955,-1.8943677777240047,0.7716559234106314,-0.6367437744277187,-0.08460555252184966,0,0,0,0,0,1,0,1,0,0
1177,-0.2718316387223597,-0.6026215449696759,4.061978685234867,0.7716559234106314,-0.4343382907096226,0.5026525090886396,1,1,1,0,0,0,0,0,0,1
1178,-0.20267586964755682,-0.7174449446392054,-1.0273046850148018,0.7716559234106314,-0.24879993063470118,-0.7010182696732852,1,1,1,0,0,0,1,0,0,0
1179,1.7406012413544045,0.6604358513951478,-1.291193452361081,0.7716559234106314,0.5270877569513338,0.2485905108032506,0,1,0,0,0,0,0,1,0,0
1180,-1.3368304824743242,0.08631885304750067,-0.4241303596518782,-0.9229765408350966,-1.1427574837229588,-1.5027712970493077,0,0,0,0,0,1,1,0,1,0
1181,0.08086278355913505,0.08631885304750067,-0.6955588060651934,0.7716559234106314,-0.9572191236480374,-0.14083238820796035,1,1,0,0,0,1,1,0,1,0
1182,0.7032647052323611,-0.37297474563061705,-0.8689714246070342,0.7716559234106314,-0.6367437744277187,-1.4278021828011602,0,0,0,0,0,0,1,0,0,1
1183,-0.6729350993562165,-0.8322683443087349,-0.8689714246070342,-0.9229765408350966,-0.7042122690004173,-0.5531625165727719,1,1,0,0,0,0,1,0,0,0
1184,1.3049198961831463,-0.028504546622028767,-1.2082569826236789,0.7716559234106314,-0.19819855970517716,-0.5135954840529162,0,0,0,0,0,0,1,0,0,1
1185,-1.0394606754526718,0.7752592510646773,-0.1922098315498345,0.7716559234106314,-0.29096773974263784,-0.3032654690789467,1,0,1,0,0,0,0,0,0,0
1186,-0.9288114449329872,0.31596565238655955,-1.4576092487287116,0.7716559234106314,1.10900352264086,-0.6302141062167014,0,0,0,0,0,0,1,0,0,1
1187,1.2150173963859026,-0.028504546622028767,-0.9788094692556227,0.7716559234106314,-1.0584218655070854,-1.3861526748855226,1,0,1,0,0,0,0,0,0,1
1188,0.0532004759292139,-0.7174449446392054,-0.6368096267748454,0.7716559234106314,-0.543974594390258,-0.4219665666385137,1,1,0,0,0,0,0,0,1,0
1189,0.8899852817343289,-0.028504546622028767,1.800074965123903,0.7716559234106314,0.4090178914491111,1.9437254829696982,1,0,1,0,0,0,0,0,1,0
1190,2.224691624878025,0.08631885304750067,-0.9368285362103631,0.7716559234106314,2.6945131450992794,1.2169415698418233,0,0,0,0,0,0,0,1,0,0
1191,-0.8873179834881055,0.08631885304750067,0.2352899715511378,-0.9229765408350966,0.24034665501736435,-0.5135954840529162,1,1,0,0,0,1,0,0,0,1
1192,0.20534316789378027,1.1197294500732655,-0.3185748527133661,0.7716559234106314,0.6029898133456199,-0.653121335570302,0,1,0,0,0,1,0,0,0,0
1193,-0.2856627925373203,-0.9470917439782642,0.013171026236241294,0.7716559234106314,1.2523740736078448,-0.2428736826012723,1,0,1,0,0,0,0,1,0,0
1194,0.17768086026385913,0.2011422527170301,0.254440756381411,0.7716559234106314,0.5017870714865718,-0.7572451053593958,1,0,1,0,0,0,0,0,0,0
1195,0.9937189353465333,0.7752592510646773,-1.0472094377517787,-0.9229765408350966,2.466806975916421,0.6213536066482065,1,0,1,1,0,0,1,0,0,0
1196,-1.5857912511436147,-0.1433279462915582,-0.8693695196617738,0.7716559234106314,-0.4849396616391466,-0.19081179770672538,1,0,1,1,0,0,1,0,0,0
1197,-0.32024067707472176,0.8900826507342067,-1.0472094377517787,-0.9229765408350966,-0.543974594390258,-0.8009770886708153,1,0,1,0,0,0,1,0,0,1
1198,0.004791437576851873,-0.7174449446392054,-0.021209910309445586,0.7716559234106314,-0.2319328069915265,-0.8551214489611441,1,0,1,1,0,0,1,0,0,0
1199,-0.0021241393306284167,0.5456124517256185,1.0389896013809663,-0.9229765408350966,-0.8644499436105767,1.8208594346185676,1,0,1,0,0,0,1,0,0,0
1200,0.24683662933866202,-0.1433279462915582,-1.3208093117364006,-2.6176090050808245,-1.269260911046769,-1.2632866265343918,1,0,1,1,0,0,1,1,0,0
1201,-1.329914905566844,1.1197294500732655,0.833789695892499,-0.9229765408350966,-1.4885335184080397,-1.2382969217850093,1,0,1,1,0,0,1,0,1,0
1202,-0.34790298470464287,-0.25815134596108763,1.0731895856290437,0.7716559234106314,-1.3198622819762929,0.3652091329670357,1,0,1,1,0,0,1,1,0,0
1203,-0.0021241393306284167,-0.1433279462915582,-0.8078095480152344,-4.312241469326553,0.004206924012918922,0.2548379369905962,1,0,1,0,0,0,1,0,0,0
1204,1.8581660487815694,-0.37297474563061705,-0.021209910309445586,0.7716559234106314,0.09697610405037962,-0.5094305332613525,1,0,1,0,0,0,1,0,0,1
1205,-0.12660452366527364,1.4641996490818538,-0.24350980792195054,0.7716559234106314,-0.5777088416766073,-0.4302964682216412,1,0,1,0,0,0,1,0,1,0
1206,-1.661862597125898,0.31596565238655955,-0.8078095480152344,-0.9229765408350966,-1.4800999565864523,-1.0966885948718417,1,0,1,0,0,0,1,0,0,1
1207,-0.9288114449329872,1.1197294500732655,-0.15800984730175607,-0.9229765408350966,-0.3500026724937492,0.002858414100989153,1,0,1,0,0,0,1,0,1,0
1208,1.6852766260945622,1.1197294500732655,0.8679896801405774,0.7716559234106314,0.6114233751672071,-0.29077061670425547,1,0,1,0,0,0,0,1,0,0
1209,-1.8900766350727474,0.7752592510646773,-0.9446094850075449,-0.9229765408350966,-1.3788972147274043,-0.332420124619893,1,0,1,0,0,0,1,0,0,0
1210,1.581542972482358,-0.25815134596108763,-0.19904982839944932,-0.9229765408350966,1.3282761300021309,0.4859927059223845,1,0,1,0,0,0,1,0,1,0
1211,-1.087869713805034,-0.6026215449696759,-0.3974097370383008,-0.9229765408350966,-1.4041979001921663,-0.7947296624834697,0,0,0,1,0,1,1,1,0,0
1212,-0.20267586964755682,-0.1433279462915582,-0.5000096897825339,-0.9229765408350966,-0.029527323273430425,-0.5302552872191713,0,0,0,1,0,0,1,1,0,0
1213,0.4888818211004721,0.8900826507342067,-0.24350980792195054,0.7716559234106314,1.4632131191475282,0.8046114414770117,1,0,1,0,0,1,1,0,1,0
1214,-0.19576029274007653,-0.028504546622028767,1.1928895304973155,-2.6176090050808245,-0.771680763573116,-0.7863997609003421,1,0,1,1,0,0,1,1,0,0
1215,-1.661862597125898,-0.7174449446392054,-0.10670987092964004,-0.9229765408350966,-1.3873307765489915,-0.9529977925628922,1,1,1,1,0,0,1,0,0,1
1216,-0.7213441377085785,-0.37297474563061705,0.2523899636751775,0.7716559234106314,-0.3753033579585112,-0.8634513505442716,1,0,1,0,0,1,0,0,0,1
1217,-0.6245260610038544,2.1531400470990305,-0.1409098551777174,-0.9229765408350966,-0.670478021714068,-0.33658507541145677,1,0,1,1,0,0,0,0,0,0
1218,-0.9288114449329872,0.7752592510646773,-0.36320975279022233,-0.9229765408350966,-0.5524081562118452,0.09032238072382798,1,0,1,1,0,0,1,0,0,1
1219,1.4570625881477126,-0.1433279462915582,0.13269001880690465,-0.9229765408350966,0.21504596955260233,3.0349425903594014,1,0,1,1,0,0,0,0,0,1
1220,-1.3852395208266863,-1.406385342656382,-1.5944091857210227,-2.6176090050808245,-1.2017924164740703,-0.29077061670425547,1,0,1,0,0,0,1,0,0,1
1221,-1.1501099059723565,-0.028504546622028767,-0.5684096582786897,0.7716559234106314,-0.771680763573116,-0.9113482846472547,0,1,0,0,0,0,1,0,0,1
1222,0.12235624500401679,-0.6026215449696759,0.7653897273963433,0.7716559234106314,-0.10542937966771646,-0.7051832204648489,1,0,1,1,0,0,1,1,0,0
1223,-1.2953370210294426,0.5456124517256185,-0.15800984730175607,0.7716559234106314,-1.5813026984455003,-0.8447090719822347,1,1,1,0,0,1,1,1,0,0
1224,0.7170958590473216,-0.37297474563061705,0.14979001093094332,-0.9229765408350966,0.1644445986230783,-0.8030595640665971,1,0,1,1,0,0,1,0,0,1
1225,-1.4543952899014891,-1.0619151436477936,-0.46580970553445655,-0.9229765408350966,-0.45120541435279726,0.4193534932573645,1,0,1,0,0,0,1,0,0,0
1226,-0.8665712527656646,0.7752592510646773,-0.2606098000459892,0.7716559234106314,-1.4379321474785156,-0.7572451053593958,1,0,1,1,0,0,0,0,0,0
1227,1.2011862425709419,0.31596565238655955,0.5430898297838382,0.7716559234106314,0.8053952970637159,-0.8030595640665971,1,0,1,0,0,0,1,1,0,0
1228,-0.07819548531291161,-1.0619151436477936,0.11559002668286597,-0.9229765408350966,0.15601103680149098,-0.9425854155839829,1,0,1,0,0,0,0,0,0,1
1229,-0.5692014457440122,-0.028504546622028767,0.9021896643886548,-0.9229765408350966,0.15601103680149098,-0.6926883680901577,1,1,1,1,0,0,1,0,0,0
1230,0.04628489902173361,-0.25815134596108763,0.2694899557992162,0.7716559234106314,-0.6873451453572427,0.07991000374491859,1,0,1,1,0,0,1,0,0,1
1231,2.307678547767788,-0.9470917439782642,0.502049848686145,0.7716559234106314,1.0162343426033993,-0.20955407626876227,1,0,1,0,0,0,0,0,1,0
1232,0.17076528335637883,0.430789052056089,-0.8420095322633118,0.7716559234106314,-0.07169513238136711,-0.5989769752799732,1,0,1,0,0,0,0,0,1,0
1233,0.15001855263393796,1.4641996490818538,0.5601898219078769,0.7716559234106314,-0.7885478872162908,1.5397252561880141,1,0,1,0,0,0,1,1,0,0
1234,0.35748585985834663,0.31596565238655955,0.20108998730306044,0.7716559234106314,-0.18976499788358983,-0.48027587772040625,1,0,1,1,0,0,1,0,0,1
1235,-0.3963120230570049,0.5456124517256185,1.3125894753655885,0.7716559234106314,-0.7295129544651794,-0.8176368918370702,1,0,1,0,0,0,1,0,1,0
1236,2.3284252784902293,-1.0619151436477936,1.27838949111751,-0.9229765408350966,0.206612407731015,2.049931728154574,1,0,1,0,0,0,0,1,0,0
1237,-0.9633893294703887,1.0049060504037362,-0.6710096110229228,-0.9229765408350966,-1.294561596511531,-0.9051008584599091,1,0,1,1,0,0,0,0,1,0
1238,2.1762825865256628,-0.7174449446392054,-0.7394095795190786,0.7716559234106314,1.5306816137202268,-0.6302141062167014,1,0,1,0,0,0,0,1,0,0
1239,1.2634264347382647,0.2011422527170301,0.5772898140319156,0.7716559234106314,0.7547939261341918,-0.4886057793035337,1,0,1,1,0,0,0,0,1,0
1240,0.8277450895670063,-0.8322683443087349,0.4575898691636438,0.7716559234106314,0.1644445986230783,-0.13042001122905095,1,0,1,0,0,0,0,0,0,1
1241,-0.6037793302814136,1.1197294500732655,-0.910409500759467,-2.6176090050808245,-1.1174567982581969,-0.1366674374163966,1,0,0,0,0,0,0,0,0,0
1242,-0.5484547150215713,1.234552849742795,-1.5260092172248674,-0.9229765408350966,-1.3282958437978802,-1.2841113804922106,1,0,1,1,0,0,1,0,1,0
1243,1.4501470112402324,-1.0619151436477936,1.1757895383732768,-0.9229765408350966,0.5776891278808578,-0.41155418965960433,0,1,0,1,0,0,1,0,0,1
1244,0.10852509118905622,-1.636032141995441,2.8173887822810104,0.7716559234106314,0.26564734048212635,0.6817453931258809,1,1,1,0,0,0,0,0,0,0
1245,0.35057028295086634,-1.2915619429868526,2.0307891445752215,0.7716559234106314,0.30781514959006306,0.9899517517015987,1,1,0,0,1,0,1,1,0,0
1246,-1.184687790509758,-0.1433279462915582,1.2099895226213542,-0.9229765408350966,-0.9993869327559741,0.8420959986010854,1,0,1,0,0,0,1,0,0,1
1247,-0.23725375418495825,-0.9470917439782642,1.722989286342521,0.7716559234106314,0.2993815877684757,-0.3761521079313124,0,0,0,1,0,0,1,0,0,0
1248,0.43355720584062984,-0.9470917439782642,-0.329009768542145,0.7716559234106314,0.5017870714865718,-0.28452319051690983,1,0,0,0,1,0,1,0,1,0
1249,-0.4723833690392881,-0.7174449446392054,0.8748296769901922,0.7716559234106314,-1.1174567982581969,0.3235596250513982,1,0,1,0,0,0,1,1,0,0
1250,0.48196624419299183,1.9234932477599715,1.1655295430988541,-0.9229765408350966,0.33311583505482506,-0.4302964682216412,1,0,0,0,1,0,1,0,0,0
1251,0.8899852817343289,-0.7174449446392054,0.2181899794270991,0.7716559234106314,0.181311722266253,0.09448733151539172,1,0,1,1,0,1,0,0,0,1
1252,0.35057028295086634,-1.0619151436477936,-0.5342096740306113,-0.9229765408350966,-0.5777088416766073,-0.19289427310250726,1,0,1,0,0,0,1,0,0,1
1253,0.8761541279193683,-0.8322683443087349,0.2523899636751775,0.7716559234106314,0.6282904988103818,-0.015883864461047736,1,0,1,0,0,0,0,0,1,0
1254,-1.4613108668089696,0.08631885304750067,-0.05540989455752294,-2.6176090050808245,-1.496967080229627,-0.5469150903854263,1,0,1,1,0,0,1,0,0,0
1255,0.8208295126595261,-0.37297474563061705,0.4233898849155654,-0.9229765408350966,0.8138288588853032,0.5422195416084952,1,0,1,0,0,0,0,0,1,0
1256,-0.7766687529684209,0.8900826507342067,1.2441895068694326,-0.9229765408350966,-0.8560163817889894,0.6630031145638441,1,0,1,1,0,0,0,0,1,0
1257,-1.1708566366947974,0.31596565238655955,-0.5000096897825339,0.7716559234106314,-1.2861280346899435,0.7233949010415185,0,1,0,0,0,1,1,0,0,0
1258,1.8374193180591285,-0.028504546622028767,1.9281891918309884,0.7716559234106314,0.9656329716738753,0.3443843790092169,0,0,0,0,0,0,0,0,1,0
1259,0.09469393737409564,-0.028504546622028767,0.2181899794270991,0.7716559234106314,-0.9656526854696248,-0.4532036975752418,1,0,1,1,0,0,0,1,0,0
1260,-0.5968637533739333,-0.8322683443087349,-1.2079493637177436,-2.6176090050808245,-0.8391492581458148,-1.3528330685530126,0,0,0,0,0,0,1,1,0,0
1261,-0.2994939463522809,-1.406385342656382,-0.6197096346508058,0.7716559234106314,-0.6367437744277187,0.544302017004277,1,0,0,0,0,0,0,0,0,1
1262,2.3145941246752684,-1.0619151436477936,1.5177893808540546,-0.9229765408350966,2.3403035485926114,2.0770039082997385,0,1,0,0,0,0,0,0,0,0
1263,1.3533289345355084,-0.1433279462915582,1.9281891918309884,0.7716559234106314,1.2861083208941941,1.6105294196445978,1,1,1,0,0,0,0,0,0,1
1264,0.8415762433819669,-0.25815134596108763,0.7311897431482659,-0.9229765408350966,0.01264048583450626,0.2402606092201231,1,1,1,0,0,0,0,0,1,0
1265,-0.15426683129519478,-0.37297474563061705,0.7311897431482659,0.7716559234106314,-0.5186739089254959,0.5380545908169314,1,1,0,0,0,0,0,0,0,0
1266,-0.36864971542708375,-0.6026215449696759,0.18398999517902176,-0.9229765408350966,-0.3500026724937492,-0.15957466676999724,1,1,0,0,0,0,0,1,0,0
1267,1.4778093188701535,-1.2915619429868526,-0.329009768542145,0.7716559234106314,2.289702177663087,0.04867287280819044,0,1,0,0,0,0,0,1,0,0
1268,0.4957973980079524,-0.1433279462915582,-0.46580970553445655,0.7716559234106314,0.9150316007443513,1.037848685804582,1,0,1,0,0,0,0,0,0,1
1269,-0.6245260610038544,0.6604358513951478,0.6285897904040327,-0.9229765408350966,-1.2861280346899435,1.8166944838270038,1,0,1,1,0,0,0,0,0,0
1270,1.0213812429764544,-0.1433279462915582,-1.2866093274883228,0.7716559234106314,-0.3668697961369239,0.2402606092201231,0,0,0,0,0,0,0,1,0,0
1271,-0.6867662531711771,0.6604358513951478,0.6627897746521101,0.7716559234106314,0.07167541858561761,0.38811636232063634,1,0,1,0,0,0,1,0,0,0
1272,0.21917432170874085,1.0049060504037362,1.89398920758291,-0.9229765408350966,0.021074047656093595,-0.40114181268069493,0,0,0,0,0,1,1,1,0,0
1273,-0.5138768304841699,-0.25815134596108763,0.20166300291215494,0.7716559234106314,-0.6367437744277187,-0.7947296624834697,1,0,1,0,1,0,1,0,1,0
1274,-0.06436433149795102,1.4641996490818538,0.11559002668286597,-0.9229765408350966,1.1174370844624473,0.7233949010415185,1,1,1,0,0,1,1,1,0,0
1275,0.20534316789378027,0.08631885304750067,0.6456897825280714,0.7716559234106314,-0.24879993063470118,0.765044408957156,1,0,1,0,0,0,0,0,1,0
1276,-1.3229993286593638,-0.7174449446392054,-1.1498093904960116,-0.9229765408350966,-0.3078348633858125,-1.0050596774574392,0,0,0,0,0,0,1,0,0,0
1277,0.7516737435847232,-0.8322683443087349,-1.1498093904960116,0.7716559234106314,1.1005699608192727,-0.23662625641392668,1,0,1,0,0,0,0,0,0,1
1278,0.48196624419299183,-0.25815134596108763,-0.43160972128637815,-0.9229765408350966,1.210206264499908,1.4647561419398665,1,0,1,0,0,0,1,0,1,0
1279,0.6825179745099202,-0.028504546622028767,0.0984900345588273,-0.9229765408350966,1.783688468367847,-0.18248189612359786,1,0,1,1,0,0,0,0,0,1
1280,-0.17501356201763565,0.7752592510646773,0.2181899794270991,-0.9229765408350966,1.3788775009316547,0.33188952663452564,1,1,1,1,0,0,0,0,1,0
1281,-0.0021241393306284167,-1.0619151436477936,0.4233898849155654,0.7716559234106314,0.5523884424160957,0.7837866875191929,1,0,1,0,0,0,0,0,0,1
1282,-1.329914905566844,0.7752592510646773,0.49178985341172116,-0.9229765408350966,-0.9993869327559741,0.7608794581655922,1,0,1,0,0,0,1,1,0,0
1283,-1.329914905566844,-0.8322683443087349,-0.43160972128637815,0.7716559234106314,-1.0584218655070854,-0.11167773266701407,0,1,0,0,0,0,1,0,1,0
1284,-0.7559220222459799,0.6604358513951478,-0.8420095322633118,-0.9229765408350966,-1.2608273492251816,0.4151885424658007,1,0,1,1,0,0,1,0,0,1
1285,0.41281047511818897,-0.028504546622028767,0.49178985341172116,0.7716559234106314,1.3029754445373687,-0.29077061670425547,1,0,1,0,0,0,1,1,0,0
1286,-0.09202663912787218,1.3493762494123245,0.8679896801405774,-0.9229765408350966,0.7547939261341918,0.6942402455005722,1,0,1,1,0,1,1,0,1,0
1287,0.29524566769102406,-0.25815134596108763,-0.2606098000459892,-0.9229765408350966,1.3198425681805435,0.7275598518330822,1,1,1,0,0,0,1,0,0,1
1288,0.9038164355492895,-1.406385342656382,-0.10670987092964004,-0.9229765408350966,1.3535768154668928,-0.4886057793035337,0,0,0,0,0,0,1,1,0,0
1289,1.9480685485788132,0.08631885304750067,-1.4234092644806338,-0.9229765408350966,2.0451288848370544,1.5980345672699068,1,0,1,1,0,1,1,0,0,0
1290,1.15277720421858,-0.37297474563061705,-0.46580970553445655,-0.9229765408350966,2.3234364249494366,-0.33033764922411113,1,0,1,0,0,0,1,0,0,0
1291,0.5303752825453539,-0.4877981453001465,-0.12380986305367872,0.7716559234106314,0.14757747497990364,0.07158010216179109,1,0,1,1,0,0,1,0,0,1
1292,0.10160951428157593,1.0049060504037362,-0.6026096425267671,-0.9229765408350966,1.0668357135329234,0.18195129813823055,1,0,1,1,0,0,1,0,1,0
1293,0.5787843208977159,-0.37297474563061705,-0.2948097842940676,0.7716559234106314,1.3029754445373687,-0.19289427310250726,1,0,1,0,0,0,1,0,0,1
1294,-1.5857912511436147,-0.1433279462915582,-0.5171096819065726,-0.9229765408350966,-0.6283102126061313,0.6505082621891528,1,0,1,0,0,0,1,1,0,0
1295,-1.613453558773536,0.8900826507342067,-0.15800984730175607,-0.9229765408350966,1.0415350280681612,1.116982750844293,1,0,1,0,0,0,1,0,0,0
1296,-0.9357270218404675,-0.37297474563061705,0.047190058186710196,-0.9229765408350966,-0.41747116706644793,-1.1445855289748248,1,0,1,1,0,0,1,0,0,0
1297,0.09469393737409564,0.430789052056089,-0.7565095716431173,-0.9229765408350966,0.35841652051958706,4.005376124793756,1,0,1,1,0,1,1,1,0,0
1298,1.6230364339272396,-0.8322683443087349,2.1333890973194545,-0.9229765408350966,1.4463459955043534,0.2048585274918312,1,0,1,0,0,0,1,0,1,0
1299,1.8305037411516483,-0.7174449446392054,-1.6970091384652557,-0.9229765408350966,0.4849199478433971,-0.18456437151937974,0,1,0,0,0,1,1,0,1,0
1300,-0.804331060598342,0.6604358513951478,-0.15800984730175607,-0.9229765408350966,-0.2741006160994632,2.3997875946459293,1,0,1,1,0,0,1,0,1,0
1301,2.037971048376057,-0.028504546622028767,-1.714109130589295,0.7716559234106314,1.083702837176098,-1.0217194806236942,0,0,0,0,0,0,0,0,1,0
1302,1.5677118186673973,1.8086698480904422,-0.46580970553445655,-0.9229765408350966,0.9065980389227639,-1.546503280360727,1,0,1,1,0,0,0,1,0,0
1303,-0.5484547150215713,3.645844242802913,0.5259898376597996,-0.9229765408350966,-0.4596389761743846,-0.47194597613727873,1,0,1,0,0,0,0,0,0,0
1304,-0.541539138114091,-0.9470917439782642,-1.4918092329767896,-0.9229765408350966,-0.9825198091127995,-0.10543030647966843,0,1,0,1,0,0,1,1,0,0
1305,0.14310297572645767,-0.4877981453001465,1.0731895856290437,-0.9229765408350966,1.3029754445373687,0.4006112146953276,1,0,1,0,0,0,0,0,0,0
1306,-0.1473512543877145,1.1197294500732655,1.107389569877121,0.7716559234106314,0.7800946115989539,-0.36365725555662115,0,0,0,0,0,0,0,0,0,0
1307,-0.6798506762636968,-0.25815134596108763,0.2181899794270991,-0.9229765408350966,0.19817884590942766,-0.30951289526629233,1,0,1,1,0,0,1,0,0,1
1308,-0.5484547150215713,-0.9470917439782642,-0.8078095480152344,-0.9229765408350966,-0.45120541435279726,-0.6010594506757551,1,0,1,0,0,0,1,0,1,0
1309,0.7032647052323611,-1.0619151436477936,-1.4747092408527502,-0.9229765408350966,0.046374733120855605,-0.5156779594486981,0,0,0,0,0,1,1,1,0,0
1310,1.2565108578307842,-1.0619151436477936,0.5259898376597996,-0.9229765408350966,-0.21506568334835183,0.046590397412408564,1,0,1,0,0,0,0,0,0,1
1311,0.2675833600611029,1.5790230487513832,0.4233898849155654,-0.9229765408350966,0.3499829586979997,1.2065291928629138,1,0,1,0,0,0,0,0,0,1
1312,-0.8250777913207828,0.08631885304750067,0.2865899479232549,-0.9229765408350966,-0.0042266378086684145,-0.08460555252184966,1,0,1,0,0,0,0,0,0,1
1313,-1.067122983082593,0.430789052056089,1.0731895856290437,-0.9229765408350966,0.6620247460967311,1.1273951278232026,1,0,1,0,0,0,1,0,0,0
1314,-0.7351752915235391,-0.37297474563061705,-0.3974097370383008,0.7716559234106314,0.6282904988103818,-0.7280904498184496,1,1,0,0,0,1,0,0,1,0
1315,-0.036702023868029864,1.0049060504037362,1.5177893808540546,-0.9229765408350966,-0.15603075059724048,-0.21996645324767164,1,0,1,0,0,0,0,0,1,0
1316,-0.8181622144133026,-0.6026215449696759,-0.7907095558911946,-0.9229765408350966,-1.8511766767362952,-1.5819053620890189,1,0,1,1,0,0,0,0,0,1
1317,0.8208295126595261,-1.0619151436477936,1.2441895068694326,-0.9229765408350966,0.4343185769138731,-0.34491497699458423,1,0,1,0,0,0,0,0,0,1
1318,0.509628551822913,-0.028504546622028767,-0.329009768542145,-0.9229765408350966,0.6957589933830806,-0.2866056659126917,1,0,1,1,0,0,0,1,0,0
1319,-0.7282597146160589,0.7752592510646773,0.3549899164194107,-2.6176090050808245,-0.9993869327559741,-0.888441055293654,1,0,1,0,0,0,0,1,0,0
1320,1.5193027803150352,1.1197294500732655,0.2181899794270991,-0.9229765408350966,1.1764720172135588,1.2606735531532427,1,0,1,1,0,0,0,1,0,0
1321,-0.24416933109243855,1.5790230487513832,-0.6026096425267671,-2.6176090050808245,0.33311583505482506,1.3939519784832828,1,0,1,1,0,0,0,1,0,0
1322,-0.8389089451357434,-0.9470917439782642,0.8679896801405774,0.7716559234106314,-0.42590472888803527,1.318982864235135,1,0,1,0,0,0,1,0,0,1
1323,0.19842759098629997,-0.25815134596108763,0.08139004243478862,0.7716559234106314,-0.0042266378086684145,3.297334490227918,1,0,1,0,0,0,1,0,0,0
1324,-0.4239743306869261,-0.9470917439782642,-0.5684096582786897,0.7716559234106314,-0.42590472888803527,-0.9300905632092916,1,0,1,0,0,1,1,0,1,0
1325,-0.8389089451357434,0.5456124517256185,0.047190058186710196,0.7716559234106314,0.33311583505482506,-1.2216371186187542,1,0,1,0,0,0,1,0,0,1
1326,-1.5304666358837724,-1.0619151436477936,2.8173887822810104,-2.6176090050808245,-1.3535965292626422,-0.6177192538420101,0,1,0,0,0,0,1,0,0,0
1327,-0.35481856161212316,0.430789052056089,0.29967883078362983,0.7716559234106314,-0.08856225602454178,-0.2428736826012723,0,1,0,0,0,0,1,1,0,0
1328,-0.5622858688365319,-0.7174449446392054,-0.5000096897825339,0.7716559234106314,-0.594575965319782,-0.3678222063481849,1,0,1,0,0,0,1,0,0,0
1329,0.19842759098629997,-0.1433279462915582,1.3296894674896271,0.7716559234106314,-0.6789115835356554,-0.7634925315467415,1,0,1,0,0,0,1,1,0,0
1330,-0.493130099761729,0.08631885304750067,-0.6368096267748454,-2.6176090050808245,-0.42590472888803527,0.2569204123863781,1,0,1,0,0,0,1,0,0,0
1331,2.6188795086044014,-1.636032141995441,-0.7223095873950399,-0.9229765408350966,1.4294788718611788,1.693828435475873,1,0,1,0,0,0,1,0,0,1
1332,0.4888818211004721,-1.1767385433173232,-0.3974097370383008,-0.9229765408350966,0.5017870714865718,0.7941990644981023,1,0,1,0,0,0,1,0,0,1
1333,0.7516737435847232,-0.6026215449696759,-1.1669093826200503,0.7716559234106314,-0.3415691106721619,0.027848118850371674,1,0,1,0,0,0,1,0,0,1
1334,2.6188795086044014,0.31596565238655955,-0.6277016944618651,-0.9229765408350966,1.935492581156419,1.0274363088256724,1,0,1,0,0,0,1,1,0,0
1335,-0.493130099761729,2.1531400470990305,-0.04714640630005086,-0.9229765408350966,0.9234651625659386,0.4651679519645658,1,0,1,1,0,0,1,0,0,0
1336,-0.35481856161212316,-0.028504546622028767,-0.5342096740306113,0.7716559234106314,-1.016254056399149,-0.8467915473780165,1,1,1,0,0,0,1,0,1,0
1337,-0.2856627925373203,1.234552849742795,-0.15800984730175607,0.7716559234106314,-0.594575965319782,1.06908581674131,1,0,1,0,0,0,1,0,1,0
1338,0.9591410508091318,-0.028504546622028767,0.19412332384511882,-0.9229765408350966,1.1764720172135588,0.2985699203020156,1,0,1,1,0,0,1,0,0,0
1339,0.12927182191149708,-0.028504546622028767,0.2352899715511378,0.7716559234106314,-0.2572334924562885,-0.2428736826012723,1,0,1,0,0,0,1,0,1,0
1340,1.374075665257949,-0.8322683443087349,0.11559002668286597,0.7716559234106314,0.7547939261341918,0.4651679519645658,1,0,1,0,0,0,0,1,0,0
1341,0.9591410508091318,1.5790230487513832,0.833789695892499,-0.9229765408350966,-0.42590472888803527,-0.6801935157154664,1,0,1,0,0,1,0,0,1,0
1342,1.512387203407555,-0.1433279462915582,0.08139004243478862,-0.9229765408350966,2.3571706722357857,-0.09710040489654093,1,0,1,0,0,0,0,0,0,0
1343,1.512387203407555,-0.6026215449696759,0.08139004243478862,-0.9229765408350966,2.778848763315153,-0.28452319051690983,1,0,1,0,0,0,0,0,0,1
1344,-0.35481856161212316,2.3827868464380892,-2.1356375078691743,-2.6176090050808245,-0.5102403471039086,-0.2636984365590911,0,1,0,0,0,0,1,0,1,0
1345,1.374075665257949,0.5456124517256185,0.7822182910739692,-0.9229765408350966,0.24878021683895168,-0.45112122217945994,1,0,1,0,0,0,0,0,0,1
1346,0.5442064363603144,0.6604358513951478,0.19412332384511882,-0.9229765408350966,0.33311583505482506,0.42351844404892824,1,1,0,0,0,1,0,0,0,1
1347,-0.8389089451357434,-1.5212087423259115,-0.5684096582786897,-0.9229765408350966,0.33311583505482506,-0.9509153171671103,0,1,0,0,0,0,1,0,0,0
1348,1.4432314343327521,1.0049060504037362,-0.22640981579791186,-0.9229765408350966,0.24878021683895168,-0.9717400711249291,1,0,1,0,0,0,0,0,0,0
1349,1.0974525889587377,-0.028504546622028767,-1.0301094456277393,-2.6176090050808245,0.5861226897024452,-0.22204892864345352,1,0,1,0,0,0,1,0,0,0
1350,-0.5622858688365319,0.5456124517256185,-0.9788094692556227,0.7716559234106314,-1.269260911046769,-0.47194597613727873,0,1,0,0,0,0,1,1,0,0
1351,0.33673912913590576,-0.028504546622028767,0.337889924295372,-0.9229765408350966,1.007800780781812,-0.1179251588543597,1,0,1,0,0,0,1,0,1,0
1352,0.33673912913590576,-0.25815134596108763,-0.5342096740306113,-0.9229765408350966,-0.2572334924562885,-0.7843172855045603,1,0,1,0,0,0,0,0,0,0
1353,-1.1155320214349551,0.2011422527170301,1.1415895541251995,0.7716559234106314,-1.1849252928308955,-0.5552449919685538,1,0,1,0,0,0,1,0,0,1
1354,1.512387203407555,-0.8322683443087349,-0.6026096425267671,-0.9229765408350966,0.7547939261341918,-0.4302964682216412,1,0,1,0,0,0,1,0,0,1
1355,0.12927182191149708,0.2011422527170301,0.08139004243478862,-0.9229765408350966,0.24878021683895168,-0.5760697459263726,1,0,1,0,0,0,1,1,0,0
1356,-0.35481856161212316,-0.8322683443087349,0.9021896643886548,0.7716559234106314,-0.847582819967402,0.5692917217536596,0,1,0,0,0,1,1,0,0,1
1357,-0.009039716238108706,-0.9470917439782642,-0.6026096425267671,0.7716559234106314,-1.1849252928308955,-0.534420238010735,0,1,0,0,0,0,1,0,1,0
1358,-0.493130099761729,0.08631885304750067,-0.329009768542145,0.7716559234106314,-0.0042266378086684145,0.40269369009110945,1,1,1,0,0,0,1,1,0,0
1359,-1.1155320214349551,-0.6026215449696759,-1.7312091227133337,0.7716559234106314,-0.6789115835356554,-0.013801389065265861,0,1,0,1,0,0,0,0,0,1
1360,1.7890102797067666,-0.9470917439782642,0.01299007393863284,-0.9229765408350966,3.4535337090421394,1.0274363088256724,1,0,1,0,0,0,1,0,0,1
1361,0.7516737435847232,0.430789052056089,0.08139004243478862,0.7716559234106314,0.33311583505482506,-0.15957466676999724,1,0,1,1,0,0,0,0,0,1
1362,-2.2220243266318014,0.430789052056089,1.5861893493502104,0.7716559234106314,-1.016254056399149,-0.7010182696732852,1,1,0,0,0,0,1,0,0,0
1363,-0.4239743306869261,1.8086698480904422,-0.15800984730175607,-0.9229765408350966,-0.42590472888803527,0.36104418217547196,1,0,1,0,0,0,1,1,0,0
1364,1.4432314343327521,1.9234932477599715,-0.7394095795190786,0.7716559234106314,0.5017870714865718,0.8608382771631223,1,0,1,0,0,0,1,1,0,0
1365,-0.7005974069861377,0.6604358513951478,1.7571892705905994,-0.9229765408350966,-0.847582819967402,0.8191887692474848,1,0,1,1,0,0,1,0,1,0
1366,0.6133622054351173,-0.1433279462915582,-0.773609563767156,-0.9229765408350966,0.5017870714865718,-0.38864696030600365,1,0,1,0,0,0,0,0,1,0
1367,1.8581660487815694,-0.37297474563061705,0.3207899321713322,0.7716559234106314,0.33311583505482506,-0.2428736826012723,1,1,1,0,0,0,0,1,0,0
1368,1.1666083580335405,-0.8322683443087349,-0.028049907159060417,-0.9229765408350966,0.08010898040720495,-0.6593687617576476,1,0,1,0,0,0,0,0,0,1
1369,-1.046376252360152,-0.8322683443087349,-0.5070668293892797,-0.9229765408350966,-1.6066033839102625,-0.534420238010735,0,0,0,1,0,0,0,0,1,0
1370,0.8208295126595261,1.1197294500732655,1.551989365102132,0.7716559234106314,2.3571706722357857,0.6317659836271159,1,1,1,0,0,0,1,0,0,1
1371,0.8899852817343289,1.1197294500732655,2.5779888925444654,-0.9229765408350966,0.24878021683895168,1.2981581102773165,1,0,1,1,0,0,1,1,0,0
1372,-0.7005974069861377,0.6604358513951478,-0.46580970553445655,-0.9229765408350966,-1.1849252928308955,0.21527090447074057,1,0,1,0,0,0,1,0,0,0
1373,0.12927182191149708,-0.028504546622028767,1.0913451328224673,0.7716559234106314,-0.2572334924562885,-0.6177192538420101,1,0,1,0,0,0,1,0,0,1
1374,-0.9080647142105464,-0.25815134596108763,0.14979001093094332,0.7716559234106314,-0.594575965319782,1.0482610627834912,1,0,1,0,0,0,0,0,0,0
1375,-0.07819548531291161,2.3827868464380892,-0.004109918185405839,-0.9229765408350966,-1.269260911046769,-0.8259667934201977,1,0,1,0,0,0,1,0,1,0
1376,0.19842759098629997,0.2011422527170301,1.4151894281098216,0.7716559234106314,1.007800780781812,-0.2428736826012723,1,0,1,0,0,0,1,0,0,0
1377,-0.2856627925373203,0.7752592510646773,-1.291193452361081,0.7716559234106314,-0.594575965319782,-0.8259667934201977,1,0,1,0,0,0,1,0,0,1
1378,-0.35481856161212316,0.7752592510646773,-0.551309666154651,0.7716559234106314,-0.2572334924562885,1.8187769592227856,1,0,1,0,0,0,1,1,0,0
1379,0.7516737435847232,-0.4877981453001465,0.5362498329342223,-0.9229765408350966,1.1764720172135588,-0.7843172855045603,1,1,1,0,0,0,1,0,1,0
1380,0.4058948982107087,-0.6026215449696759,-0.14516223417152574,0.7716559234106314,-0.6789115835356554,-0.888441055293654,1,0,1,0,0,0,0,0,0,1
1381,-0.9772204832853493,-0.1433279462915582,-0.5684096582786897,-0.9229765408350966,-0.594575965319782,-0.9925648250827479,1,0,1,0,0,0,1,0,0,0
1382,0.6133622054351173,-0.9470917439782642,0.2523899636751775,0.7716559234106314,0.5861226897024452,0.17362139655510303,1,0,1,0,0,0,0,1,0,0
1383,1.4432314343327521,1.9234932477599715,-1.7888122707854932,-0.9229765408350966,1.0921363989976853,0.06949762676600921,1,1,0,0,0,0,1,0,0,1
1384,-1.4613108668089696,-1.2915619429868526,-1.406309272356595,-2.6176090050808245,-0.6789115835356554,1.1523848325725852,1,1,1,0,0,0,1,0,0,1
1385,-0.1473512543877145,0.7752592510646773,1.702059137252428,0.7716559234106314,0.5017870714865718,-0.32617269843254737,1,0,1,0,0,0,1,0,1,0
1386,0.06011605283669419,0.8900826507342067,-0.03960672723301474,0.7716559234106314,-0.42590472888803527,-0.03462614302308463,1,0,1,0,0,0,1,0,0,0
1387,-1.046376252360152,-0.4877981453001465,2.9712887113973605,0.7716559234106314,-1.6066033839102625,-0.7634925315467415,1,1,1,0,0,0,1,0,0,0
1388,-0.1473512543877145,-1.7508555416649703,-0.8689714246070342,0.7716559234106314,-1.100589674615022,-1.0758638409140229,1,0,1,1,0,0,1,0,0,1
1389,-0.2165070234625174,0.8900826507342067,0.14979001093094332,-0.9229765408350966,-0.7632472017515287,1.443931387982048,1,0,1,0,0,1,0,0,0,1
1390,0.4058948982107087,1.4641996490818538,-0.41450972916233947,0.7716559234106314,-0.7632472017515287,-0.15957466676999724,1,0,1,0,0,0,0,0,0,1
1391,2.6188795086044014,1.5790230487513832,1.551989365102132,0.7716559234106314,1.0921363989976853,-0.5968944998841913,1,1,1,0,0,0,1,1,0,0
1392,-0.009039716238108706,-0.7174449446392054,-1.2866093274883228,0.7716559234106314,-0.9319184381832755,-0.3469974523903661,1,1,1,0,0,0,1,0,1,0
1393,-1.3229993286593638,-0.8322683443087349,-0.6368096267748454,0.7716559234106314,-0.42590472888803527,-0.6177192538420101,0,1,0,0,0,0,1,1,0,0
1394,1.9964775869311753,-0.7174449446392054,-0.04714640630005086,0.7716559234106314,1.260807635429432,-0.180399420727816,1,0,1,0,0,0,0,1,0,0
1395,-0.4239743306869261,-0.8322683443087349,0.29967883078362983,0.7716559234106314,0.7547939261341918,0.027848118850371674,1,0,1,0,0,0,1,0,1,0
1396,1.374075665257949,-0.9470917439782642,1.6887893020944436,0.7716559234106314,0.5017870714865718,-0.07627565093872216,1,0,1,0,0,0,1,0,0,0
1397,-0.8389089451357434,-1.5212087423259115,0.4575898691636438,-0.9229765408350966,1.1764720172135588,0.21527090447074057,0,1,0,0,0,0,1,0,1,0
1398,0.5442064363603144,-0.1433279462915582,0.7824897195203829,0.7716559234106314,1.0921363989976853,0.444343198006747,1,1,0,0,0,0,0,0,1,0
1399,-0.1473512543877145,1.3493762494123245,0.9705896328848106,-2.6176090050808245,-0.2572334924562885,0.7567145073740285,1,0,1,0,0,0,1,1,0,0
1400,0.47505066728551154,-0.4877981453001465,-0.773609563767156,0.7716559234106314,0.9234651625659386,-0.45112122217945994,1,0,1,0,0,0,0,0,0,0
1401,-0.493130099761729,0.31596565238655955,1.2099895226213542,-0.9229765408350966,-0.9319184381832755,-1.0133895790405667,1,0,1,0,0,0,1,0,1,0
1402,-0.9080647142105464,-0.37297474563061705,3.0742807274530795,0.7716559234106314,-0.594575965319782,-0.05545089698090339,1,0,1,0,0,0,1,0,0,0
1403,-0.6314416379113348,-1.636032141995441,-0.36320975279022233,0.7716559234106314,-0.594575965319782,-0.9092658092514728,1,0,1,0,0,0,1,1,0,0
1404,-0.2856627925373203,-0.1433279462915582,2.2530890421877263,-0.9229765408350966,-1.016254056399149,1.0066115548678538,1,0,1,0,0,0,0,0,1,0
1405,-0.07819548531291161,-0.4877981453001465,-0.17510983942579475,0.7716559234106314,-0.3415691106721619,-0.721843023631104,1,0,1,0,0,0,1,1,0,0
1406,-0.4239743306869261,-0.37297474563061705,-0.6026096425267671,0.7716559234106314,-0.3415691106721619,-0.721843023631104,0,1,0,0,0,0,0,0,0,1
1407,1.512387203407555,0.31596565238655955,-0.7394095795190786,0.7716559234106314,-0.5102403471039086,-0.9925648250827479,1,1,1,0,0,0,0,1,0,0
1408,0.7516737435847232,-1.1767385433173232,0.01299007393863284,0.7716559234106314,0.41745145327069844,-0.2428736826012723,1,1,1,0,0,0,0,1,0,0
1409,0.6825179745099202,-0.1433279462915582,0.49178985341172116,0.7716559234106314,0.5861226897024452,-0.20122417468563475,1,0,1,0,0,1,0,0,0,0
1410,-0.009039716238108706,1.0049060504037362,1.107389569877121,0.7716559234106314,-0.6789115835356554,-0.20122417468563475,1,0,1,0,0,0,0,0,0,0
1411,2.6188795086044014,-0.8322683443087349,-0.0896098788056003,0.7716559234106314,1.682485726508799,-1.2841113804922106,1,0,1,0,0,0,0,0,1,0
1412,-0.7697531760609405,-0.9470917439782642,1.4151894281098216,0.7716559234106314,-1.1849252928308955,-0.6177192538420101,1,0,1,0,0,0,0,0,0,1
1413,1.0282968198839346,-1.636032141995441,-1.218209358992167,0.7716559234106314,-0.42590472888803527,-0.8676163013358353,0,0,0,0,0,0,0,0,1,0
1414,-0.2856627925373203,-0.37297474563061705,1.2099895226213542,-0.9229765408350966,0.24878021683895168,-1.159162856745298,0,1,0,0,0,0,0,0,0,1
1415,-0.35481856161212316,2.038316647429501,-0.27770979217002895,0.7716559234106314,-0.0042266378086684145,-1.0966885948718417,1,0,1,0,0,0,0,0,0,0
1416,-1.184687790509758,-1.0619151436477936,0.6285897904040327,-0.9229765408350966,-0.08856225602454178,-0.7010182696732852,1,1,1,0,0,0,1,0,1,0
1417,-0.7351752915235391,-0.37297474563061705,-0.2948097842940676,-0.9229765408350966,-1.3620300910842296,-1.8130601310208072,1,0,1,0,0,0,1,0,1,0
1418,1.9134906640414118,-0.25815134596108763,-0.6197096346508058,-0.9229765408350966,0.9909336571386373,0.05075534820397232,1,0,1,0,0,0,1,1,0,0
1419,0.4543039365630707,-0.028504546622028767,-0.8078095480152344,-2.6176090050808245,2.0029610757291176,0.2673327893652875,1,0,1,0,0,0,1,0,0,0
1420,-1.5996224049585752,0.31596565238655955,0.3207899321713322,0.7716559234106314,-0.9403520000048627,0.40269369009110945,1,0,1,1,0,0,1,0,1,0
1421,-0.22342260036999767,-1.0619151436477936,0.337889924295372,-0.9229765408350966,0.8222624207068906,-0.48027587772040625,1,0,1,0,0,0,1,1,0,0
1422,-1.1431943290648763,1.1197294500732655,-0.0896098788056003,-0.9229765408350966,-1.3282958437978802,1.3856220769001553,1,0,0,1,1,0,1,0,1,0
1423,-1.447479712994009,-0.37297474563061705,0.3549899164194107,-2.6176090050808245,-0.8644499436105767,0.6630031145638441,1,0,1,1,0,0,1,0,0,1
1424,0.13618739881897737,0.2011422527170301,-0.7052095952710001,-0.9229765408350966,0.06324185676403028,0.140301790222593,1,0,1,1,0,0,1,0,0,0
1425,-0.036702023868029864,-0.1433279462915582,-0.05540989455752294,-0.9229765408350966,-0.543974594390258,3.0349425903594014,1,0,1,1,0,0,0,0,0,0
1426,-0.4170587537794458,-0.4877981453001465,-0.22640981579791186,-0.9229765408350966,-0.771680763573116,0.5234772630464584,1,0,1,0,0,0,1,0,0,1
1427,-1.2953370210294426,0.8900826507342067,1.5177893808540546,-0.9229765408350966,-0.9993869327559741,-0.9883998742911841,1,0,1,1,0,0,0,0,0,0
1428,1.4570625881477126,-0.9470917439782642,-0.1409098551777174,0.7716559234106314,0.7885281734205413,0.3589617067796901,1,0,1,0,0,0,0,1,0,0
1429,-1.1570254828798368,-0.1433279462915582,-0.7394095795190786,0.7716559234106314,-1.1511910455445462,-0.8238843180244159,1,0,1,0,0,0,0,0,1,0
1430,-1.0256295216377114,-1.0619151436477936,-0.12380986305367872,0.7716559234106314,-1.6066033839102625,-1.242461872576573,1,0,1,1,0,0,1,1,0,0
1431,0.19151201407881968,-1.1767385433173232,-2.0219089888219948,-0.9229765408350966,0.7379268024910172,-0.5968944998841913,1,0,1,0,0,0,1,0,0,1
1432,0.6341089361575583,0.5456124517256185,-0.2606098000459892,0.7716559234106314,-0.13073006513247845,-1.3736578225108314,1,0,1,1,0,0,0,0,0,1
1433,-0.4101431768719655,0.7752592510646773,-0.9617094771315841,-0.9229765408350966,1.2523740736078448,-0.39697686188913117,1,1,1,0,0,0,1,0,1,0
1434,1.4985560495925945,-0.4877981453001465,-0.36320975279022233,-0.9229765408350966,1.3451432536453054,1.187786914300877,1,0,1,0,0,1,1,1,0,0
1435,-2.0076414424999123,0.2011422527170301,-0.7394095795190786,0.7716559234106314,-1.7584074966988343,-0.4178016158469499,1,0,1,1,0,1,0,0,0,0
1436,-1.447479712994009,0.08631885304750067,-0.22640981579791186,-0.9229765408350966,0.8053952970637159,0.731724802624646,1,1,1,0,0,0,1,0,0,1
1437,-0.9633893294703887,-1.636032141995441,1.8597892233348325,0.7716559234106314,-1.6150369457318496,-0.8780286783147446,0,1,0,1,0,0,1,0,0,0
1438,-0.4170587537794458,-0.8322683443087349,-0.7394095795190786,0.7716559234106314,-0.721079392643592,4.403128925388094,1,1,1,0,0,0,0,0,1,0
1439,-0.2994939463522809,1.4641996490818538,0.6285897904040327,-0.9229765408350966,-0.5018067852823213,-0.7697399577340871,0,0,0,0,0,0,0,0,0,1
1440,1.249595280923304,-0.7174449446392054,1.4835893966059772,-0.9229765408350966,-0.40903760524486055,-0.09501792950075905,1,0,1,0,0,0,0,0,0,0
1441,1.560796241759917,1.1197294500732655,3.9117882782194986,0.7716559234106314,-1.2102259782956575,-0.736420351401577,1,0,1,0,0,0,0,1,0,0
1442,3.331183930074871,-0.7174449446392054,-0.5000096897825339,0.7716559234106314,2.9981213706764236,-0.013801389065265861,1,0,1,0,0,0,0,1,0,0
1443,1.346413357628028,0.5456124517256185,-0.5342096740306113,0.7716559234106314,1.0668357135329234,-0.9259256124177279,1,1,1,0,0,0,0,1,0,0
1444,0.011707014484332163,1.4641996490818538,0.6238850306662022,0.7716559234106314,0.23191309319577702,-0.020048815252611492,1,0,1,1,0,1,1,0,0,1
1445,-0.24416933109243855,0.8900826507342067,-0.7483365595344494,0.7716559234106314,0.9993672189602246,3.6492728321150554,1,0,1,0,0,0,1,0,0,0
1446,-0.05053317768299044,-0.4877981453001465,-0.2356383829759645,0.7716559234106314,-0.645177336249306,-0.653121335570302,1,0,1,0,0,0,1,0,1,0
1447,0.7170958590473216,-0.4877981453001465,2.1469002022075836,0.7716559234106314,-0.0042266378086684145,0.4360132964236195,1,0,1,0,0,0,1,0,0,1
1448,2.1762825865256628,0.08631885304750067,0.18658364477808165,0.7716559234106314,1.1258706462840347,1.3710447491296822,1,0,1,1,0,0,1,1,0,0
1449,-0.25800048490739913,-0.37297474563061705,2.063963732470182,0.7716559234106314,-0.7885478872162908,-0.7614100561509596,1,0,1,0,0,0,1,0,0,1
1450,-1.3022525979369228,0.31596565238655955,2.063963732470182,0.7716559234106314,-0.4849396616391466,-0.1179251588543597,1,0,1,0,0,0,0,0,0,1
1451,1.3602445114429886,-0.028504546622028767,0.5937263143980556,0.7716559234106314,0.8138288588853032,-0.19289427310250726,1,0,1,0,0,0,0,0,0,1
1452,-1.2261812519546396,-0.4877981453001465,0.10364717504068006,0.7716559234106314,-0.8813170672537515,-1.3340907899909757,1,0,1,0,0,0,1,0,1,0
1453,-1.4129018284566075,0.430789052056089,1.800074965123903,0.7716559234106314,-0.24879993063470118,0.1861162489297943,1,0,1,1,0,0,1,1,0,0
1454,-0.31332510016724147,-0.4877981453001465,1.1441228862917232,0.7716559234106314,-0.619876650784544,-0.5864821229052819,1,0,1,0,0,0,1,0,1,0
1455,-1.2054345212321989,0.8900826507342067,1.9508685464646338,0.7716559234106314,-2.3656239478531225,-1.4007300026559957,1,0,1,0,0,0,1,1,0,0
1456,0.33673912913590576,0.430789052056089,-0.929288857143327,0.7716559234106314,-0.11386294148930379,-0.5469150903854263,1,0,1,0,0,0,0,0,0,0
1457,-0.12660452366527364,-0.4877981453001465,1.800074965123903,0.7716559234106314,0.1138432276935543,-0.07211070014715841,1,0,1,0,0,0,1,0,0,0
1458,0.0532004759292139,-0.1433279462915582,-1.3288918476962637,-0.9229765408350966,-1.1258903600797843,0.2839925925315425,1,0,1,0,0,0,1,0,1,0
1459,-0.13352010057275393,-0.25815134596108763,2.0865827696712915,0.7716559234106314,-0.09699581784612912,-1.0612865131435498,1,0,0,0,0,0,0,1,0,0
1460,-1.1708566366947974,-0.9470917439782642,-0.5598445828585358,0.7716559234106314,-0.9487855618264501,0.023683168058807918,1,0,1,0,0,0,1,0,0,0
1461,1.9480685485788132,-0.7174449446392054,0.33737722611881255,0.7716559234106314,-0.6536108980708933,0.11114713468164673,1,0,1,0,0,0,1,0,0,1
1462,1.3394977807205477,-0.6026215449696759,0.3675359423869592,0.7716559234106314,0.5608220042376831,-0.4302964682216412,1,0,1,0,0,0,0,0,0,0
1463,-0.5207924073916501,-0.8322683443087349,-0.06976544350116029,0.7716559234106314,0.282514464125301,0.9524671945775249,1,0,1,0,0,0,1,0,1,0
1464,0.6064466285276371,-0.37297474563061705,-0.40151132245076876,0.7716559234106314,0.7126261170262552,-0.20955407626876227,1,0,1,0,0,1,0,1,0,0
1465,-0.7420908684310193,1.1197294500732655,1.2119799978950525,0.7716559234106314,-0.2319328069915265,-0.6156367784462282,1,1,1,0,0,0,0,1,0,0
1466,0.4543039365630707,-1.2915619429868526,-0.5447652247244624,0.7716559234106314,-0.3415691106721619,0.09448733151539172,0,0,1,0,0,0,1,1,0,0
1467,1.9618997023937739,-1.406385342656382,0.9405515514817363,0.7716559234106314,1.2017727026783207,-0.12417258504170532,1,0,1,1,0,0,1,0,0,1
1468,-1.2054345212321989,-0.7174449446392054,-0.7407968804674133,0.7716559234106314,0.5186541951297464,0.2673327893652875,1,1,1,0,0,0,0,0,0,0
1469,-0.5622858688365319,-1.2915619429868526,-0.72571752233334,0.7716559234106314,-0.7126458308220047,-0.8946884814809997,1,1,0,0,0,0,1,0,0,0
1470,-1.447479712994009,-0.1433279462915582,-0.72571752233334,0.7716559234106314,-1.2861280346899435,-0.15749219137421536,1,0,1,0,0,0,0,0,0,1
1471,-1.3437460593818047,-1.2915619429868526,-0.2733367783111472,0.7716559234106314,-0.9066177527185134,-0.6114718276546645,1,1,0,0,0,0,1,0,0,1
1472,-1.3644927901042454,-0.4877981453001465,0.5560279190628729,0.7716559234106314,-1.4547992711216904,-0.017966339856829616,1,0,1,0,0,0,0,0,0,1
1473,-0.4101431768719655,0.08631885304750067,-0.9745269315455458,-0.9229765408350966,-0.45120541435279726,-1.0113071036447847,0,0,0,0,0,0,1,1,0,0
1474,-0.18192913892511595,-0.7174449446392054,0.5937263143980556,0.7716559234106314,0.037941171299268266,0.2048585274918312,1,0,1,0,0,0,0,0,1,0
1475,2.7364443160315663,-0.028504546622028767,0.5484882399958367,0.7716559234106314,1.0162343426033993,-0.7780698593172146,1,0,1,1,0,0,0,0,0,1
1476,-1.5857912511436147,0.08631885304750067,0.005631347169205177,0.7716559234106314,-0.45120541435279726,-0.7926471870876878,1,0,1,0,0,0,0,0,1,0
1477,1.0628747044213362,-0.4877981453001465,-0.03206704816597755,0.7716559234106314,0.08010898040720495,-0.6760285649239026,1,0,0,0,0,0,0,1,0,0
1478,0.3644014367658269,0.08631885304750067,1.0385673793532122,0.7716559234106314,0.17287816044466564,-0.9384204647924191,1,0,1,0,0,0,0,0,0,0
1479,1.318751049998107,-1.406385342656382,-0.36320975279022233,0.7716559234106314,1.5981501082929255,1.9437254829696982,1,0,1,0,0,0,0,0,0,0
1480,-0.589948176466453,-1.0619151436477936,-0.8614317455399976,0.7716559234106314,-0.029527323273430425,1.0899105706991288,1,1,1,0,0,1,0,1,0,0
1481,1.415569126702831,-0.7174449446392054,-0.3261145317804033,0.7716559234106314,4.7860364768529395,3.7617265034872767,1,0,1,0,0,0,0,0,1,0
1482,1.298004319275666,-1.7508555416649703,-1.343971205830337,0.7716559234106314,1.159604893570384,-0.3928119110975674,1,0,1,0,0,0,0,0,0,0
1483,1.9757308562087343,-0.37297474563061705,0.8802341189454441,0.7716559234106314,0.5861226897024452,0.01743574187146229,1,0,1,0,0,0,0,0,1,0
1484,-0.6798506762636968,-0.028504546622028767,-1.0499237222159112,0.7716559234106314,-0.6283102126061313,-0.38031705872287613,1,1,0,0,0,0,0,0,0,0
1485,2.605048354789441,0.31596565238655955,-0.6654000897970479,0.7716559234106314,-0.42590472888803527,-1.0029772020616572,0,0,0,0,0,0,0,1,0,0
1486,-0.05053317768299044,0.2011422527170301,-1.087622117551094,0.7716559234106314,-0.5692752798550199,-0.6885234172985939,1,0,1,0,0,0,0,0,0,1
1487,0.10160951428157593,-0.028504546622028767,-0.31103517364633,0.7716559234106314,0.3162487114116504,0.20694100288761308,1,0,1,0,0,0,0,0,0,1
1488,0.9453098969941712,-1.1767385433173232,0.3298375470517764,0.7716559234106314,0.5861226897024452,-0.23662625641392668,1,0,1,0,0,0,0,1,0,0
1489,1.3394977807205477,0.6604358513951478,0.047190058186710196,0.7716559234106314,-0.06326157055977977,-0.8530389735653622,1,0,1,0,0,0,1,0,0,1
1490,-0.09894221603535247,-0.25815134596108763,0.2695201145154843,0.7716559234106314,2.289702177663087,-0.09501792950075905,1,0,1,0,0,0,1,0,0,0
1491,-0.12660452366527364,-0.7174449446392054,0.2181899794270991,0.7716559234106314,0.19817884590942766,-0.6572862863618657,1,1,1,0,0,0,1,0,0,0
1492,-0.4308899075944064,0.08631885304750067,0.14979001093094332,0.7716559234106314,0.18974528408784033,-0.5031831070740069,1,0,1,0,0,0,1,0,0,0
1493,-1.2192656750471593,0.08631885304750067,0.833789695892499,0.7716559234106314,0.282514464125301,1.4939107974808128,1,0,1,0,0,0,1,0,0,1
1494,0.6410245130650385,0.5456124517256185,0.7311897431482659,0.7716559234106314,0.41745145327069844,-0.1887293223109435,1,0,1,0,0,0,1,1,0,0
1495,-0.7213441377085785,0.430789052056089,-0.41450972916233947,0.7716559234106314,-0.746380078108354,0.461003001173002,1,0,1,1,0,0,1,1,0,0
1496,0.15001855263393796,-0.6026215449696759,-0.7052095952710001,0.7716559234106314,0.6704583079183185,0.6317659836271159,1,0,1,0,0,0,1,0,0,0
1497,-1.1293631752499156,0.5456124517256185,0.5601898219078769,0.7716559234106314,2.104163817588166,1.5792922887078698,1,0,1,1,0,0,1,0,0,0
1498,-0.20267586964755682,0.6604358513951478,-0.9788094692556227,0.7716559234106314,1.0668357135329234,0.596363901898824,1,0,1,0,0,0,1,0,0,0
1499,-0.7351752915235391,-0.028504546622028767,0.2523899636751775,0.7716559234106314,0.12227678951514163,2.035354400384101,1,0,1,0,0,0,1,0,0,1
1500,-0.2856627925373203,0.7752592510646773,0.08139004243478862,0.7716559234106314,1.210206264499908,-0.4219665666385137,1,0,1,0,0,0,1,0,1,0
1501,-0.5207924073916501,-1.0619151436477936,0.4233898849155654,0.7716559234106314,-0.06326157055977977,-0.23662625641392668,1,0,1,0,0,0,0,0,0,1
1502,0.3920637443957481,-0.6026215449696759,0.6969897589001885,0.7716559234106314,-0.6789115835356554,0.3027348710935794,1,0,1,0,0,0,0,0,1,0
1503,-0.6867662531711771,0.31596565238655955,-0.329009768542145,0.7716559234106314,0.021074047656093595,0.6005288526903878,1,0,1,0,0,0,0,1,0,0
1504,0.9729722046240924,0.430789052056089,0.01299007393863284,0.7716559234106314,0.7041925552046678,0.02160069266302604,1,0,1,1,0,0,0,1,0,0
1505,0.04628489902173361,-0.9470917439782642,1.9508685464646338,0.7716559234106314,-0.11386294148930379,-0.5927295490926275,0,0,0,0,0,0,1,0,1,0
1506,-0.5000456766692093,0.430789052056089,-0.8762095165113897,0.7716559234106314,-1.2523937874035942,-1.3736578225108314,0,1,0,0,0,1,1,0,0,1
1507,0.04628489902173361,-0.028504546622028767,-0.773609563767156,0.7716559234106314,0.7041925552046678,-0.4552861729710237,0,1,0,0,0,0,1,0,0,1
1508,0.67560239760244,0.430789052056089,0.5601898219078769,0.7716559234106314,-0.07169513238136711,-0.8592863997527078,1,0,1,0,0,0,0,0,1,0
1509,-0.7282597146160589,-0.7174449446392054,-0.7052095952710001,0.7716559234106314,0.44275213873546043,-0.2761932889337823,1,0,1,0,0,0,1,1,0,0
1510,-1.046376252360152,-0.25815134596108763,0.6969897589001885,0.7716559234106314,-0.9740862472912121,0.6796629177300991,1,0,1,0,0,0,1,0,0,0
1511,-1.5235510589762922,-0.7174449446392054,-0.329009768542145,0.7716559234106314,-0.24879993063470118,0.8608382771631223,1,0,1,0,0,0,1,0,0,1
1512,-1.5512133666062133,-1.0619151436477936,-0.0896098788056003,0.7716559234106314,-0.4849396616391466,0.8733331295378136,1,0,1,0,0,0,1,0,1,0
1513,-0.07819548531291161,1.3493762494123245,0.7653897273963433,0.7716559234106314,0.037941171299268266,-0.22204892864345352,1,0,1,1,0,0,1,1,0,0
1514,-0.9218958680255069,0.8900826507342067,1.0047896171328878,0.7716559234106314,-1.0584218655070854,-0.7031007450690671,1,0,1,1,0,0,1,0,0,0
1515,0.2675833600611029,-1.1767385433173232,-1.0472094377517787,0.7716559234106314,0.22347953137418966,-0.838461645794889,0,0,0,1,0,0,0,0,0,1
1516,1.0490435506063756,-0.25815134596108763,0.2865899479232549,0.7716559234106314,-0.2572334924562885,-0.29077061670425547,1,1,0,0,0,0,0,1,0,0
1517,0.8830697048268487,-0.9470917439782642,0.6969897589001885,0.7716559234106314,0.12227678951514163,0.3797864607375088,1,0,1,0,0,0,0,1,0,0
1518,-0.6521883686337756,0.2011422527170301,0.3207899321713322,0.7716559234106314,0.29094802594688834,-0.349079927786148,1,0,1,0,0,0,0,0,0,0
1519,2.0518022021910176,-1.1767385433173232,0.030090066062671516,0.7716559234106314,1.1005699608192727,-0.8530389735653622,1,1,1,0,0,0,0,1,0,0
1520,1.249595280923304,-0.8322683443087349,-0.2606098000459892,0.7716559234106314,0.7632274879557792,-1.2674515773259556,1,1,1,0,0,0,0,0,0,1
1521,0.8277450895670063,-0.8322683443087349,0.13269001880690465,0.7716559234106314,1.783688468367847,-1.0904411686844961,1,0,1,0,0,0,0,0,0,0
1522,1.3325822038130675,0.08631885304750067,2.885788750777166,0.7716559234106314,-0.5692752798550199,-1.0133895790405667,0,0,0,0,0,0,1,0,1,0
1523,1.035212396791415,0.2011422527170301,-1.3665902430314465,-0.9229765408350966,0.9571994098522879,-0.9175957108346003,0,0,0,0,0,0,1,1,0,0
1524,0.28833009078354377,-1.1767385433173232,-0.5684096582786897,0.7716559234106314,0.8897309152795893,1.6230242720192891,1,0,1,0,0,0,0,0,0,1
1525,0.7585893204922034,0.08631885304750067,2.9541887192733207,0.7716559234106314,-0.5608417180334326,-0.5635748935516813,1,0,1,0,0,0,0,0,1,0
1526,0.9660566277166122,-0.6026215449696759,-0.43160972128637815,0.7716559234106314,2.6017439650618184,0.8441784739968673,1,0,1,0,0,0,0,1,0,0
1527,-0.8389089451357434,0.430789052056089,-1.5260092172248674,0.7716559234106314,-0.26566705427787585,4.592634186404245,1,1,1,0,0,0,0,0,0,1
1528,-0.6176104840963742,-0.1433279462915582,-0.8762095165113897,0.7716559234106314,-0.47650609981755926,0.6359309344186796,1,1,1,0,0,0,1,1,0,0
1529,-2.2289399035392816,1.1197294500732655,0.2352899715511378,0.7716559234106314,-1.4379321474785156,1.64593150137289,1,0,1,0,0,0,1,0,0,0
1530,0.5442064363603144,0.6604358513951478,0.7482897352723046,0.7716559234106314,0.38371720598434905,0.09865228230695548,1,1,1,0,0,0,0,0,0,0
1531,0.4888818211004721,-1.5212087423259115,-0.9446094850075449,0.7716559234106314,0.5102206333081591,-0.1699870437489066,1,1,1,1,0,0,0,0,1,0
1532,0.5511220132677948,0.5456124517256185,1.716149289492906,-0.9229765408350966,0.4849199478433971,-0.6052244014673188,0,1,0,0,0,0,1,1,0,0
1533,-0.8389089451357434,1.3493762494123245,2.1846890736915716,0.7716559234106314,-0.6620444598924806,2.4810041350814225,1,0,1,1,0,0,0,0,0,1
1534,-0.46546779213180783,-0.37297474563061705,-0.329009768542145,0.7716559234106314,-0.670478021714068,-0.8759462029189629,1,0,1,0,0,0,1,0,0,0
1535,0.6548556668799991,-0.4877981453001465,0.5943898061559543,-0.9229765408350966,1.6656186028656241,0.26941526476106936,1,1,1,0,0,0,0,1,0,0
1536,1.3118354730906265,-0.4877981453001465,0.38918990066748804,0.7716559234106314,1.6150172319361003,-0.29493556749581923,1,1,0,0,0,0,0,0,0,0
1537,-0.9633893294703887,2.4976102461076186,-0.2948097842940676,-0.9229765408350966,-0.41747116706644793,-0.619801729237792,1,1,1,0,0,0,1,0,1,0
1538,-0.36864971542708375,-0.028504546622028767,-1.9364090282018005,0.7716559234106314,0.7632274879557792,0.8420959986010854,1,0,1,0,0,0,0,0,0,0
1539,-0.09894221603535247,1.4641996490818538,-0.36320975279022233,0.7716559234106314,0.8391295443500653,1.4147767324411016,1,0,1,0,0,0,1,0,0,1
1540,1.0905370120512574,-0.1433279462915582,-0.5684096582786897,0.7716559234106314,0.06324185676403028,-0.19081179770672538,1,0,1,0,0,0,0,0,0,1
1541,0.33673912913590576,0.08631885304750067,0.24554996682556163,0.7716559234106314,-0.19819855970517716,-0.4386263698047687,1,1,1,0,0,0,1,1,0,0
1542,0.23992105243118172,0.430789052056089,0.11559002668286597,0.7716559234106314,1.4210453100395914,0.42143596865314636,1,0,1,0,0,0,1,0,0,1
1543,0.12927182191149708,0.31596565238655955,0.08139004243478862,0.7716559234106314,-0.037960885095017764,-0.25536853497596357,1,0,1,0,0,0,1,1,0,0
1544,0.7378425897697626,1.5790230487513832,0.08139004243478862,0.7716559234106314,0.881297353458002,0.394363788507982,1,0,1,0,0,0,0,1,0,0
1545,0.34365470604338605,-0.028504546622028767,0.030090066062671516,0.7716559234106314,-0.18976499788358983,-0.3469974523903661,1,0,1,0,0,0,1,0,0,0
1546,1.4224847036103112,0.08631885304750067,-0.5684096582786897,0.7716559234106314,1.1680384553919714,-0.2074716008729804,1,0,1,0,0,0,1,0,1,0
1547,-0.2925783694448006,0.2011422527170301,0.5259898376597996,0.7716559234106314,-0.29096773974263784,0.2860750679273244,1,0,0,0,0,0,0,0,0,1
1548,-0.3963120230570049,0.7752592510646773,-0.22640981579791186,0.7716559234106314,-0.4933732234607339,-0.7509976791720502,1,0,1,0,0,0,1,0,0,1
1549,1.298004319275666,-0.1433279462915582,-0.36320975279022233,0.7716559234106314,-1.1174567982581969,-0.973822546520711,1,0,1,0,0,0,1,1,0,0
1550,-0.2649160618148794,-0.028504546622028767,-0.0896098788056003,0.7716559234106314,-0.029527323273430425,-0.1991416992898529,1,0,1,0,0,0,1,0,1,0
1551,0.7378425897697626,0.2011422527170301,-0.36320975279022233,0.7716559234106314,0.046374733120855605,-0.9654926449375835,0,0,0,0,0,0,0,1,0,0
1552,-1.0325450985451916,0.5456124517256185,0.5088898455357599,0.7716559234106314,-0.4596389761743846,2.2102823336297783,1,0,1,1,0,0,1,0,0,0
1553,-0.16809798511015536,-1.1767385433173232,0.14979001093094332,-0.9229765408350966,-0.594575965319782,-0.5989769752799732,1,0,1,0,0,0,1,0,0,1
1554,-0.5207924073916501,-0.1433279462915582,0.8679896801405774,0.7716559234106314,-0.619876650784544,-0.22621387943501728,1,1,1,0,0,0,1,1,0,0
1555,-0.5346235612066107,-0.4877981453001465,-0.8078095480152344,0.7716559234106314,-0.47650609981755926,-0.6760285649239026,1,0,1,0,0,0,1,0,0,0
1556,0.5165441287303933,0.08631885304750067,-0.20930982367387319,0.7716559234106314,0.021074047656093595,0.8379310478095217,1,0,1,0,0,0,1,0,0,1
1557,-0.7213441377085785,-1.1767385433173232,-1.7825090990854502,0.7716559234106314,-0.5777088416766073,-0.8592863997527078,1,1,1,0,0,0,1,1,0,0
1558,-1.0117983678227507,-0.25815134596108763,-0.010949915035021738,0.7716559234106314,-0.8307156963242274,0.3714565591543813,1,0,1,1,0,0,1,0,0,0
1559,-0.8942335603955858,-0.6026215449696759,-1.4576092487287116,0.7716559234106314,-1.7162396875908978,-0.6010594506757551,1,0,1,0,0,0,0,0,0,1
1560,-1.281505867214482,-0.37297474563061705,-0.1922098315498345,0.7716559234106314,-1.0584218655070854,0.36312665757125384,1,0,1,1,0,0,0,0,0,0
1561,0.01862259139181245,0.430789052056089,0.38918990066748804,0.7716559234106314,0.021074047656093595,5.817129719123988,1,1,1,0,0,0,0,0,0,1
1562,-0.6521883686337756,-0.37297474563061705,-2.5520087446672,0.7716559234106314,-0.18976499788358983,-1.0508741361646405,0,0,0,0,0,1,0,0,0,1
1563,-0.22342260036999767,0.5456124517256185,0.06429005031074887,0.7716559234106314,-0.13073006513247845,0.3693740837585994,0,1,0,0,0,0,1,0,1,0
1564,-0.15426683129519478,0.5456124517256185,0.06594877970549733,0.7716559234106314,1.2776747590726067,1.2106941436544776,0,1,0,0,0,1,1,0,1,0
1565,-0.9426425987479478,-1.406385342656382,-1.7312091227133337,0.7716559234106314,-0.42590472888803527,-0.7593275807551777,0,1,0,0,0,0,1,1,0,0
1566,-1.1086164445274747,-0.9470917439782642,0.5943898061559543,0.7716559234106314,-1.1596246073661336,-0.9592452187502378,1,1,0,0,0,0,0,0,0,1
1567,-0.6660195224487362,-0.6026215449696759,0.16689000305498308,0.7716559234106314,-1.193358854652483,-1.1133483980380967,1,1,1,0,0,0,0,1,0,0
1568,0.6410245130650385,-0.4877981453001465,-1.9364090282018005,0.7716559234106314,0.47648638602180976,-0.12833753583326907,0,0,0,0,0,0,0,0,1,0
1569,0.16384970644889854,-0.8322683443087349,3.809188325475265,0.7716559234106314,-0.7885478872162908,-0.8676163013358353,1,1,0,0,0,0,0,0,0,1
1570,0.03936932211425332,-0.7174449446392054,-1.218209358992167,0.7716559234106314,0.9487658480307006,-1.0321318576026035,0,1,0,0,0,0,1,0,1,0
1571,0.44738835965559043,0.2011422527170301,0.08139004243478862,0.7716559234106314,0.8391295443500653,0.8337660970179579,1,0,1,0,0,0,0,0,0,0
1572,1.581542972482358,1.6938464484209128,-0.33584976539176087,-0.9229765408350966,0.8559966679932399,-0.39697686188913117,1,0,1,0,0,0,0,0,0,1
1573,0.3782325905807875,1.0049060504037362,0.9363896486367321,0.7716559234106314,0.8559966679932399,0.22776575684543182,1,0,1,0,0,0,0,1,0,0
1574,-0.3963120230570049,1.0049060504037362,1.0731895856290437,0.7716559234106314,-0.35843623431533655,-1.0467091853730768,1,0,0,0,0,0,0,0,0,0
1575,0.02553816829929274,0.2011422527170301,0.5259898376597996,0.7716559234106314,0.35841652051958706,-0.09501792950075905,1,0,1,0,0,0,0,0,1,0
1576,-0.27874721562984,-0.7174449446392054,1.8768892154588712,0.7716559234106314,0.7632274879557792,-0.2178839778518898,1,0,0,0,0,0,0,0,0,0
1577,0.3920637443957481,0.2011422527170301,0.0984900345588273,0.7716559234106314,1.6656186028656241,2.004117269447373,0,1,0,0,0,0,0,1,0,0
1578,-1.7517650969231418,2.4976102461076186,0.4575898691636438,0.7716559234106314,-1.0499883036854982,2.126983317798503,1,0,1,1,0,0,1,0,0,0
1579,-1.3368304824743242,1.1197294500732655,-1.7654091069614115,0.7716559234106314,-0.5271074707470833,-0.31576032145363797,0,0,0,0,0,0,1,0,1,0
1580,0.11544066809653651,2.1531400470990305,0.8679896801405774,0.7716559234106314,-0.046394446916605096,-0.467781025345715,1,0,1,0,0,0,1,0,0,1
1581,0.9245631662717304,0.8900826507342067,0.833789695892499,0.7716559234106314,0.33311583505482506,0.7213124256457366,1,0,0,0,0,0,1,0,1,0
1582,-0.5761170226514924,1.0049060504037362,1.2441895068694326,0.7716559234106314,-0.4680725379959719,0.002858414100989153,1,0,1,0,0,0,1,0,0,1
1583,1.2219329732933828,1.6938464484209128,0.6285897904040327,0.7716559234106314,2.1547651885176897,0.32980705123874376,1,0,0,0,0,1,1,0,0,1
1584,-0.8319933682282632,-0.6026215449696759,-1.2524093432402448,0.7716559234106314,0.30781514959006306,-0.4407088452005506,1,0,1,0,0,0,1,0,1,0
1585,-0.16118240820267507,0.08631885304750067,-0.43160972128637815,0.7716559234106314,-1.3873307765489915,0.308982297280925,1,0,1,0,0,0,1,0,1,0
1586,0.22608989861622114,-0.6026215449696759,0.49178985341172116,0.7716559234106314,-0.1391636269540658,-0.8967709568767815,1,0,0,0,0,0,1,0,0,0
1587,0.08086278355913505,0.430789052056089,0.2181899794270991,-2.6176090050808245,-0.9993869327559741,-0.08460555252184966,1,0,1,0,0,0,1,1,0,0
1588,-1.1501099059723565,-0.8322683443087349,0.6114897982799941,0.7716559234106314,-0.3162684252073999,0.25900288778215996,1,0,1,0,0,0,1,0,1,0
1589,0.44047278274811014,1.234552849742795,-0.7223095873950399,0.7716559234106314,0.7632274879557792,-0.821801842628634,1,0,1,0,0,0,1,0,0,0
1590,-1.0394606754526718,0.31596565238655955,0.2181899794270991,-0.9229765408350966,0.5523884424160957,1.4085293062537558,1,0,1,0,0,0,1,0,1,0
1591,-0.8942335603955858,-0.7174449446392054,1.0731895856290437,0.7716559234106314,0.9740665334954627,-0.24495615799705417,1,0,1,0,0,0,1,1,0,0
1592,-0.7766687529684209,0.2011422527170301,0.11559002668286597,0.7716559234106314,0.6535911842751438,0.933724916015488,1,0,1,0,0,0,1,1,0,0
1593,0.2675833600611029,-0.8322683443087349,0.7995897116444216,0.7716559234106314,0.5523884424160957,-0.38864696030600365,1,0,1,0,0,0,0,1,0,0
1594,0.06703162974417448,-0.1433279462915582,-0.9275094928835061,0.7716559234106314,-1.0752889891502602,-0.30743041987051045,0,1,1,0,0,1,0,0,1,0
1595,0.7032647052323611,-1.0619151436477936,0.3549899164194107,0.7716559234106314,0.206612407731015,0.027848118850371674,1,1,1,0,0,0,0,0,0,1
1596,2.203944894155584,1.9234932477599715,-1.0301094456277393,0.7716559234106314,0.7547939261341918,-0.7114306466521946,0,1,0,0,0,0,1,0,0,1
1597,-0.4723833690392881,-1.1767385433173232,-0.3700497496398382,0.7716559234106314,-0.3247019870289872,1.441848912586266,1,1,1,0,0,0,1,0,1,0
1598,-0.7835843298759011,-0.37297474563061705,-1.2866093274883228,0.7716559234106314,0.23191309319577702,0.12988941324368364,0,1,0,0,0,1,1,1,0,0
1599,-0.8250777913207828,-0.6026215449696759,-0.7907095558911946,-2.6176090050808245,0.6957589933830806,-0.2158015024561079,0,0,0,0,0,0,1,0,0,1
1600,-0.4239743306869261,1.5790230487513832,-1.1840093747440896,0.7716559234106314,0.7547939261341918,2.3727154145007647,0,1,0,0,0,1,1,0,0,0
1601,-0.33407183088968234,-0.028504546622028767,1.3125894753655885,-0.9229765408350966,-0.01266019963025575,0.2860750679273244,0,1,0,0,0,1,0,1,0,0
1602,-0.45163663831684725,0.08631885304750067,-1.3208093117364006,0.7716559234106314,-0.9403520000048627,-0.24703863339283605,0,1,0,0,0,0,1,0,0,1
1603,0.5027129749154328,-0.37297474563061705,-1.8338090754575673,-2.6176090050808245,-0.8222821345026401,-0.11167773266701407,0,0,0,0,0,1,0,0,1,0
1604,-0.3409874077971626,0.5456124517256185,0.3207899321713322,-4.312241469326553,-0.8054150108594654,0.42351844404892824,0,1,0,0,0,1,1,0,1,0
1605,-1.1224475983424353,1.0049060504037362,1.1586895462492381,-0.9229765408350966,-0.847582819967402,3.520159357576579,0,1,1,0,0,0,1,0,0,1
1606,2.8540091234587313,-0.9470917439782642,-0.6539096188988841,-2.6176090050808245,2.5174083468459454,2.568468101704261,0,0,0,0,0,1,1,0,0,1
1607,1.0006345122540137,-0.37297474563061705,-0.773609563767156,0.7716559234106314,1.8258562774757836,5.915006062725737,0,1,0,0,0,0,1,0,1,0
1608,1.3602445114429886,-1.0619151436477936,-2.0732089651941115,0.7716559234106314,0.3415493968764124,-0.636461532404047,0,1,0,0,0,0,1,1,0,0
1609,0.02553816829929274,0.5456124517256185,0.669123105068421,0.7716559234106314,-0.4680725379959719,-0.3865644849102218,1,0,0,0,1,0,1,1,0,0
1610,-1.2469279826770805,-0.6026215449696759,-0.7634159176685228,-2.6176090050808245,-1.5138342038728017,-1.0612865131435498,1,0,1,1,0,0,1,0,0,0
1611,-0.25800048490739913,1.6938464484209128,-0.1922098315498345,0.7716559234106314,-0.7126458308220047,1.0316012596172361,1,0,0,1,0,0,1,0,0,0
1612,-1.087869713805034,-0.25815134596108763,0.24690107731437486,0.7716559234106314,-0.054828008738192435,-0.2595334857675273,1,0,0,0,1,0,1,1,0,0
1613,-0.043617600775510156,-0.37297474563061705,-0.773609563767156,0.7716559234106314,0.2993815877684757,-0.09501792950075905,0,0,0,0,0,1,1,0,0,1
1614,-0.9218958680255069,0.31596565238655955,0.005631347169205177,0.7716559234106314,-0.721079392643592,0.7546320319782467,1,1,0,0,0,0,1,0,1,0
1615,1.2219329732933828,0.5456124517256185,2.66348885316466,-0.9229765408350966,1.6656186028656241,0.27149774015685124,1,0,0,0,0,0,1,1,0,0
1616,-0.5484547150215713,0.31596565238655955,-0.6710096110229228,0.7716559234106314,0.14757747497990364,0.6088587542735152,1,0,1,0,0,0,1,0,1,0
1617,0.7309270128622822,1.3493762494123245,-0.6026096425267671,0.7716559234106314,1.2523740736078448,0.14446674101415677,1,0,1,0,0,0,1,0,0,0
1618,-0.022870870053069287,0.2011422527170301,0.4575898691636438,0.7716559234106314,0.7632274879557792,-0.13250248662483283,1,0,0,0,0,1,0,0,1,0
1619,1.035212396791415,0.8900826507342067,1.6887893020944436,0.7716559234106314,-0.9319184381832755,-1.2008123646609357,1,1,0,0,0,0,0,0,0,0
1620,1.5538806648524368,-0.7174449446392054,-0.8420095322633118,0.7716559234106314,1.1427377699272094,-0.38864696030600365,1,1,1,0,0,0,0,0,1,0
1621,-1.1362787521573958,-0.7174449446392054,0.14979001093094332,0.7716559234106314,-1.572869136623913,-1.12792572580857,1,1,1,0,0,0,1,0,1,0
1622,-0.8319933682282632,-0.4877981453001465,3.5697884357387206,0.7716559234106314,-0.847582819967402,-0.0033890120863564774,0,0,0,1,0,0,1,0,1,0
1623,0.08086278355913505,0.430789052056089,1.7571892705905994,0.7716559234106314,0.7041925552046678,1.3439725689845177,1,0,0,0,0,0,0,0,0,0
1624,0.6133622054351173,-0.9470917439782642,0.6285897904040327,0.7716559234106314,0.6451576224535565,-0.9925648250827479,0,1,0,0,0,0,1,1,0,0
1625,2.605048354789441,-0.4877981453001465,-0.910409500759467,-0.9229765408350966,0.6535911842751438,-0.9071833338556909,0,0,0,0,0,1,1,1,0,0
1626,0.33673912913590576,-1.8656789413344996,-1.1498093904960116,0.7716559234106314,0.42588501509228577,-0.44279132059633247,0,1,0,0,0,0,1,0,1,0
1627,0.004791437576851873,0.2011422527170301,-0.8762095165113897,-0.9229765408350966,0.32468227323323773,-0.9051008584599091,0,1,0,0,0,0,1,0,0,1
1628,1.512387203407555,2.6124336457771484,0.2352899715511378,-0.9229765408350966,0.4933535096649844,-0.9717400711249291,1,0,1,0,0,0,1,0,1,0
1629,-0.45163663831684725,0.5456124517256185,-0.6026096425267671,-0.9229765408350966,0.6114233751672071,1.7833748774944937,1,0,1,0,0,0,1,0,0,1
1630,-0.2994939463522809,-0.4877981453001465,-1.0130094535037006,-0.9229765408350966,-0.4596389761743846,-0.888441055293654,1,0,1,0,0,0,1,0,0,1
1631,-0.5000456766692093,0.5456124517256185,-0.41450972916233947,0.7716559234106314,2.1800658739824517,0.9233125390365786,1,0,1,1,0,1,0,0,0,1
1632,-0.493130099761729,-1.2915619429868526,-0.6710096110229228,0.7716559234106314,0.8391295443500653,-0.21371902706032603,0,0,0,1,0,0,1,0,0,0
1633,-0.9633893294703887,1.0049060504037362,1.2441895068694326,0.7716559234106314,-0.09699581784612912,-0.33033764922411113,0,0,0,0,0,0,1,0,1,0
1634,-1.1155320214349551,-0.4877981453001465,-0.9617094771315841,-0.9229765408350966,-0.9066177527185134,-0.7051832204648489,0,1,0,0,0,0,0,0,0,1
1635,0.7585893204922034,-0.028504546622028767,-0.5171096819065726,-0.9229765408350966,0.13071035133672898,-0.7759873839214327,0,1,0,0,0,1,0,0,0,1
1636,0.42664162893314955,-0.25815134596108763,-1.372109288108517,-0.9229765408350966,-0.18133143606200247,-1.1820700860988986,1,1,1,0,0,0,0,0,0,1
1637,0.3851481674882678,-1.0619151436477936,-1.4234092644806338,-0.9229765408350966,0.7716610497773666,0.46725042736034766,0,0,0,0,0,0,0,0,0,1
1638,-1.1431943290648763,0.08631885304750067,3.159388624761788,-0.9229765408350966,-1.2776944728683561,0.5026525090886396,0,0,0,0,0,0,0,0,0,0
1639,-0.7697531760609405,-0.25815134596108763,-0.2948097842940676,0.7716559234106314,-1.092156112793435,-0.8093069902539427,1,0,1,0,0,0,0,0,1,0
1640,0.8554073971969275,-0.6026215449696759,-1.0643094298758173,0.7716559234106314,0.6198569369887945,-0.22621387943501728,0,1,0,0,1,0,0,0,0,1
1641,-0.5968637533739333,2.727257045446678,-1.645558368511799,-2.6176090050808245,-0.9656526854696248,-1.3174309868247207,0,0,0,0,0,0,1,1,0,0
1642,-1.378323943919206,-1.2915619429868526,-0.8351695354136959,-0.9229765408350966,-0.4596389761743846,-1.1300082012043517,1,0,0,0,1,0,1,0,0,1
1643,-0.45163663831684725,0.6604358513951478,1.0838054537554311,-0.9229765408350966,-0.35843623431533655,-0.030461192231520873,1,0,1,0,0,0,1,0,0,0
1644,1.1112837427736981,-0.25815134596108763,-0.17510983942579475,-0.9229765408350966,0.8053952970637159,-1.2882763312837744,1,0,0,0,1,0,1,1,0,0
1645,0.6548556668799991,0.08631885304750067,1.3552339001687463,0.7716559234106314,1.6065836701145129,0.9316424406197061,1,0,1,0,0,0,1,0,0,0
1646,3.718456236893768,-1.2915619429868526,-0.9788094692556227,0.7716559234106314,1.5222480518986394,1.9583028107401714,0,0,0,0,0,0,0,0,0,0
1647,-0.31332510016724147,-0.7174449446392054,-0.2130193457748551,0.7716559234106314,-0.44277185253120993,-0.9759050219164929,1,0,1,0,0,0,1,0,0,0
1648,-0.8112466375058223,-0.7174449446392054,-0.3119097764181063,-0.9229765408350966,0.45118570055704776,-0.2512035841843998,1,0,1,0,0,0,1,0,0,1
1649,0.17768086026385913,-0.028504546622028767,-0.5410496708802272,-2.6176090050808245,0.5439548805945085,-0.0908529787091953,0,1,0,0,0,0,1,0,0,1
1650,-0.043617600775510156,-1.1767385433173232,0.3449169051858498,-0.9229765408350966,1.2692411972510194,-0.36365725555662115,0,1,0,0,0,0,1,0,0,1
1651,-1.1985189443247186,-0.028504546622028767,-0.5372255456574263,-0.9229765408350966,-1.1596246073661336,-0.8717812521273991,1,0,1,0,0,0,1,0,1,0
1652,-0.36864971542708375,-0.37297474563061705,-1.291193452361081,-2.6176090050808245,-0.721079392643592,0.3027348710935794,1,1,0,0,0,0,1,1,0,0
1653,1.2634264347382647,-0.4877981453001465,1.5361861977776239,-0.9229765408350966,-0.40903760524486055,-1.059204037747768,1,0,1,0,0,0,1,0,0,1
1654,-0.6660195224487362,-1.636032141995441,0.20920268197919215,-0.9229765408350966,0.18974528408784033,-0.9113482846472547,1,1,0,0,1,0,0,0,0,0
1655,0.21917432170874085,0.6604358513951478,-0.15800984730175607,-0.9229765408350966,1.0921363989976853,-0.5968944998841913,1,0,0,0,1,1,0,0,0,1
1656,-0.8665712527656646,-0.6026215449696759,-0.5372255456574263,-0.9229765408350966,-1.4041979001921663,-0.8821936291063084,1,0,1,1,0,0,1,0,1,0
1657,-0.19576029274007653,-1.2915619429868526,-0.19793998764078177,-2.6176090050808245,-0.029527323273430425,0.37562150994594506,0,1,0,1,0,0,0,1,0,0
1658,-0.0021241393306284167,-1.9805023410040292,-1.3447493007100553,0.7716559234106314,0.7969617352421285,-0.45945112376258745,0,0,0,0,1,0,1,0,0,0
1659,-0.7697531760609405,1.3493762494123245,-1.2157966616907154,-0.9229765408350966,-1.3873307765489915,-1.092523644080278,0,0,0,0,0,1,0,0,1,0
1660,0.02553816829929274,0.31596565238655955,0.3222978679847403,0.7716559234106314,-0.15603075059724048,0.629683508231334,1,0,1,0,0,0,0,0,0,0
1661,0.3229079753209452,0.5456124517256185,-0.72571752233334,-2.6176090050808245,-0.645177336249306,0.7608794581655922,1,0,1,0,0,0,0,0,0,0
1662,-1.1501099059723565,-1.406385342656382,-0.05468608536708698,-0.9229765408350966,-1.092156112793435,-0.5323377626149531,1,1,1,0,0,0,0,0,0,0
1663,0.9453098969941712,0.2011422527170301,-0.2507177411100378,-0.9229765408350966,-0.10542937966771646,-0.6489563847787383,1,0,1,0,0,0,0,0,0,1
1664,0.8346606664744867,-0.25815134596108763,-0.1922098315498345,-0.9229765408350966,0.2740809023037137,1.3335601920056084,1,0,1,0,0,0,0,0,1,0
1665,-1.1293631752499156,-0.9470917439782642,-0.3487335689815127,-0.9229765408350966,-1.0415547418639108,0.14863169180572053,1,0,1,0,0,0,0,1,0,0
1666,0.8554073971969275,-0.9470917439782642,-0.329009768542145,0.7716559234106314,-0.5102403471039086,-0.2678633873506548,1,0,0,0,1,0,1,0,1,0
1667,-2.0145570194073925,0.6604358513951478,-0.7565095716431173,0.7716559234106314,-2.12105065502709,-1.835967360374408,1,0,0,0,1,0,1,0,1,0
1668,-0.2718316387223597,-0.25815134596108763,0.01299007393863284,0.7716559234106314,1.6656186028656241,1.4272715848157929,1,0,0,0,1,0,1,1,0,0
1669,-0.9772204832853493,0.430789052056089,0.4233898849155654,0.7716559234106314,0.8981644771011766,0.665085589959626,1,0,0,0,1,0,1,0,1,0
1670,-0.7420908684310193,0.31596565238655955,0.5409485609287995,0.7716559234106314,-0.08012869420295445,-0.5115130086571343,1,0,0,0,1,0,1,1,0,0
1671,-0.38248086924204433,-0.25815134596108763,-0.7332572014003761,0.7716559234106314,-0.06326157055977977,0.8962403588914143,1,1,0,0,1,0,1,0,1,0
1672,-1.4820575975314103,-1.2915619429868526,-1.2157966616907154,0.7716559234106314,-1.5054006420512143,-0.29077061670425547,1,0,0,0,1,0,1,1,0,0
1673,0.41972605202566926,0.5456124517256185,-0.2884161364452206,0.7716559234106314,1.2861083208941941,-0.3948943864933493,0,0,0,0,0,0,0,0,0,0
1674,-0.16809798511015536,-0.6026215449696759,-0.8420095322633118,0.7716559234106314,-0.847582819967402,0.544302017004277,1,0,1,0,1,0,1,0,0,1
1675,-0.9633893294703887,1.1197294500732655,-0.18286062950670848,0.7716559234106314,-0.5271074707470833,0.1777863473466668,1,0,0,0,1,0,1,0,0,1
1676,0.5511220132677948,-2.439795939682147,-0.7634159176685228,0.7716559234106314,0.19817884590942766,-0.5823171721137181,1,0,0,0,1,0,1,1,0,0
1677,-1.6342002894959768,0.2011422527170301,0.3207899321713322,0.7716559234106314,-0.26566705427787585,0.8858279819125049,1,0,0,1,1,0,0,0,0,0
1678,0.6825179745099202,-0.4877981453001465,-0.2130193457748551,-0.9229765408350966,1.0921363989976853,0.027848118850371674,1,0,1,0,0,0,1,0,0,1
1679,-0.9772204832853493,-0.1433279462915582,0.6842024632024943,-0.9229765408350966,-1.100589674615022,-0.7634925315467415,1,0,1,0,0,0,1,0,0,0
1680,-0.6314416379113348,-0.8322683443087349,-0.778495275802596,0.7716559234106314,0.41745145327069844,-0.20122417468563475,1,0,1,0,0,0,0,0,0,1
1681,-0.5761170226514924,-1.0619151436477936,-1.1498093904960116,-0.9229765408350966,-1.522267765694389,-1.329925839199412,1,0,1,1,0,0,0,0,1,0
1682,-0.6867662531711771,-0.37297474563061705,2.048884374336109,0.7716559234106314,0.19817884590942766,1.014941456450981,0,1,0,0,0,0,0,0,0,0
1683,-0.9218958680255069,-1.5212087423259115,-1.6457091620931392,0.7716559234106314,-0.3753033579585112,0.30689982188514314,0,1,0,0,0,0,0,1,0,0
1684,-1.0117983678227507,-0.4877981453001465,-0.8249095401392731,0.7716559234106314,-1.5391348893375636,1.3939519784832828,1,1,1,0,0,0,1,1,0,0
1685,0.08777836046661534,-1.9805023410040292,0.8500754026772985,0.7716559234106314,-0.2572334924562885,-0.22204892864345352,0,1,0,0,0,0,0,0,1,0
1686,0.5856998978051962,0.7752592510646773,0.5409485609287995,0.7716559234106314,-0.08012869420295445,-1.1612453321410798,0,1,0,0,0,1,0,0,0,0
1687,0.6410245130650385,0.430789052056089,1.4457100489731851,0.7716559234106314,0.5355213187729211,-0.180399420727816,0,1,0,0,0,0,0,0,0,1
1688,1.1666083580335405,-1.5212087423259115,-1.1156094062479338,0.7716559234106314,1.4716466809691156,0.8608382771631223,1,0,1,0,0,0,0,0,1,0
1689,1.270342011645745,-0.8322683443087349,-0.6654000897970479,0.7716559234106314,2.104163817588166,-0.6489563847787383,1,0,1,0,0,0,0,0,0,1
1690,-1.1155320214349551,1.3493762494123245,-0.021209910309445586,0.7716559234106314,1.2945418827157815,0.394363788507982,0,1,0,0,0,0,0,0,0,0
1691,0.21917432170874085,-1.1767385433173232,-0.6710096110229228,0.7716559234106314,2.2053665594472136,-0.9675751203333653,1,0,1,0,0,0,1,0,0,0
1692,-0.9910516371003099,0.08631885304750067,-1.7812725917184564,-0.9229765408350966,-0.42590472888803527,0.5276422138380221,0,1,1,0,0,0,0,1,0,0
1693,-0.8250777913207828,-1.1767385433173232,0.6833097652009567,0.7716559234106314,-0.12229650331089113,-0.7801523347129965,1,0,1,0,0,0,1,0,0,0
1694,-0.6660195224487362,0.2011422527170301,0.4507498723140279,-0.9229765408350966,0.206612407731015,-0.6177192538420101,1,0,1,0,0,0,1,1,0,0
1695,-1.5028043282538512,-1.1767385433173232,-0.8693695196617738,-0.9229765408350966,-0.594575965319782,0.40269369009110945,1,0,1,0,0,0,1,0,1,0
1696,0.6271933592500779,-0.8322683443087349,-0.5000096897825339,0.7716559234106314,2.492107661381183,-0.5323377626149531,1,0,1,0,0,0,1,0,1,0
1697,0.5442064363603144,-0.9470917439782642,1.490429393455592,-0.9229765408350966,0.1644445986230783,-0.2636984365590911,1,0,1,0,0,1,1,1,0,0
1698,0.6479400899725188,0.2011422527170301,0.614909796704801,0.7716559234106314,0.5861226897024452,-0.5968944998841913,1,0,1,0,0,0,0,0,0,0
1699,0.2675833600611029,0.31596565238655955,-0.6050826572607557,-0.9229765408350966,-0.08856225602454178,0.36104418217547196,1,0,1,0,0,0,0,0,0,1
1700,-1.2538435595845607,-1.1767385433173232,-0.514606508456317,-0.9229765408350966,-0.08856225602454178,-0.14707981439530596,1,0,1,1,0,0,1,1,0,0
1701,-0.5622858688365319,0.5456124517256185,-0.2657970992441111,0.7716559234106314,-0.17289787424041514,-1.3257608884078482,1,0,1,0,0,0,1,0,1,0
1702,-0.4239743306869261,-0.1433279462915582,-0.08484480163523359,-0.9229765408350966,-1.100589674615022,1.1523848325725852,1,0,0,1,0,0,0,0,1,0
1703,-2.0145570194073925,-1.2915619429868526,-0.7483365595344494,-0.9229765408350966,-1.7752746203420091,0.8191887692474848,0,0,0,1,0,0,0,1,0,0
1704,-0.35481856161212316,0.5456124517256185,1.1969006397609792,-0.9229765408350966,-0.847582819967402,-0.180399420727816,1,0,1,0,0,0,1,0,1,0
1705,0.06011605283669419,0.2011422527170301,-0.6804794479311211,0.7716559234106314,-0.594575965319782,-0.9300905632092916,1,0,1,0,0,0,1,0,0,1
1706,-1.046376252360152,0.7752592510646773,1.3853926164368928,-0.9229765408350966,-0.847582819967402,1.0899105706991288,1,0,1,0,0,0,0,0,0,1
1707,-0.6660195224487362,-0.8322683443087349,6.394707134629945,-0.9229765408350966,2.964387123390074,4.917500348146218,1,1,1,0,0,0,0,1,0,0
1708,-0.05053317768299044,1.5790230487513832,-1.4097292707814024,-0.9229765408350966,0.8391295443500653,0.3443843790092169,1,1,1,0,0,1,0,1,0,0
1709,0.004791437576851873,-0.1433279462915582,0.8201097021932683,0.7716559234106314,-0.021093761451843086,-1.0300493822068217,0,1,0,0,0,1,0,0,0,0
1710,0.7516737435847232,-0.4877981453001465,0.7551297321219205,0.7716559234106314,1.1005699608192727,-0.9717400711249291,0,1,0,0,0,0,0,1,0,0
1711,0.6825179745099202,-0.7174449446392054,-0.72571752233334,-0.9229765408350966,1.5138144900770523,0.23609565842855934,1,0,1,0,0,0,1,0,1,0
1712,-0.493130099761729,-1.2915619429868526,0.45047241212436073,-0.9229765408350966,0.5861226897024452,-0.7634925315467415,0,1,0,0,0,0,0,0,0,1
1713,-1.184687790509758,-0.4877981453001465,-1.4193679965007024,-0.9229765408350966,-0.7632472017515287,0.3193946742598344,1,0,1,0,0,1,1,0,0,1
1714,1.2357641271083435,2.9569038447857365,-0.40151132245076876,-0.9229765408350966,0.7547939261341918,0.2777451663441969,1,0,0,0,0,0,0,0,0,0
1715,-0.4239743306869261,-0.25815134596108763,1.9508685464646338,-0.9229765408350966,0.41745145327069844,-0.2636984365590911,1,0,1,0,0,0,1,1,0,0
1716,0.2675833600611029,-1.0619151436477936,0.5334088818617634,0.7716559234106314,1.7668213447246723,-0.03462614302308463,0,0,0,0,0,0,1,0,0,0
1717,0.12927182191149708,-0.37297474563061705,0.6012659934650917,-0.9229765408350966,-0.6789115835356554,-0.805142039462379,1,1,1,0,0,0,0,0,0,1
1718,-0.8389089451357434,-0.6026215449696759,-0.45428907592002477,-0.9229765408350966,-1.269260911046769,1.560550010145833,1,0,1,0,0,0,1,0,0,1
1719,-1.046376252360152,0.31596565238655955,-0.40151132245076876,-0.9229765408350966,-1.016254056399149,1.4647561419398665,1,1,1,0,0,0,1,0,1,0
1720,3.130632199757943,1.234552849742795,0.8349960445432253,0.7716559234106314,0.7547939261341918,-0.9509153171671103,1,0,1,0,0,0,0,0,0,1
1721,0.22608989861622114,0.08631885304750067,1.2647577513643087,0.7716559234106314,-0.594575965319782,0.6630031145638441,1,0,1,0,0,0,0,0,1,0
1722,-0.1473512543877145,-0.37297474563061705,-0.43920971778595147,0.7716559234106314,0.33311583505482506,-0.9300905632092916,1,1,1,0,0,0,0,0,1,0
1723,-0.493130099761729,-1.1767385433173232,2.1393605231405477,-0.9229765408350966,-0.594575965319782,-0.28452319051690983,1,0,1,1,0,0,1,0,0,0
1724,-1.046376252360152,1.1197294500732655,0.013171026236241294,-0.9229765408350966,-0.9319184381832755,-0.9717400711249291,0,0,0,1,0,1,1,0,0,0
1725,-0.7005974069861377,1.234552849742795,-0.2054796667078179,0.7716559234106314,-0.594575965319782,1.256508602361679,1,0,1,1,0,0,1,0,0,0
1726,0.19842759098629997,-1.0619151436477936,-0.5975429781937185,-0.9229765408350966,-0.17289787424041514,1.1315600786147664,1,0,1,1,0,0,1,1,0,0
1727,0.5442064363603144,-0.1433279462915582,-0.8991301408751804,-0.9229765408350966,-0.7632472017515287,-1.0550390869562043,1,0,0,0,1,0,1,1,0,0
1728,0.9591410508091318,-1.5212087423259115,-0.9669872524785097,-0.9229765408350966,1.5138144900770523,-0.35532735397349363,1,0,1,0,0,0,1,0,0,0
1729,-1.6549470202184176,-0.37297474563061705,0.7311897431482659,0.7716559234106314,-1.5307013275159764,-0.5115130086571343,1,0,1,1,0,0,1,1,0,0
1730,-0.9495581756554281,-1.406385342656382,-0.551309666154651,0.7716559234106314,0.08010898040720495,0.30689982188514314,1,0,1,0,0,0,0,0,0,0
1731,0.08777836046661534,-1.2915619429868526,-0.5000096897825339,0.7716559234106314,0.46805282420022243,-0.6552038109660838,1,0,1,1,0,0,0,1,0,0
1732,-0.07127990840543132,-0.37297474563061705,0.13269001880690465,0.7716559234106314,-0.12229650331089113,1.3439725689845177,0,1,0,0,0,0,0,0,0,0
1733,0.8554073971969275,-0.25815134596108763,-0.07250988668156162,0.7716559234106314,-0.021093761451843086,-0.9051008584599091,1,0,1,0,0,0,0,1,0,0
1734,-1.5304666358837724,-0.028504546622028767,1.596503630313916,-0.9229765408350966,-1.8596102385578825,-1.2216371186187542,1,0,1,0,0,0,0,0,0,1
1735,1.512387203407555,-0.7174449446392054,-0.0923844807022697,-0.9229765408350966,1.4294788718611788,0.17362139655510303,1,0,1,0,0,0,0,0,0,0
1736,-0.7005974069861377,-0.6026215449696759,0.08856781690660676,-0.9229765408350966,-1.522267765694389,-1.3674103963234856,1,1,0,1,0,0,0,0,0,1
1737,0.8899852817343289,0.31596565238655955,-0.16778127137263518,-0.9229765408350966,0.24878021683895168,0.26941526476106936,1,0,1,0,0,0,0,1,0,0
1738,1.374075665257949,-1.406385342656382,0.5258692027947263,-0.9229765408350966,0.24878021683895168,0.1944461505129218,0,1,0,0,0,0,1,0,0,1
1739,1.0282968198839346,-1.2915619429868526,-0.2884161364452206,-0.9229765408350966,1.260807635429432,-0.30534794447472857,1,1,1,0,0,0,0,0,0,1
1740,0.4058948982107087,1.4641996490818538,0.7746786120069331,-0.9229765408350966,0.5861226897024452,-0.9821524481038385,1,0,0,0,0,0,0,0,1,0
1741,-0.7005974069861377,1.3493762494123245,1.0536467374872844,-0.9229765408350966,-1.100589674615022,0.06949762676600921,1,0,0,0,1,0,0,0,0,1
1742,-0.07819548531291161,-0.6026215449696759,-1.080082438484058,-0.9229765408350966,0.33311583505482506,-0.721843023631104,1,1,1,0,0,0,0,0,1,0
1743,1.0974525889587377,-1.0619151436477936,-0.4618287549870609,-0.9229765408350966,0.33311583505482506,-0.5552449919685538,1,0,0,0,1,0,0,1,0,0
1744,-0.35481856161212316,-0.37297474563061705,1.7171384953865014,-0.9229765408350966,-0.847582819967402,0.3818689361332907,1,1,0,1,0,0,0,0,1,0
1745,0.9591410508091318,-0.9470917439782642,0.8651547608113708,-0.9229765408350966,-0.42590472888803527,-1.1175133488296605,1,0,1,0,0,0,0,0,1,0
1746,-0.4239743306869261,-0.37297474563061705,0.4806311283925074,-0.9229765408350966,-0.2572334924562885,-0.2428736826012723,1,1,0,0,0,0,0,0,0,0
1747,-1.5996224049585752,-0.9470917439782642,2.1333890973194545,-0.9229765408350966,-1.7499739348772472,-0.2678633873506548,1,0,1,0,0,0,0,0,0,0
1748,-0.3893964461495246,-0.6026215449696759,0.20108998730306044,0.7716559234106314,0.3415493968764124,-0.721843023631104,1,0,0,0,0,1,0,0,1,0
1749,-0.7974154836908617,-0.9470917439782642,-0.6427810525959384,-0.9229765408350966,-0.2572334924562885,-1.0758638409140229,0,0,0,0,0,1,0,0,0,0
1750,0.06011605283669419,-1.1767385433173232,-1.6606377266458716,-0.9229765408350966,-1.100589674615022,-1.0550390869562043,1,0,1,0,0,0,0,1,0,0
1751,-0.5622858688365319,0.430789052056089,2.885788750777166,-0.9229765408350966,1.5306816137202268,-1.092523644080278,0,1,0,0,0,1,0,0,0,0
1752,-0.493130099761729,0.5456124517256185,-0.48290969765849523,0.7716559234106314,0.8391295443500653,-0.7426677775889227,1,0,0,0,0,1,0,0,0,1
1753,0.16384970644889854,-0.37297474563061705,-0.8078095480152344,0.7716559234106314,0.46805282420022243,-0.7426677775889227,1,1,1,0,0,0,0,0,1,0
1754,-1.5512133666062133,1.234552849742795,0.7311897431482659,0.7716559234106314,1.210206264499908,-0.07627565093872216,1,1,1,0,0,0,0,0,0,0
1755,-1.4336485591790484,-0.37297474563061705,-0.6026096425267671,0.7716559234106314,-1.269260911046769,3.6097057995951993,1,0,0,0,0,1,0,0,0,1
1756,-0.5622858688365319,-1.5212087423259115,-1.3550092959844784,0.7716559234106314,-0.35843623431533655,-0.8405441211906709,1,0,1,0,0,0,0,1,0,0
1757,-0.7005974069861377,0.08631885304750067,-1.0130094535037006,-0.9229765408350966,0.5523884424160957,0.7067350978752635,1,1,0,0,0,0,0,0,1,0
1758,-0.24416933109243855,0.430789052056089,0.18398999517902176,0.7716559234106314,-1.092156112793435,0.1423842656183749,0,1,0,0,0,1,1,0,0,1
1759,-0.8389089451357434,-0.028504546622028767,2.834488774405049,-0.9229765408350966,-0.5102403471039086,-0.1179251588543597,1,0,0,0,0,1,1,0,0,1
1760,-1.184687790509758,0.6604358513951478,1.2954894832415487,-0.9229765408350966,-1.100589674615022,0.007023364892552906,1,0,1,0,0,0,1,0,1,0
1761,-0.7697531760609405,0.08631885304750067,1.4151894281098216,0.7716559234106314,-0.6789115835356554,0.11114713468164673,1,1,1,0,0,0,1,0,0,0
1762,-0.7005974069861377,0.2011422527170301,-2.0732089651941115,0.7716559234106314,-0.0042266378086684145,-0.1179251588543597,0,0,0,0,0,0,1,0,1,0
1763,-1.184687790509758,2.038316647429501,2.441188955552155,-0.9229765408350966,-0.5102403471039086,0.15279664259728426,1,0,1,0,0,0,1,0,0,1
1764,-0.2165070234625174,-0.37297474563061705,-0.7394095795190786,-0.9229765408350966,0.08010898040720495,-0.8259667934201977,1,0,1,0,0,0,1,1,0,0
1765,0.5442064363603144,1.1197294500732655,1.4664894044819377,0.7716559234106314,-0.3415691106721619,1.1107353246569476,1,1,0,1,0,1,1,0,0,0
1766,0.19842759098629997,0.6604358513951478,0.833789695892499,0.7716559234106314,-0.3415691106721619,0.5068174598802033,0,1,0,0,0,0,1,0,0,1
1767,0.9591410508091318,1.0049060504037362,-1.4796854290369945,-0.9229765408350966,0.5017870714865718,-1.0550390869562043,0,1,0,0,0,1,1,0,0,1
1768,-0.9080647142105464,1.0049060504037362,0.3207899321713322,-0.9229765408350966,-0.42590472888803527,2.3810453160838922,1,0,1,0,0,0,1,0,0,0
1769,-0.8389089451357434,0.7752592510646773,-0.9519078943444363,0.7716559234106314,0.41745145327069844,-0.09710040489654093,0,1,0,1,0,0,1,0,0,0
1770,1.512387203407555,-0.6026215449696759,0.279749951073639,0.7716559234106314,0.5861226897024452,-0.20122417468563475,1,0,0,0,0,1,1,0,1,0
1771,0.47505066728551154,0.5456124517256185,0.4052343377221419,0.7716559234106314,1.0921363989976853,3.438942817141086,1,0,0,0,0,1,1,1,0,0
1772,-1.184687790509758,0.08631885304750067,0.6285897904040327,0.7716559234106314,-0.9319184381832755,-0.9300905632092916,1,0,0,0,0,1,1,0,0,0
1773,-1.046376252360152,-0.6026215449696759,4.527387994684898,-0.9229765408350966,-1.100589674615022,0.2777451663441969,1,0,0,1,0,1,1,0,1,0
1774,1.4432314343327521,-0.25815134596108763,0.5943898061559543,-0.9229765408350966,0.7547939261341918,0.027848118850371674,1,0,0,0,0,1,1,1,0,0
1775,-0.9772204832853493,0.430789052056089,-0.004109918185405839,0.7716559234106314,-0.42590472888803527,-0.13874991281217847,1,1,1,0,0,0,1,0,1,0
1776,0.2675833600611029,-0.4877981453001465,0.7995897116444216,-0.9229765408350966,-0.0042266378086684145,-1.2008123646609357,1,0,1,0,0,0,1,0,0,0
1777,1.2357641271083435,0.5456124517256185,-0.3803097449142621,-2.6176090050808245,0.41745145327069844,0.5484669677958408,0,0,0,0,0,1,0,1,0,0
1778,-0.7005974069861377,0.7752592510646773,0.08139004243478862,0.7716559234106314,-0.17289787424041514,1.3814571261085915,1,1,0,1,0,1,1,0,0,1
1779,0.8899852817343289,-0.25815134596108763,-0.34610976066618365,-2.6176090050808245,0.7547939261341918,0.13197188863946552,0,0,0,0,0,0,1,0,0,1
1780,-0.6314416379113348,-0.7174449446392054,1.3125894753655885,-0.9229765408350966,-0.2572334924562885,0.7775392613318473,1,0,1,1,0,0,1,0,1,0
1781,4.209462197324869,0.5456124517256185,1.398089435985783,-0.9229765408350966,1.007800780781812,1.0899105706991288,1,1,0,0,0,1,1,1,0,0
1782,-0.07819548531291161,0.6604358513951478,0.9021896643886548,-0.9229765408350966,-0.42590472888803527,-0.888441055293654,1,0,0,1,0,1,1,1,0,0
1783,0.12927182191149708,1.1197294500732655,-0.5171096819065726,-0.9229765408350966,0.5017870714865718,-0.013801389065265861,1,1,0,0,0,1,1,1,0,0
1784,-1.1155320214349551,0.6604358513951478,-0.1409098551777174,-0.9229765408350966,-0.594575965319782,-0.13874991281217847,1,0,1,0,0,0,1,1,0,0
1785,-0.1473512543877145,-0.7174449446392054,1.4835893966059772,-0.9229765408350966,-0.594575965319782,-0.013801389065265861,1,1,0,0,0,0,0,0,1,0
1786,-1.184687790509758,0.2011422527170301,1.0389896013809663,-2.6176090050808245,-0.7632472017515287,2.568468101704261,1,0,1,0,0,0,1,0,0,1
1787,-1.5304666358837724,1.1197294500732655,-1.081409421999856,-2.6176090050808245,-0.3415691106721619,-0.22204892864345352,0,0,0,0,0,0,1,0,0,0
1788,0.2675833600611029,-0.1433279462915582,-0.1922098315498345,0.7716559234106314,-0.7632472017515287,-0.7843172855045603,1,0,1,0,0,0,0,0,0,0
1789,0.06011605283669419,-0.4877981453001465,-1.3892092802325557,-0.9229765408350966,0.24878021683895168,0.4859927059223845,1,0,1,0,0,0,1,1,0,0
1790,1.7198545106319636,-0.9470917439782642,-0.7804495606167718,0.7716559234106314,1.3451432536453054,-0.22204892864345352,0,1,0,0,0,0,0,0,0,0
1791,0.19842759098629997,-0.6026215449696759,-1.6970091384652557,-0.9229765408350966,-0.2572334924562885,3.0682621966919115,1,0,1,1,0,0,0,0,0,0
1792,-1.184687790509758,-0.4877981453001465,-0.8762095165113897,-0.9229765408350966,-1.016254056399149,-0.05545089698090339,0,1,0,0,0,1,0,0,0,1
1793,0.6133622054351173,0.2011422527170301,0.9021896643886548,0.7716559234106314,0.8391295443500653,-0.03462614302308463,1,0,0,0,0,0,0,0,0,1
1794,-1.1155320214349551,-1.0619151436477936,2.3214890106838824,-0.9229765408350966,-0.6789115835356554,4.588469235612681,1,0,0,0,0,0,0,0,0,0
1795,1.3049198961831463,0.5456124517256185,0.08139004243478862,-0.9229765408350966,1.4294788718611788,0.4651679519645658,0,1,0,0,0,1,1,1,0,0
1796,-0.7697531760609405,-0.25815134596108763,-0.5000096897825339,0.7716559234106314,-1.3535965292626422,-0.32617269843254737,1,0,1,0,0,0,0,0,1,0
1797,-0.8458245220432238,1.1197294500732655,0.13269001880690465,0.7716559234106314,-1.6909390021261357,-1.2216371186187542,1,0,1,0,0,0,0,0,0,1
1798,-0.7005974069861377,-0.37297474563061705,1.5861893493502104,0.7716559234106314,-0.6789115835356554,-1.159162856745298,1,1,0,0,0,0,0,0,0,1
1799,-0.35481856161212316,-0.9470917439782642,-0.7394095795190786,0.7716559234106314,-0.6789115835356554,-1.2632866265343918,1,0,1,0,0,0,0,0,0,1
1800,2.4114122013799926,0.2011422527170301,-0.6368096267748454,0.7716559234106314,1.5138144900770523,-1.1175133488296605,1,0,0,0,0,1,0,0,1,0
1801,-0.43780548450188667,0.2011422527170301,-0.15800984730175607,0.7716559234106314,-0.7126458308220047,-0.19705922389407102,1,0,1,0,0,0,1,0,0,1
1802,1.5469650879449564,0.8900826507342067,-0.3974097370383008,0.7716559234106314,2.508974785024358,-0.2678633873506548,1,0,1,0,0,0,1,1,0,0
1803,0.7170958590473216,-0.8322683443087349,-1.2524093432402448,0.7716559234106314,1.6740521646872115,-0.23246130562236292,1,1,1,0,0,0,1,0,0,1
1804,1.4916404726851142,0.6604358513951478,-0.36320975279022233,0.7716559234106314,0.29094802594688834,-0.6926883680901577,1,0,1,0,0,0,1,1,0,0
1805,-0.6660195224487362,0.430789052056089,-0.03830990243348426,0.7716559234106314,-0.2994013015642252,-0.8488740227737984,1,0,1,0,0,0,1,0,0,1
1806,-0.8665712527656646,0.31596565238655955,0.6627897746521101,0.7716559234106314,0.10540966587196696,0.3693740837585994,1,0,1,0,0,0,1,0,1,0
1807,1.39482239598039,2.038316647429501,-0.3974097370383008,0.7716559234106314,1.7162199737951482,0.10906465928586487,1,0,1,0,0,0,1,1,0,0
1808,0.8969008586418092,-0.25815134596108763,-0.1150035179033802,0.7716559234106314,0.6029898133456199,-0.5156779594486981,1,0,1,0,0,0,1,0,0,1
1809,-0.6452727917262954,0.08631885304750067,0.833789695892499,0.7716559234106314,-0.11386294148930379,-0.7676574823383052,1,0,1,0,0,0,1,0,1,0
1810,-0.7005974069861377,-0.37297474563061705,0.8679896801405774,0.7716559234106314,-0.4849396616391466,-0.9800699727080566,1,0,1,0,0,0,1,0,0,1
1811,-0.873486829673145,0.6604358513951478,0.2181899794270991,0.7716559234106314,-0.021093761451843086,-0.11376020806279594,1,0,1,0,0,0,1,0,0,0
1812,2.10712681745086,1.5790230487513832,0.49178985341172116,0.7716559234106314,2.087296693944991,-0.11376020806279594,1,0,1,0,0,0,1,1,0,0
1813,-1.1017008676199944,0.5456124517256185,0.6627897746521101,0.7716559234106314,-1.0584218655070854,-0.6989357942775033,1,0,1,0,0,1,1,0,0,0
1814,1.6645298953721213,-0.4877981453001465,0.2865899479232549,0.7716559234106314,2.0113946375507052,-0.10959525727123219,1,1,1,0,0,0,1,0,1,0
1815,-0.3893964461495246,0.430789052056089,-0.910409500759467,0.7716559234106314,-0.2825341779210505,-0.25536853497596357,1,0,1,0,0,1,1,0,1,0
1816,-1.3644927901042454,-0.6026215449696759,-0.9446094850075449,-0.9229765408350966,-1.5813026984455003,-1.0196370052279122,1,1,1,1,0,0,1,1,0,0
1817,0.03245374520677303,1.234552849742795,0.2181899794270991,-2.6176090050808245,-0.8813170672537515,-0.4178016158469499,1,1,1,0,0,1,1,0,1,0
1818,-0.20959144655503711,-0.028504546622028767,-0.1922098315498345,0.7716559234106314,-1.1764917310093082,-0.8342966950033253,1,0,1,1,0,0,1,1,0,0
1819,1.035212396791415,-0.8322683443087349,0.14979001093094332,0.7716559234106314,0.2993815877684757,-0.6572862863618657,0,1,0,0,0,0,0,0,0,0
1820,-0.6245260610038544,1.0049060504037362,-0.6368096267748454,0.7716559234106314,-1.2355266637604196,-0.923843137021946,1,1,0,0,0,0,1,1,0,0
1821,0.32982355222842547,-1.0619151436477936,0.047190058186710196,0.7716559234106314,-0.40903760524486055,-0.19705922389407102,0,1,0,0,0,0,1,0,1,0
1822,1.3118354730906265,0.2011422527170301,-1.218209358992167,0.7716559234106314,1.134304208105622,-0.16373961756156097,0,0,0,0,0,1,0,0,0,0
1823,0.12235624500401679,-0.6026215449696759,-2.0390089809460337,0.7716559234106314,0.22347953137418966,0.2631678385737237,0,1,0,0,0,0,0,0,0,0
1824,-0.9633893294703887,-0.7174449446392054,-0.22055902484189122,-0.9229765408350966,-0.45120541435279726,0.5401370662127133,0,1,0,1,0,0,1,0,0,0
1825,-0.6106949071888939,0.2011422527170301,2.2524557091460955,0.7716559234106314,-0.9150513145401008,1.1940343404882225,1,0,0,0,0,0,0,0,1,0
1826,1.8097570104292076,-1.1767385433173232,-1.4234092644806338,0.7716559234106314,0.7041925552046678,-1.0279669068110397,1,1,1,0,0,0,0,0,1,0
1827,0.558037590175275,-1.8656789413344996,-0.021209910309445586,0.7716559234106314,1.2861083208941941,-1.1612453321410798,1,1,1,0,0,0,0,0,0,0
1828,-0.2925783694448006,-0.9470917439782642,-1.110241154752204,0.7716559234106314,1.3535768154668928,0.3839514115290726,0,1,1,0,0,0,0,0,0,1
1829,-0.4101431768719655,-0.9470917439782642,-1.5944091857210227,0.7716559234106314,-0.9572191236480374,0.2777451663441969,0,1,0,0,0,0,1,0,0,1
1830,-0.493130099761729,1.4641996490818538,-0.1409098551777174,0.7716559234106314,1.1005699608192727,-0.9613276941460197,1,0,1,0,0,0,0,0,0,1
1831,0.8899852817343289,0.6604358513951478,2.1770589184757303,0.7716559234106314,1.4969473664338775,-0.7905647116919059,1,0,0,0,0,0,1,0,0,1
1832,1.6921922030020424,-0.8322683443087349,1.0159483421521016,0.7716559234106314,1.5306816137202268,-0.5031831070740069,0,1,0,0,0,0,0,0,0,0
1833,1.9964775869311753,-0.6026215449696759,-0.0999241597693069,0.7716559234106314,1.5897165464713383,-0.7572451053593958,0,1,0,0,0,0,0,0,1,0
1834,0.23992105243118172,0.7752592510646773,-1.4269076755677386,-0.9229765408350966,1.7499542210814976,-0.8342966950033253,0,1,0,0,0,0,0,0,0,1
1835,-0.8458245220432238,-1.7508555416649703,-0.2356383829759645,0.7716559234106314,-1.1427574837229588,-1.140420578183261,1,1,1,0,0,0,1,0,0,0
1836,-0.23033817727747796,-0.7174449446392054,0.8679896801405774,-0.9229765408350966,-1.0752889891502602,-0.19705922389407102,1,0,0,0,0,1,1,0,1,0
1837,-0.8942335603955858,-0.25815134596108763,3.4329884987464103,0.7716559234106314,0.6620247460967311,0.40269369009110945,1,1,1,0,0,0,0,1,0,0
1838,1.0767058582362967,-0.1433279462915582,-0.36320975279022233,0.7716559234106314,0.33311583505482506,0.5255597384422402,1,1,0,0,0,0,1,0,0,0
1839,0.2675833600611029,1.9234932477599715,-1.0472094377517787,-0.9229765408350966,-0.26566705427787585,1.2690034547363702,1,0,1,1,0,0,1,1,0,0
1840,-0.32024067707472176,-0.37297474563061705,-0.6368096267748454,-0.9229765408350966,-1.1511910455445462,-0.35532735397349363,1,1,1,0,0,0,1,0,0,0
1841,-0.7559220222459799,-0.6026215449696759,-0.0896098788056003,0.7716559234106314,-0.7379465162867667,0.023683168058807918,1,1,1,0,0,0,0,0,1,0
1842,0.9176475893642501,-0.8322683443087349,1.7913892548386767,-0.9229765408350966,0.9150316007443513,0.7671268843529379,1,1,1,0,0,0,1,0,0,1
1843,-0.7766687529684209,0.6604358513951478,-0.6710096110229228,-0.9229765408350966,-0.8644499436105767,-0.2345437810181448,1,0,1,0,0,0,1,0,0,0
1844,0.5442064363603144,-1.8656789413344996,-1.5602092014729447,0.7716559234106314,0.19817884590942766,-0.8259667934201977,0,1,0,0,0,0,0,0,0,1
1845,-0.2925783694448006,2.4976102461076186,-1.8338090754575673,-0.9229765408350966,0.4090178914491111,-0.6093893522588826,1,1,1,0,0,0,0,0,1,0
1846,1.298004319275666,0.7752592510646773,-0.5342096740306113,0.7716559234106314,0.6367240606319692,1.1107353246569476,1,1,1,0,0,0,0,1,0,0
1847,1.6161208570197594,-0.8322683443087349,-0.5171096819065726,0.7716559234106314,3.5463028890796005,2.6455196913481904,0,1,0,0,0,0,0,0,0,0
1848,-0.11277336985031305,-0.37297474563061705,0.337889924295372,0.7716559234106314,-1.016254056399149,-1.413224855030687,0,1,0,0,0,0,1,1,0,0
1849,0.7793360512146443,-0.7174449446392054,-1.0301094456277393,0.7716559234106314,0.7294932406694299,0.31731219886405254,1,1,1,0,0,0,0,0,1,0
1850,1.3049198961831463,1.4641996490818538,-0.22640981579791186,0.7716559234106314,-0.847582819967402,-0.7031007450690671,1,1,0,0,0,0,0,0,0,1
1851,-1.2607591364920412,-1.0619151436477936,-1.8680090597056447,0.7716559234106314,-0.847582819967402,-0.5552449919685538,1,1,0,0,0,0,0,0,0,1
1852,-0.8389089451357434,-0.6026215449696759,1.27838949111751,0.7716559234106314,-0.6030095271413694,-0.2657809119548729,0,1,0,0,0,0,0,0,1,0
1853,-1.3229993286593638,-0.25815134596108763,-2.4220488045245046,-0.9229765408350966,-1.4294985856569282,-1.2903588066795562,1,1,0,0,0,0,0,0,1,0
1854,0.19151201407881968,-0.7174449446392054,-0.8420095322633118,0.7716559234106314,-0.2066321215267645,0.8150238184559211,0,1,0,0,0,0,0,1,0,0
1855,-0.37556529233456404,0.5456124517256185,0.14979001093094332,0.7716559234106314,-0.35843623431533655,0.9462197683901793,1,1,1,0,0,0,0,0,0,1
1856,-0.2718316387223597,0.2011422527170301,0.49178985341172116,0.7716559234106314,-1.2861280346899435,-1.4278021828011602,0,1,0,0,0,1,0,1,0,0
1857,-1.1570254828798368,0.08631885304750067,0.5259898376597996,0.7716559234106314,0.23191309319577702,-0.8634513505442716,1,1,0,0,0,1,0,0,0,0
1858,-0.9080647142105464,-0.37297474563061705,-0.7332572014003761,0.7716559234106314,-0.847582819967402,-0.8676163013358353,0,1,0,0,0,0,1,0,1,0
1859,-1.0394606754526718,-1.0619151436477936,-1.3816696011655196,0.7716559234106314,-0.17289787424041514,-0.5968944998841913,0,1,0,0,0,0,1,0,1,0
1860,-1.1155320214349551,-0.37297474563061705,-1.9979689998483403,0.7716559234106314,-0.594575965319782,0.42351844404892824,0,1,0,0,0,0,1,0,0,0
1861,0.47505066728551154,-0.8322683443087349,-1.0130094535037006,0.7716559234106314,0.24878021683895168,-0.30534794447472857,0,1,0,0,0,0,1,0,0,1
1862,-1.4059862515491273,-0.8322683443087349,-1.8680090597056447,0.7716559234106314,-0.3415691106721619,0.02160069266302604,0,1,0,0,0,0,1,1,0,0
1863,0.06011605283669419,-0.1433279462915582,-0.1922098315498345,0.7716559234106314,0.1644445986230783,0.715064999458391,1,1,0,0,0,1,0,0,0,0
1864,-0.8389089451357434,-0.25815134596108763,-0.5000096897825339,-2.6176090050808245,-1.522267765694389,0.3193946742598344,1,1,0,1,0,1,0,0,1,0
1865,-0.6314416379113348,-0.9470917439782642,-1.6901691416156404,0.7716559234106314,0.5861226897024452,1.693828435475873,1,1,1,0,0,0,0,0,0,1
1866,0.8899852817343289,0.31596565238655955,-1.1498093904960116,0.7716559234106314,2.1884994358040393,0.7567145073740285,0,1,0,0,0,1,0,0,1,0
1867,-0.07819548531291161,0.430789052056089,-0.6026096425267671,-0.9229765408350966,0.5861226897024452,-0.6177192538420101,1,1,0,0,0,1,0,0,0,1
1868,-0.7005974069861377,0.8900826507342067,0.3549899164194107,-0.9229765408350966,-1.269260911046769,-1.1175133488296605,1,1,0,0,0,1,0,1,0,0
1869,0.9591410508091318,-0.9470917439782642,-0.8488495291129271,0.7716559234106314,1.1764720172135588,0.007023364892552906,1,1,1,0,0,0,0,0,0,0
1870,1.512387203407555,0.430789052056089,-0.0896098788056003,0.7716559234106314,0.5861226897024452,-0.534420238010735,0,1,0,0,0,0,0,0,1,0
1871,0.47505066728551154,-0.8322683443087349,-1.7312091227133337,0.7716559234106314,0.5017870714865718,-0.20122417468563475,0,1,0,0,0,0,0,0,0,0
1872,0.8623229741044077,-0.4877981453001465,-0.46580970553445655,0.7716559234106314,-0.7126458308220047,-0.5135954840529162,0,0,0,1,0,1,1,1,0,0
1873,-0.043617600775510156,-1.636032141995441,-1.218209358992167,0.7716559234106314,-0.054828008738192435,-0.7988946132750334,0,0,0,0,0,0,1,0,1,0
1874,1.0490435506063756,-0.1433279462915582,0.5259898376597996,0.7716559234106314,1.5897165464713383,1.1732095865304037,0,1,0,0,0,1,0,0,1,0
1875,1.298004319275666,1.1197294500732655,1.1415895541251995,0.7716559234106314,-0.3668697961369239,-0.25745101037174545,1,0,1,0,0,0,0,0,0,0
1876,0.6479400899725188,-0.9470917439782642,-0.329009768542145,0.7716559234106314,0.38371720598434905,-0.2866056659126917,1,0,0,0,0,0,0,0,0,0
1877,0.8830697048268487,0.8900826507342067,0.5943898061559543,0.7716559234106314,-0.5777088416766073,0.09865228230695548,1,1,1,0,0,0,0,0,0,1
1878,-0.15426683129519478,0.31596565238655955,2.116289105195416,0.7716559234106314,-1.269260911046769,-0.5260903364276075,1,0,1,0,0,1,0,1,0,0
1879,-0.7075129838936179,0.31596565238655955,-0.8591095243873504,0.7716559234106314,0.8897309152795893,-0.46153359915836933,1,0,1,0,0,1,1,0,0,0
1880,0.42664162893314955,0.08631885304750067,-0.329009768542145,0.7716559234106314,0.1138432276935543,-0.020048815252611492,1,0,1,0,0,0,1,0,0,1
1881,-0.3893964461495246,-0.028504546622028767,0.0984900345588273,0.7716559234106314,1.581282984649751,-0.5843996475095,1,1,1,0,0,0,1,0,0,0
1882,2.6534573931418026,0.08631885304750067,0.047190058186710196,0.7716559234106314,-0.01266019963025575,-0.12833753583326907,1,0,1,0,0,0,1,1,0,0
1883,0.21225874480126056,0.08631885304750067,-0.5855096504027284,0.7716559234106314,-0.9993869327559741,-1.4777815922999251,1,0,1,0,0,0,1,0,0,1
1884,0.2675833600611029,0.8900826507342067,1.4835893966059772,0.7716559234106314,0.8053952970637159,1.8354367623890406,1,0,1,0,0,0,1,1,0,0
1885,0.28833009078354377,-0.7174449446392054,0.4052343377221419,0.7716559234106314,0.8391295443500653,-0.017966339856829616,1,0,1,0,0,0,0,0,0,0
1886,0.3159923984134649,-0.1433279462915582,-0.12380986305367872,0.7716559234106314,-0.0042266378086684145,-0.2532860595801817,1,0,1,0,0,0,1,0,1,0
1887,0.4543039365630707,-0.25815134596108763,-0.8762095165113897,0.7716559234106314,-0.021093761451843086,-1.1362556273916973,0,0,0,0,0,0,1,0,0,0
1888,0.2606677831536226,0.430789052056089,0.4404898770396051,0.7716559234106314,0.6198569369887945,-0.9634101695418016,1,0,1,0,0,0,1,0,0,0
1889,0.21225874480126056,-0.8322683443087349,-0.329009768542145,0.7716559234106314,0.9571994098522879,0.3818689361332907,1,0,1,0,0,0,1,0,0,1
1890,0.3920637443957481,-0.25815134596108763,-0.15800984730175607,0.7716559234106314,1.033101466246574,3.049519918129875,0,1,0,1,0,0,1,0,1,0
1891,-0.9910516371003099,-0.7174449446392054,0.2694899557992162,0.7716559234106314,-0.6789115835356554,0.6442608360018072,1,0,1,0,0,0,1,0,1,0
1892,-0.7282597146160589,0.7752592510646773,-0.34610976066618365,0.7716559234106314,-0.5186739089254959,1.0503435381792732,1,0,1,0,0,0,1,0,1,0
1893,-1.7171872123857401,-0.6026215449696759,-0.6026096425267671,0.7716559234106314,-0.6873451453572427,1.304405536464662,1,0,1,0,0,0,1,0,0,1
1894,-0.541539138114091,0.5456124517256185,-0.3974097370383008,0.7716559234106314,-1.024687618220736,0.10698218389008299,1,0,1,0,0,0,1,1,0,0
1895,0.6133622054351173,-0.25815134596108763,-0.021209910309445586,0.7716559234106314,0.1138432276935543,-0.6906058926943758,1,0,1,0,0,0,1,1,0,0
1896,-0.6729350993562165,1.8086698480904422,-0.5342096740306113,0.7716559234106314,-1.2523937874035942,-0.9529977925628922,1,1,1,0,0,0,1,0,1,0
1897,-0.08511106222039189,1.0049060504037362,0.18398999517902176,0.7716559234106314,-0.9319184381832755,-0.46153359915836933,1,0,1,0,0,0,1,0,0,0
1898,-1.309168174844403,0.6604358513951478,0.6285897904040327,0.7716559234106314,-0.9993869327559741,-0.17831694533203413,0,0,0,0,0,0,1,0,1,0
1899,-0.24416933109243855,-0.8322683443087349,0.9705896328848106,0.7716559234106314,-0.29096773974263784,-0.5968944998841913,0,0,0,0,0,0,1,0,0,1
1900,-1.23309682886212,0.430789052056089,-0.15800984730175607,0.7716559234106314,-0.8138485726810527,-0.7926471870876878,1,1,1,0,0,0,0,0,0,0
1901,1.15277720421858,-0.028504546622028767,1.0731895856290437,0.7716559234106314,1.48851380461229,0.35271428059234444,1,0,1,0,0,0,0,0,0,1
1902,0.47505066728551154,3.1865506441247953,0.8679896801405774,0.7716559234106314,2.0451288848370544,-0.9363379893966373,1,1,0,0,0,0,0,0,1,0
1903,0.004791437576851873,-0.25815134596108763,-0.6539096188988841,0.7716559234106314,-0.3415691106721619,-0.38864696030600365,0,1,0,0,0,0,0,0,0,1
1904,0.7793360512146443,-0.6026215449696759,-0.3119097764181063,0.7716559234106314,-0.42590472888803527,0.6671680653554078,1,0,1,0,0,1,0,1,0,0
1905,0.6825179745099202,1.3493762494123245,0.7294405376047132,0.7716559234106314,0.9909336571386373,-0.5635748935516813,1,0,1,0,0,0,0,0,1,0
1906,-0.09202663912787218,-0.9470917439782642,-0.34610976066618365,0.7716559234106314,-0.8307156963242274,0.11114713468164673,1,0,1,0,0,0,0,0,0,1
1907,0.9798877815315727,-1.0619151436477936,-0.3803097449142621,0.7716559234106314,-0.08856225602454178,-0.23246130562236292,1,0,1,0,0,0,0,0,1,0
1908,0.7931672050296049,-0.9470917439782642,-0.9446094850075449,-0.9229765408350966,2.5005412232027706,0.002858414100989153,0,1,0,0,0,0,0,0,1,0
1909,-1.23309682886212,1.1197294500732655,0.4678498644380666,-0.9229765408350966,-1.2270931019388323,0.933724916015488,1,0,1,0,0,1,1,0,0,1
1910,-1.0740385599900732,-0.028504546622028767,-0.3487335689815127,-0.9229765408350966,-0.6536108980708933,2.658014543722882,1,0,1,0,0,1,0,0,0,1
1911,0.22608989861622114,-0.9470917439782642,-0.021209910309445586,-0.9229765408350966,0.7632274879557792,0.8920754080998505,1,0,0,0,0,0,1,0,1,0
1912,0.6064466285276371,1.8086698480904422,2.048884374336109,-0.9229765408350966,0.4933535096649844,-0.8821936291063084,1,0,1,0,0,0,0,0,1,0
1913,-1.3644927901042454,-1.1767385433173232,-1.238415698891825,-4.312241469326553,-1.648771193018199,0.11322961007742861,1,0,1,0,0,0,0,0,0,0
1914,-0.33407183088968234,2.1531400470990305,0.028250384370314602,0.7716559234106314,0.5692555660592705,0.9149826374534511,0,0,0,1,0,0,0,0,1,0
1915,-0.8319933682282632,-0.8322683443087349,0.5943898061559543,-0.9229765408350966,-0.3921704816016859,0.11114713468164673,1,0,1,0,0,0,0,0,0,0
1916,-0.852740098950704,0.5456124517256185,-0.3562732480485488,-0.9229765408350966,-0.9487855618264501,-0.6676986633407751,1,0,1,0,0,0,0,0,0,0
1917,-0.6106949071888939,2.842080445116207,-0.7030984851322306,-0.9229765408350966,-0.2066321215267645,-1.211224741639845,1,0,1,0,0,0,0,0,0,1
1918,0.6548556668799991,-0.37297474563061705,-0.8249095401392731,-0.9229765408350966,1.8764576484053077,-0.4636160745541512,1,0,1,0,0,0,0,0,1,0
1919,4.036572774637861,0.6604358513951478,-0.8765111036740709,-0.9229765408350966,0.206612407731015,1.6396840751855442,1,0,1,0,0,0,0,1,0,0
1920,-0.16118240820267507,-0.25815134596108763,0.028250384370314602,-0.9229765408350966,-2.0114143513464544,-1.4486269367589788,1,0,1,0,0,0,0,0,0,1
1921,1.2426797040158237,0.430789052056089,-0.05198989613271499,-0.9229765408350966,0.46805282420022243,-0.7551626299636139,1,0,1,0,0,0,0,0,0,0
1922,1.6852766260945622,-0.4877981453001465,-0.17532095043967236,-0.9229765408350966,-0.3078348633858125,-0.8634513505442716,0,0,0,0,0,0,0,0,0,1
1923,-0.18884471583259624,-0.1433279462915582,-0.6578604107300107,0.7716559234106314,-0.3668697961369239,-0.03462614302308463,1,1,1,1,0,0,0,0,1,0
1924,-0.015955293145588995,-0.25815134596108763,-0.05468608536708698,-0.9229765408350966,-1.1680581691877208,-0.8572039243569259,1,0,1,0,0,0,0,0,0,0
1925,0.5372908594528342,0.08631885304750067,0.1413455703758628,0.7716559234106314,-0.9993869327559741,-0.0013065366905746006,1,0,1,1,0,0,0,0,0,1
1926,0.9937189353465333,-0.37297474563061705,0.6766627841354571,-0.9229765408350966,1.7077864119735608,2.1707153011099227,1,0,1,0,0,0,0,1,0,0
1927,0.5926154747126765,-0.8322683443087349,-0.567384261925573,-0.9229765408350966,0.23191309319577702,-0.030461192231520873,1,0,1,0,0,0,0,1,0,0
1928,-0.638357214818815,-0.37297474563061705,0.2181899794270991,-0.9229765408350966,-0.645177336249306,-0.5719047951348089,1,0,1,0,0,0,0,0,0,0
1929,-0.8319933682282632,-0.8322683443087349,1.0385673793532122,-0.9229765408350966,-0.24036636881311385,0.11322961007742861,1,0,1,0,0,1,0,0,0,1
1930,0.7862516281221246,-0.4877981453001465,-0.2507177411100378,-0.9229765408350966,0.931898724387526,0.6900752947090084,1,0,1,0,0,0,0,0,0,0
1931,-1.2607591364920412,-0.6026215449696759,-2.8905885887231704,-0.9229765408350966,-1.0837225509718476,-0.6676986633407751,1,0,1,0,0,0,0,0,1,0
1932,-0.6936818300786574,1.3493762494123245,-0.4241303596518782,-0.9229765408350966,-0.0042266378086684145,0.9441372929943974,1,0,1,0,0,0,1,0,0,1
1933,0.47505066728551154,0.5456124517256185,0.7822182910739692,0.7716559234106314,0.6704583079183185,0.5692917217536596,1,1,1,1,0,0,1,0,0,0
1934,-0.493130099761729,-0.8322683443087349,-1.0650030803499846,0.7716559234106314,0.08010898040720495,-1.2008123646609357,1,1,0,0,0,0,0,0,1,0
1935,-0.9080647142105464,-0.028504546622028767,-1.4796854290369945,-0.9229765408350966,-0.42590472888803527,-0.40947171426382245,0,1,0,1,0,0,0,1,0,0
1936,3.2412814302776276,-0.9470917439782642,1.5814242721798426,0.7716559234106314,2.0198281993722924,0.715064999458391,1,1,1,0,0,0,0,0,0,1
1937,-0.2165070234625174,-0.8322683443087349,-0.12254319697041632,0.7716559234106314,0.257213778660539,6.80630553212038,0,1,0,0,0,0,0,0,0,0
1938,0.6133622054351173,0.430789052056089,0.6615834260013849,0.7716559234106314,0.1644445986230783,-0.7426677775889227,1,0,1,0,0,0,0,1,0,0
1939,-1.2538435595845607,0.2011422527170301,-0.19793998764078177,0.7716559234106314,0.33311583505482506,3.859602847089025,0,0,0,0,0,0,1,0,0,0
1940,-0.493130099761729,0.08631885304750067,-0.4241303596518782,0.7716559234106314,-1.3535965292626422,-1.346585642365667,1,1,1,0,0,0,0,0,0,0
1941,-0.35481856161212316,-0.25815134596108763,-0.5824636200596452,0.7716559234106314,0.6029898133456199,0.11114713468164673,1,0,1,0,0,0,0,0,1,0
1942,-0.19576029274007653,-0.6026215449696759,0.05840910063846121,0.7716559234106314,1.935492581156419,-0.07627565093872216,1,0,1,0,0,0,0,1,0,0
1943,-0.35481856161212316,0.430789052056089,2.8179316391738367,0.7716559234106314,0.08010898040720495,-0.9092658092514728,0,1,0,1,0,1,1,0,0,0
1944,-0.31332510016724147,1.1197294500732655,0.21674236104622827,0.7716559234106314,0.24878021683895168,-1.0342143329983855,1,1,0,0,0,1,0,1,0,0
1945,1.2357641271083435,0.2011422527170301,0.8953134770795174,0.7716559234106314,1.0921363989976853,1.1732095865304037,1,0,1,0,0,0,0,0,1,0
1946,0.4058948982107087,0.430789052056089,-0.2884161364452206,0.7716559234106314,1.1764720172135588,0.09032238072382798,1,1,0,0,0,1,0,0,0,0
1947,0.33673912913590576,-1.636032141995441,0.1413455703758628,0.7716559234106314,0.5017870714865718,0.5901164757114784,1,1,1,1,0,0,0,0,0,1
1948,-1.046376252360152,0.08631885304750067,-1.3288918476962637,-0.9229765408350966,-1.6066033839102625,0.8400135232053035,1,1,1,0,0,0,0,1,0,0
1949,1.2357641271083435,0.7752592510646773,-1.9320661730591875,0.7716559234106314,-0.7632472017515287,0.7358897534162098,1,0,1,0,0,0,0,1,0,0
1950,0.8899852817343289,-0.028504546622028767,-0.8237333502048149,0.7716559234106314,-0.7632472017515287,0.04867287280819044,1,0,1,1,0,0,0,0,1,0
1951,0.33673912913590576,-0.4877981453001465,-2.271351731075832,0.7716559234106314,1.5138144900770523,0.4651679519645658,0,1,0,0,0,0,0,0,0,1
1952,0.19842759098629997,1.1197294500732655,0.6917421422695305,0.7716559234106314,0.5861226897024452,0.2569204123863781,1,0,1,0,0,0,0,0,0,0
1953,-1.4613108668089696,-0.4877981453001465,0.4052343377221419,0.7716559234106314,-1.522267765694389,-0.8676163013358353,1,1,1,0,0,0,0,1,0,0
1954,-0.5622858688365319,0.2011422527170301,1.0988848118895043,0.7716559234106314,0.33311583505482506,0.21527090447074057,1,0,1,0,0,0,0,0,0,1
1955,-1.0602074061751128,-0.7174449446392054,-1.5927806150425428,0.7716559234106314,-1.421065023835341,-0.7926471870876878,0,0,0,1,0,0,1,0,0,1
1956,-0.25800048490739913,-1.406385342656382,-1.1027014756851674,0.7716559234106314,-0.33313554885057456,-1.5423383295691633,0,1,0,0,0,0,1,0,1,0
1957,0.06703162974417448,1.8086698480904422,-1.4947647871710679,-2.6176090050808245,-0.619876650784544,-0.4552861729710237,0,0,0,1,0,0,1,0,0,1
1958,-1.8140052890904643,-0.7174449446392054,-0.8237333502048149,0.7716559234106314,-1.4800999565864523,-0.1699870437489066,1,1,1,1,0,0,0,0,0,0
1959,-1.1362787521573958,-0.7174449446392054,-0.5598445828585358,0.7716559234106314,1.1680384553919714,0.13197188863946552,1,0,1,0,0,0,0,1,0,0
1960,-1.5857912511436147,0.31596565238655955,1.4607894071072585,0.7716559234106314,-0.9150513145401008,-1.1841525614946806,1,0,0,1,0,1,0,0,0,0
1961,-1.3990706746416468,0.430789052056089,-0.906669819942217,0.7716559234106314,-0.8728835054321641,-1.296606232866902,1,1,0,1,0,0,0,0,0,1
1962,-1.2261812519546396,1.8086698480904422,3.330388546002177,0.7716559234106314,-1.0078204945775615,-1.0300493822068217,1,0,1,0,0,0,0,1,0,0
1963,-0.13352010057275393,1.5790230487513832,-1.4646060709029214,0.7716559234106314,-1.269260911046769,-1.0133895790405667,0,0,0,0,0,0,1,1,0,0
1964,-0.19576029274007653,0.31596565238655955,0.7380297399978818,0.7716559234106314,0.8391295443500653,-0.06794574935559465,1,0,1,0,0,1,0,0,1,0
1965,0.41972605202566926,-0.4877981453001465,0.18398999517902176,0.7716559234106314,0.6873254315614932,-0.29285309210003735,1,1,1,0,0,0,0,0,0,1
1966,-1.2607591364920412,-0.37297474563061705,-0.8078095480152344,0.7716559234106314,-0.9825198091127995,-1.5860703128805826,0,0,0,0,0,1,1,0,0,0
1967,-0.852740098950704,0.430789052056089,0.7995897116444216,0.7716559234106314,1.682485726508799,-0.8176368918370702,1,1,1,0,0,0,0,1,0,0
1968,-1.329914905566844,-1.0619151436477936,0.833789695892499,-0.9229765408350966,-0.07169513238136711,0.23193070763699558,1,0,0,0,0,1,0,0,0,0
1969,-1.47514202062393,-0.25815134596108763,-0.7634159176685228,0.7716559234106314,-1.5644355748023258,-0.180399420727816,1,1,1,0,0,0,0,0,1,0
1970,-0.4723833690392881,1.8086698480904422,-0.5000096897825339,0.7716559234106314,-0.45120541435279726,-1.0050596774574392,0,0,0,0,0,0,1,0,0,1
1971,-1.0532918292676325,0.6604358513951478,0.38918990066748804,0.7716559234106314,-0.42590472888803527,-0.39905933728491305,1,1,0,0,0,0,0,0,0,0
1972,-0.6660195224487362,0.6604358513951478,-1.14039987102035,0.7716559234106314,-0.22349924516993916,-0.8301317442117615,0,0,0,0,0,1,1,0,1,0
1973,-0.09894221603535247,0.8900826507342067,-0.9519078943444363,0.7716559234106314,-0.8307156963242274,-1.529843477194472,1,0,1,0,0,0,0,0,0,1
1974,1.0974525889587377,-0.7174449446392054,0.9842696265840413,0.7716559234106314,0.23191309319577702,-0.25536853497596357,1,1,0,1,0,1,0,0,0,0
1975,1.8927439333189708,-1.1767385433173232,-0.016987690031904246,-0.9229765408350966,0.5692555660592705,0.16112654418041178,0,0,0,0,0,0,0,1,0,0
1976,0.6064466285276371,-0.1433279462915582,-0.37889228524965934,0.7716559234106314,0.24878021683895168,0.002858414100989153,1,0,1,0,0,0,0,0,1,0
1977,2.321509701582749,0.5456124517256185,0.8953134770795174,0.7716559234106314,0.5186541951297464,-0.38031705872287613,1,0,1,0,0,0,0,0,0,1
1978,1.5469650879449564,-0.9470917439782642,1.1279095604259677,0.7716559234106314,0.9403322862091132,0.09865228230695548,1,1,0,0,0,1,0,0,0,0
1979,2.065633356005978,-0.4877981453001465,0.4575898691636438,0.7716559234106314,0.44275213873546043,-0.619801729237792,0,0,0,0,0,1,1,0,1,0
1980,2.0863800867284192,-0.6026215449696759,-0.2884161364452206,0.7716559234106314,1.4294788718611788,-0.44695627138789623,0,0,0,0,0,0,0,1,0,0
1981,0.47505066728551154,-0.7174449446392054,-0.5684096582786897,0.7716559234106314,0.6620247460967311,-0.4740284515330606,1,1,0,0,0,0,0,0,1,0
1982,0.21917432170874085,1.3493762494123245,-1.5944091857210227,0.7716559234106314,1.5475487373634016,-0.6489563847787383,0,0,0,0,0,0,0,0,0,0
1983,-0.2856627925373203,-0.028504546622028767,0.7995897116444216,0.7716559234106314,0.7041925552046678,-0.7301729252142314,1,1,0,0,0,1,0,0,0,1
1984,0.3782325905807875,-0.9470917439782642,-0.329009768542145,0.7716559234106314,-0.029527323273430425,-1.1820700860988986,1,1,1,0,0,1,0,0,1,0
1985,0.6686868206949597,-0.4877981453001465,0.07455004558517273,0.7716559234106314,0.5861226897024452,-0.5843996475095,1,0,1,0,0,0,0,0,0,0
1986,0.3229079753209452,-0.9470917439782642,-0.19793998764078177,0.7716559234106314,-0.18976499788358983,-1.600647640651056,1,1,1,0,0,0,0,1,0,0
1987,-0.7835843298759011,1.1197294500732655,-0.2884161364452206,0.7716559234106314,-0.13073006513247845,-0.873863727523181,1,0,1,0,0,0,0,0,1,0
1988,-0.7697531760609405,1.9234932477599715,1.2099895226213542,-0.9229765408350966,-0.9487855618264501,-0.4053067634722587,0,1,0,0,0,0,0,0,0,0
1989,-0.2856627925373203,-0.7174449446392054,-0.469368434054097,-2.6176090050808245,-0.24879993063470118,1.289828208694189,0,1,0,0,0,1,0,0,1,0
1990,-0.5622858688365319,0.2011422527170301,0.833789695892499,-0.9229765408350966,1.7668213447246723,1.6521789275602354,1,1,0,0,0,1,0,0,1,0
1991,-0.9080647142105464,-0.37297474563061705,-0.8689714246070342,-0.9229765408350966,-0.08856225602454178,-0.8676163013358353,0,0,0,0,0,1,1,1,0,0
1992,0.06011605283669419,0.5456124517256185,0.2865899479232549,-0.9229765408350966,-0.17289787424041514,-0.13874991281217847,0,1,0,0,0,0,0,0,0,1
1993,-2.0145570194073925,1.3493762494123245,-0.9446094850075449,-0.9229765408350966,-2.028281474989629,-1.5756579359016734,0,0,0,0,0,0,1,0,0,1
1994,-1.3229993286593638,0.430789052056089,-0.9446094850075449,-0.9229765408350966,-0.594575965319782,-1.1383381027874793,0,0,0,0,0,0,1,0,1,0
1995,0.06011605283669419,3.071727244455266,1.7913892548386767,-0.9229765408350966,0.6704583079183185,0.11114713468164673,1,0,1,0,0,0,0,1,0,0
1996,3.0338141230532187,-0.1433279462915582,-0.22640981579791186,-0.9229765408350966,-0.0042266378086684145,-0.5552449919685538,0,0,0,0,0,1,1,1,0,0
1997,0.5442064363603144,0.5456124517256185,-0.9446094850075449,-0.9229765408350966,0.5017870714865718,1.6105294196445978,0,0,0,0,0,0,1,0,0,0
1998,-0.4239743306869261,0.08631885304750067,0.6627897746521101,-4.312241469326553,-0.42590472888803527,-0.9092658092514728,1,1,1,1,0,1,0,0,0,1
1999,0.9591410508091318,-1.406385342656382,1.4151894281098216,-0.9229765408350966,0.41745145327069844,-0.534420238010735,0,1,0,0,0,0,0,0,1,0
2000,-0.2165070234625174,1.0049060504037362,-1.6286091699691005,-0.9229765408350966,-0.3415691106721619,0.06949762676600921,0,0,0,0,0,1,1,1,0,0
2001,0.33673912913590576,0.8900826507342067,-1.2157966616907154,-0.9229765408350966,-0.5102403471039086,-0.2428736826012723,0,1,0,0,0,1,0,0,0,0
2002,0.6825179745099202,-0.1433279462915582,1.6203893335982877,-0.9229765408350966,0.5861226897024452,0.3818689361332907,1,0,1,0,0,0,0,0,0,1
2003,0.12927182191149708,1.0049060504037362,0.14979001093094332,0.7716559234106314,-0.01266019963025575,-1.1716577091199893,1,1,0,0,0,1,0,1,0,0
2004,-0.33407183088968234,0.430789052056089,-0.2130193457748551,-0.9229765408350966,-0.26566705427787585,-0.30743041987051045,1,0,1,0,1,0,1,0,0,0
2005,0.3782325905807875,-1.636032141995441,-0.5372255456574263,0.7716559234106314,0.5608220042376831,-0.6822759911112483,1,0,0,1,1,0,0,0,1,0
2006,-0.06436433149795102,-0.9470917439782642,-0.3713526061826221,-0.9229765408350966,-0.40903760524486055,-0.7509976791720502,1,0,0,0,1,0,0,0,1,0
2007,-0.3963120230570049,-0.7174449446392054,-0.9519078943444363,-0.9229765408350966,0.46805282420022243,-0.7031007450690671,1,0,0,1,1,0,1,0,0,0
2008,0.8554073971969275,-0.37297474563061705,-0.00944801096486813,-0.9229765408350966,1.5728494228281635,-1.1654102829326436,1,0,0,0,1,0,1,0,0,1
2009,-1.0048827909152704,0.31596565238655955,-0.07250988668156162,0.7716559234106314,-0.7042122690004173,-0.0637807985640309,1,0,0,1,1,0,1,1,0,0
2010,-0.32024067707472176,-2.210149140343088,-1.2866093274883228,0.7716559234106314,0.15601103680149098,-0.16790456835312473,1,0,0,0,1,0,1,0,0,1
2011,-1.0325450985451916,-1.2915619429868526,0.4233898849155654,0.7716559234106314,-0.670478021714068,-0.32825517382832925,0,1,0,0,1,0,1,0,0,1
2012,-1.1570254828798368,-1.5212087423259115,-1.6867491431908326,0.7716559234106314,-1.1511910455445462,-0.2970180428916011,0,0,0,0,0,0,1,1,0,0
2013,0.5718687439902356,1.0049060504037362,0.4575898691636438,0.7716559234106314,1.0668357135329234,0.6234360820439884,1,0,1,0,1,0,1,0,1,0
2014,0.43355720584062984,-2.5546193393516763,-3.2018084453806783,0.7716559234106314,-0.721079392643592,-1.1508329551621705,1,0,0,1,1,0,1,0,1,0
2015,-0.5207924073916501,-2.095325740673559,0.6627897746521101,-0.9229765408350966,0.3162487114116504,0.32564210044718006,1,0,0,0,1,0,1,0,0,1
2016,-0.6729350993562165,-1.2915619429868526,1.1215038490906137,0.7716559234106314,-1.2017924164740703,-0.8509564981695803,1,0,0,0,1,0,1,0,1,0
2017,-2.2012775959093607,-0.6026215449696759,-1.3037093196123615,-0.9229765408350966,-0.9403520000048627,-0.9467503663755467,1,0,0,0,1,0,1,0,0,0
2018,0.17076528335637883,-0.028504546622028767,0.7995897116444216,0.7716559234106314,-0.5777088416766073,-0.805142039462379,1,0,0,0,1,0,1,1,0,0
2019,-0.852740098950704,-1.406385342656382,-0.906669819942217,0.7716559234106314,-0.3500026724937492,-0.9300905632092916,1,0,0,0,1,0,1,0,0,0
2020,-0.25800048490739913,-1.7508555416649703,0.14979001093094332,0.7716559234106314,-0.8644499436105767,-1.19456493847359,1,0,0,0,1,0,0,0,0,0
2021,-1.737933943108181,-0.25815134596108763,0.721900858537677,0.7716559234106314,-0.47650609981755926,2.9807982300690727,0,0,0,0,0,0,1,0,1,0
2022,-0.2994939463522809,-0.37297474563061705,-0.22055902484189122,0.7716559234106314,-0.5355410325686706,-0.4178016158469499,1,0,0,0,1,0,1,0,0,0
2023,-0.804331060598342,-1.406385342656382,-0.8420095322633118,0.7716559234106314,-0.7801143253947034,-1.0154720544363485,1,0,0,0,1,0,1,0,1,0
2024,0.6617712437874794,-1.1767385433173232,-0.9617094771315841,0.7716559234106314,0.8728637916364146,1.0336837350130181,1,0,0,0,1,0,0,0,0,1
2025,0.9176475893642501,-0.25815134596108763,-0.15800984730175607,0.7716559234106314,0.17287816044466564,0.8566733263715586,1,0,0,0,1,0,0,0,0,1
2026,-0.16118240820267507,-0.25815134596108763,-0.1922098315498345,0.7716559234106314,-0.037960885095017764,-0.7197605482353221,1,0,0,0,1,0,1,0,0,0
2027,0.8346606664744867,-1.406385342656382,0.4233898849155654,0.7716559234106314,1.4632131191475282,-0.6177192538420101,1,0,0,0,1,0,1,0,1,0
2028,-0.6521883686337756,3.071727244455266,0.49178985341172116,0.7716559234106314,-0.1391636269540658,0.17362139655510303,1,0,0,0,1,0,0,0,1,0
2029,-0.9288114449329872,-1.8656789413344996,0.20792998415267633,-0.9229765408350966,-0.2994013015642252,0.529724689233804,1,0,0,0,1,0,1,0,1,0
2030,-0.32715625398220205,0.7752592510646773,-1.1395493952215883,-0.9229765408350966,-0.2572334924562885,-0.3574098293692755,1,0,0,0,1,0,1,0,1,0
2031,-0.32715625398220205,-0.6026215449696759,1.3125894753655885,0.7716559234106314,-0.42590472888803527,0.12572446245211988,1,0,0,0,1,0,1,0,0,1
2032,0.5995310516201567,-0.8322683443087349,2.50958892404831,0.7716559234106314,1.682485726508799,0.8129413430601392,1,0,0,0,1,0,0,0,0,1
2033,0.9591410508091318,-1.8656789413344996,-0.36320975279022233,0.7716559234106314,0.5017870714865718,-0.1533272405826516,1,0,0,0,1,0,1,1,0,0
2034,-0.36864971542708375,-0.8322683443087349,2.988388703521399,0.7716559234106314,0.38371720598434905,0.007023364892552906,1,0,0,0,1,0,0,0,0,0
2035,-0.2165070234625174,2.1531400470990305,1.3638894517377045,0.7716559234106314,0.41745145327069844,-1.36116297013614,1,0,0,0,1,0,0,0,0,0
2036,-0.5346235612066107,1.4641996490818538,0.4575898691636438,0.7716559234106314,0.931898724387526,-1.6860291318781129,1,1,0,0,1,0,0,0,0,1
2037,-0.07819548531291161,1.0049060504037362,0.5259898376597996,0.7716559234106314,1.5475487373634016,-1.2570392003470463,1,0,0,0,1,0,1,0,1,0
2038,-0.7697531760609405,-1.2915619429868526,-1.9022090439537227,0.7716559234106314,-1.3535965292626422,-0.07627565093872216,1,1,0,0,1,0,1,0,1,0
2039,-0.493130099761729,-2.439795939682147,-1.577309193596984,0.7716559234106314,-0.5102403471039086,0.444343198006747,1,1,0,0,1,0,1,0,0,1
2040,1.2357641271083435,-2.210149140343088,-1.5260092172248674,0.7716559234106314,1.007800780781812,-0.07627565093872216,1,1,0,0,1,0,1,1,0,0
2041,-0.7420908684310193,-1.406385342656382,-0.6197096346508058,0.7716559234106314,-1.3198622819762929,-0.9092658092514728,1,1,0,0,1,0,0,1,0,0
2042,-1.5304666358837724,-1.9805023410040292,-1.3816696011655196,0.7716559234106314,-0.6283102126061313,0.6088587542735152,1,1,0,0,1,0,1,0,0,0
2043,0.3782325905807875,-0.37297474563061705,-0.06222576443412417,0.7716559234106314,-0.22349924516993916,-1.398647527260214,1,0,0,0,1,0,1,0,0,1
2044,-0.638357214818815,-0.8322683443087349,-0.23324981264752775,0.7716559234106314,-0.021093761451843086,-0.9550802679586741,1,0,0,0,1,0,1,0,0,0
2045,0.41972605202566926,-1.9805023410040292,0.01299007393863284,0.7716559234106314,0.7463603643126046,-0.47194597613727873,1,0,0,0,1,0,0,0,1,0
2046,-0.659103945541256,-0.6026215449696759,0.6559497778024953,0.7716559234106314,-0.8644499436105767,-0.9342555140008554,1,0,0,0,1,1,0,0,1,0
2047,-0.43780548450188667,0.2011422527170301,1.2722974304313448,0.7716559234106314,-1.1511910455445462,0.027848118850371674,1,0,0,0,1,0,0,0,0,0
2048,-0.32024067707472176,-0.37297474563061705,-0.6915296015717695,-0.9229765408350966,0.5523884424160957,-0.35532735397349363,1,0,0,0,1,0,1,0,0,0
2049,-1.6065379818660557,-1.636032141995441,-0.9240894944586983,0.7716559234106314,-1.024687618220736,0.11322961007742861,1,0,0,0,1,0,1,1,0,0
2050,-0.3893964461495246,-1.2915619429868526,1.107389569877121,0.7716559234106314,-0.24036636881311385,1.3023230610688803,1,1,0,0,1,0,0,1,0,0
2051,0.12927182191149708,-2.6694427390212057,-2.542780177489148,0.7716559234106314,-0.41747116706644793,-1.4007300026559957,1,1,0,0,1,0,0,0,0,1
2052,-0.589948176466453,-2.5546193393516763,-0.9240894944586983,0.7716559234106314,0.7969617352421285,-0.3678222063481849,1,0,0,0,1,0,1,0,1,0
2053,0.5372908594528342,-0.4877981453001465,0.5032501655936168,0.7716559234106314,1.5306816137202268,1.525147928417541,1,0,0,0,1,0,0,0,0,0
2054,-0.6798506762636968,-1.636032141995441,0.4062898927915267,0.7716559234106314,-0.42590472888803527,-1.142503053579043,1,0,0,0,1,0,1,0,0,0
2055,0.3159923984134649,-1.1767385433173232,0.38918990066748804,0.7716559234106314,-0.3753033579585112,-1.2549567249512643,1,0,0,0,1,0,1,0,0,1
2056,-0.589948176466453,-0.8322683443087349,0.13269001880690465,-0.9229765408350966,-0.38373691978009855,0.275662690948415,1,1,0,0,1,0,1,0,0,1
2057,0.3644014367658269,-0.25815134596108763,3.046528676743131,0.7716559234106314,0.6198569369887945,2.9516435745281266,1,1,0,0,1,0,0,0,0,1
2058,-0.44472106140936696,-0.37297474563061705,-0.3713526061826221,0.7716559234106314,-0.3162684252073999,3.7429842249252396,1,0,0,0,1,0,1,1,0,0
2059,-0.6314416379113348,0.7752592510646773,-0.021209910309445586,-0.9229765408350966,-1.0668554273286728,-0.9134307600430366,1,0,0,0,1,0,1,0,0,1
2060,-0.9703049063778689,1.9234932477599715,0.38918990066748804,0.7716559234106314,-1.3873307765489915,-0.8717812521273991,1,0,1,0,1,0,1,0,1,0
2061,-0.9218958680255069,1.0049060504037362,0.37208990854344937,-0.9229765408350966,-0.22349924516993916,1.3127354380477896,1,1,0,0,1,0,1,0,1,0
2062,2.5082302780847168,-2.439795939682147,-2.569108736791239,0.7716559234106314,1.3957446245748295,0.19652862590870368,1,0,0,0,1,0,0,0,0,1
2063,-1.350661636289285,-1.7508555416649703,-0.24317806204300063,0.7716559234106314,-0.5102403471039086,-0.3032654690789467,1,0,0,0,1,0,0,1,0,0
2064,0.21917432170874085,-0.028504546622028767,0.4062898927915267,0.7716559234106314,1.1764720172135588,0.34230190361343504,1,1,0,0,1,0,0,0,0,0
2065,0.9176475893642501,-1.636032141995441,-0.8086539920707416,0.7716559234106314,1.9270590193348316,0.26941526476106936,1,0,0,0,0,0,1,0,0,0
2066,-0.5968637533739333,0.31596565238655955,0.7746786120069331,0.7716559234106314,-0.5102403471039086,-0.8676163013358353,1,0,0,0,1,0,1,0,0,1
2067,-0.022870870053069287,0.5456124517256185,0.8508896880165376,0.7716559234106314,-0.4596389761743846,-1.2320494955976637,1,0,0,0,1,0,1,1,0,0
2068,0.3644014367658269,-0.9470917439782642,-1.1156094062479338,0.7716559234106314,0.8222624207068906,4.288592778620091,1,0,0,0,1,0,1,0,0,0
2069,3.1444633535729034,-2.6694427390212057,-1.6606377266458716,0.7716559234106314,-0.18976499788358983,-0.5719047951348089,1,0,0,0,1,0,1,1,0,0
2070,-0.7351752915235391,-0.9470917439782642,-1.0951617966181306,0.7716559234106314,-1.016254056399149,-0.48235835311618813,1,0,0,0,1,0,1,0,0,1
2071,-1.350661636289285,-0.8322683443087349,-0.5221461875233531,0.7716559234106314,-0.6114430889629566,-1.3799052486981769,1,0,0,0,1,0,1,0,0,0
2072,-1.7655962507381022,-2.6694427390212057,-3.3269068004609483,0.7716559234106314,-1.3788972147274043,-1.6881116072738946,1,0,0,0,1,0,1,1,0,0
2073,-0.6245260610038544,-2.439795939682147,-0.8161936711377787,0.7716559234106314,0.2740809023037137,0.11739456086899237,1,1,0,0,1,0,1,0,0,1
2074,1.5538806648524368,-0.6026215449696759,-0.15800984730175607,0.7716559234106314,3.0993241125354714,-1.0321318576026035,1,0,0,0,1,0,1,1,0,0
2075,1.298004319275666,-1.2915619429868526,0.5937263143980556,0.7716559234106314,0.8559966679932399,-0.5281728118233894,1,0,0,0,1,0,1,0,1,0
2076,-1.378323943919206,-2.3249725400126176,-2.1356375078691743,-0.9229765408350966,-0.33313554885057456,-0.5989769752799732,1,0,0,0,1,0,1,0,1,0
2077,-1.5442977896987329,-1.636032141995441,0.02071070530327848,0.7716559234106314,-1.3535965292626422,0.12155951166055612,1,1,0,0,1,0,1,0,0,0
2078,0.5649531670827553,-2.210149140343088,-2.5729388937572937,0.7716559234106314,0.9065980389227639,1.8208594346185676,1,0,0,0,1,0,1,1,0,0
2079,-0.33407183088968234,-2.210149140343088,-1.14039987102035,0.7716559234106314,0.7547939261341918,-1.1154308734338787,1,0,0,1,1,0,1,0,1,0
2080,0.1845964371713394,-1.636032141995441,1.392932295503929,0.7716559234106314,2.3403035485926114,0.37562150994594506,1,1,0,0,1,0,1,0,0,0
2081,-0.44472106140936696,-0.028504546622028767,-0.14516223417152574,-0.9229765408350966,1.4210453100395914,0.0611677251828817,1,0,0,0,1,0,1,0,1,0
2082,-0.8181622144133026,-1.2915619429868526,-0.6578604107300107,0.7716559234106314,0.07167541858561761,-0.5031831070740069,1,0,0,0,1,1,1,0,0,1
2083,0.43355720584062984,-0.9470917439782642,-1.2866093274883228,-0.9229765408350966,0.021074047656093595,-0.6385440077998289,1,1,0,0,1,0,1,0,0,1
2084,0.011707014484332163,-0.4877981453001465,0.5430898297838382,0.7716559234106314,-0.2319328069915265,0.848343424788431,1,0,0,0,1,0,1,0,1,0
2085,0.7032647052323611,0.5456124517256185,0.7995897116444216,0.7716559234106314,0.6535911842751438,-0.7155955974437583,1,0,0,0,1,0,0,0,0,0
2086,-1.1916033674172382,-0.9470917439782642,1.4664894044819377,-0.9229765408350966,-0.2319328069915265,1.5147355514386316,1,0,0,0,1,0,1,0,0,1
2087,-0.6176104840963742,1.6938464484209128,1.722989286342521,0.7716559234106314,-0.5861424034981947,0.394363788507982,1,0,0,1,1,0,1,0,1,0
2088,-0.6936818300786574,-2.5546193393516763,-2.004808996697956,0.7716559234106314,-0.5692752798550199,-1.1029360210591874,1,0,0,1,1,0,0,0,0,0
2089,1.0282968198839346,-0.37297474563061705,-1.6115091778450614,-0.9229765408350966,0.2740809023037137,-1.211224741639845,1,0,1,0,1,0,1,1,0,0
2090,-0.852740098950704,0.08631885304750067,0.11559002668286597,0.7716559234106314,-0.721079392643592,-0.040873569210430255,1,0,0,0,1,0,1,0,0,1
2091,-1.6203691356810161,-1.1767385433173232,0.4575898691636438,-2.6176090050808245,-1.3029951583331183,-0.9779874973122747,1,1,0,0,1,0,1,0,1,0
2092,-0.8873179834881055,1.3493762494123245,-1.0916694172742791,-0.9229765408350966,-1.7584074966988343,-0.1991416992898529,1,0,0,0,1,0,1,0,1,0
2093,-1.3714083670117259,-1.9805023410040292,0.047190058186710196,0.7716559234106314,-1.7078061257693105,-0.4282139928258593,1,0,0,0,1,0,1,1,0,0
2094,-1.903907788887708,-1.406385342656382,-1.3208093117364006,0.7716559234106314,-1.9270787331305812,-0.23246130562236292,1,0,0,0,1,0,1,0,0,0
2095,0.07394720665165477,-1.5212087423259115,-1.1224494030975496,-0.9229765408350966,-1.0584218655070854,2.9162414927998346,1,1,0,0,1,0,1,1,0,0
2096,-0.43780548450188667,-0.7174449446392054,0.3207899321713322,0.7716559234106314,-0.021093761451843086,1.071168292137092,1,1,0,0,1,0,1,0,0,1
2097,0.03936932211425332,0.6604358513951478,-1.4234092644806338,-0.9229765408350966,1.007800780781812,1.5189005022301953,1,0,0,0,1,0,1,0,0,1
2098,-0.16118240820267507,-1.1767385433173232,-0.12380986305367872,-0.9229765408350966,0.24878021683895168,0.7775392613318473,1,0,0,0,1,0,1,0,1,0
2099,-0.493130099761729,-0.6026215449696759,-1.7654091069614115,-0.9229765408350966,-1.0499883036854982,-0.973822546520711,1,0,0,1,1,0,1,1,0,0
2100,0.23992105243118172,-1.7508555416649703,-1.4918092329767896,0.7716559234106314,0.2993815877684757,-0.8197193672328521,1,0,0,0,1,0,1,1,0,0
2101,1.6714454722796017,-0.37297474563061705,-0.9959094613796614,0.7716559234106314,2.492107661381183,-1.0904411686844961,1,0,1,0,0,0,0,0,1,0
2102,0.3920637443957481,-2.439795939682147,-2.0219089888219948,0.7716559234106314,1.1005699608192727,0.29648744490623374,1,0,0,0,1,0,0,0,0,0
2103,-0.33407183088968234,-0.7174449446392054,-1.3515108848973731,0.7716559234106314,-1.016254056399149,-0.9175957108346003,0,0,0,0,0,0,1,0,0,1
2104,0.08777836046661534,1.4641996490818538,0.1564249285099361,0.7716559234106314,0.08010898040720495,-1.3236784130120662,1,0,0,0,1,0,1,0,0,0
2105,0.7585893204922034,0.2011422527170301,0.5711072771969461,0.7716559234106314,0.06324185676403028,0.34021942821765316,1,0,0,0,1,0,1,1,0,0
2106,0.6479400899725188,-0.9470917439782642,-0.8011143130037055,0.7716559234106314,-0.29096773974263784,1.1044878984696018,1,0,0,0,1,0,1,0,1,0
2107,-1.1985189443247186,-1.406385342656382,-0.04714640630005086,0.7716559234106314,-0.8054150108594654,-0.805142039462379,1,1,0,0,1,0,1,0,1,0
2108,1.15277720421858,-1.9805023410040292,0.3976946586551058,0.7716559234106314,-0.24036636881311385,-0.14083238820796035,1,0,0,1,1,0,1,1,0,0
2109,0.8069983588445655,1.3493762494123245,0.669123105068421,-0.9229765408350966,-1.876477362201057,-1.2841113804922106,1,0,0,0,1,0,1,0,0,1
2110,-0.043617600775510156,0.31596565238655955,0.5711072771969461,-2.6176090050808245,-0.7632472017515287,-0.35116240318192987,1,0,0,0,1,0,1,1,0,0
2111,-0.3064095232597612,-1.1767385433173232,0.254440756381411,0.7716559234106314,-1.2523937874035942,-0.6093893522588826,1,0,0,0,1,0,1,0,0,1
2112,1.0905370120512574,-2.210149140343088,-1.3062728104951542,0.7716559234106314,0.3752836441627617,-1.1674927583284256,1,0,0,0,1,0,1,0,1,0
2113,-0.541539138114091,-1.5212087423259115,0.8123770073421158,0.7716559234106314,-0.9150513145401008,-1.0862762178929324,1,0,0,0,1,0,1,0,0,0
2114,-1.0394606754526718,-0.9470917439782642,0.8048373282750786,0.7716559234106314,-1.471666394764865,-0.05545089698090339,1,0,0,0,1,0,0,0,0,1
2115,0.6617712437874794,-1.9805023410040292,0.1413455703758628,0.7716559234106314,-0.47650609981755926,-0.15957466676999724,1,0,0,0,1,0,1,0,1,0
2116,-0.20267586964755682,-1.406385342656382,-0.672939768864084,0.7716559234106314,-0.7126458308220047,-0.8530389735653622,1,0,0,0,1,0,1,0,0,1
2117,1.083621435143777,-1.5212087423259115,1.8453130395261217,0.7716559234106314,1.0752692753545108,-0.7385028267973589,1,0,0,0,1,0,0,0,0,0
2118,-0.18884471583259624,-0.25815134596108763,-0.16024159230559906,0.7716559234106314,-1.3535965292626422,-0.569822319739027,1,1,0,1,1,0,1,0,0,0
2119,1.035212396791415,0.6604358513951478,-1.5173838243721773,-0.9229765408350966,0.6620247460967311,3.1682210156894417,1,0,0,0,1,0,1,1,0,0
2120,0.3229079753209452,0.08631885304750067,-1.14039987102035,-0.9229765408350966,3.2764289107888054,-0.39905933728491305,1,0,0,0,1,0,0,1,0,0
2121,0.7170958590473216,-1.2915619429868526,-0.31103517364633,0.7716559234106314,0.1138432276935543,-0.45112122217945994,1,0,0,0,1,0,1,0,0,0
2122,-1.1086164445274747,-1.406385342656382,-0.3185748527133661,-0.9229765408350966,0.7041925552046678,0.06533267597444545,1,0,0,0,1,0,1,0,0,1
2123,-1.3160837517518835,-1.636032141995441,-1.7209551591821644,-0.9229765408350966,0.5439548805945085,-0.07835812633450404,1,0,0,0,1,0,1,0,0,0
2124,2.3422564323051898,-1.1767385433173232,-0.3487335689815127,-0.9229765408350966,1.682485726508799,8.380656931331478,1,0,0,0,1,0,1,0,0,1
2125,-0.873486829673145,-1.0619151436477936,-1.5173838243721773,0.7716559234106314,-0.9909533709343868,0.4630854765687839,0,0,0,1,0,0,1,0,1,0
2126,-1.1916033674172382,-2.210149140343088,-1.5173838243721773,-0.9229765408350966,-1.2861280346899435,-0.06794574935559465,1,1,0,0,1,0,1,0,1,0
2127,0.35057028295086634,-1.2915619429868526,-0.6880191269981573,-0.9229765408350966,-0.3247019870289872,-1.3215959376162845,1,0,0,0,1,0,1,0,1,0
2128,-0.901149137303066,-1.1767385433173232,-0.7634159176685228,-0.9229765408350966,-0.8307156963242274,-0.6552038109660838,1,0,0,0,1,0,1,0,0,1
2129,-1.087869713805034,-2.210149140343088,-0.9142094990092536,0.7716559234106314,-0.4343382907096226,-0.9175957108346003,1,0,0,0,1,0,1,0,0,0
2130,1.5400495110374761,-1.1767385433173232,0.21674236104622827,0.7716559234106314,0.9909336571386373,-0.7301729252142314,1,0,0,0,1,0,1,0,1,0
2131,1.8650816256890497,-1.7508555416649703,-0.2054796667078179,0.7716559234106314,1.1174370844624473,1.543890206979578,0,0,0,0,1,0,0,1,0,0
2132,-1.0325450985451916,-0.9470917439782642,0.38918990066748804,-4.312241469326553,-0.24879993063470118,-0.15957466676999724,1,0,0,0,1,0,1,0,0,1
2133,0.20534316789378027,0.430789052056089,-0.773609563767156,-0.9229765408350966,0.23191309319577702,-1.0050596774574392,1,0,0,0,1,0,1,0,1,0
2134,-1.8140052890904643,-1.636032141995441,-1.6457091620931392,0.7716559234106314,-1.6740718784829611,-0.8863585798978721,1,0,0,0,1,0,1,0,0,1
2135,-1.0602074061751128,-2.095325740673559,2.099189113071377,0.7716559234106314,0.18974528408784033,1.608446944248816,1,1,0,0,1,0,1,0,0,0
2136,-0.05053317768299044,2.038316647429501,-0.3974097370383008,-0.9229765408350966,0.5776891278808578,0.8420959986010854,1,1,1,0,1,0,1,0,1,0
2137,-1.3990706746416468,-2.439795939682147,-1.14039987102035,0.7716559234106314,-1.5560020129807384,0.025765643454589798,1,0,0,0,1,0,0,0,0,0
2138,3.8636833519508538,1.1197294500732655,0.1639646075769722,0.7716559234106314,4.727001544101828,-0.21163655166454415,1,0,0,0,1,0,0,0,0,1
