"Sid" "Sid1" "Basin" "Sid2" "Year" "Mo" "Da" "Hr" "WmaxBT" "PC1" "PC2" "PC3" "PC4" "PC5" "PC6" "Lat" "Time" "Age" "WmaxST"
"1058" "1981039SP09177-mmm" 1981039 "SP" "09177-mmm" 1981 2 12 6 75 -10.659 2.504 -1.357 0.03 -0.128 0.083 -20 17.12 21 100.594946978225
"1062" "1981056SI19116-mmm" 1981056 "SI" "19116-mmm" 1981 3 1 6 100 -2.159 -1.53 1.349 0.358 -0.073 0.293 -17 13.007 29 76.0257875975495
"1063" "1981057SP15145-mmm" 1981057 "SP" "15145-mmm" 1981 3 6 6 75 -9.003 1.655 -0.669 -0.258 0.23 0.097 -19.9 16.92 63 118.393141357772
"1064" "1981060SP06176-mmm" 1981060 "SP" "06176-mmm" 1981 3 2 18 50 -12.516 2.481 -0.944 0.227 0.296 0.147 -11.8 6.433 9 95.9657166111448
"1067" "1981070SI12133-mmm" 1981070 "SI" "12133-mmm" 1981 3 16 6 100 -2.446 -2.834 0.318 0.484 0.443 -0.309 -14.2 13.613 37 73.0496367493291
"1068" "1981071WP05171-mmm" 1981071 "WP" "05171-mmm" 1981 3 15 18 100 -9.087 0.936 -0.164 -0.395 0.103 0.047 19.3 5 29 95.382268177059
"1071" "1981094SI06094-mmm" 1981094 "SI" "06094-mmm" 1981 4 10 18 120 -5.766 0.43 -0.836 0.425 0.144 -0.026 -16 23.893 31 83.211002856877
"1073" "1981105WP06156-mmm" 1981105 "WP" "06156-mmm" 1981 4 16 12 60 -4.998 -0.909 -1.765 0.767 0.024 0.131 8.1 21.853 7 64.9876433623361
"1074" "1981119WP06163-mmm" 1981119 "WP" "06163-mmm" 1981 5 1 12 45 0.189 -0.893 -1.057 0.745 0.328 0.057 9.4 22.347 9 49.6136371421983
"1075" "1981127NA18276-ARL" 1981127 "NA" "18276-ARL" 1981 5 8 18 50 8.072 -1.113 0.282 0.705 0.171 0.258 23 13.033 8 37.3406711699301
"1076" "1981142SI08091-mmm" 1981142 "SI" "08091-mmm" 1981 5 26 18 35 -3.769 -1.557 -0.015 -0.092 -0.177 0.105 -12.7 0.113 1 60.6552026609633
"1077" "1981151EP11255-ADR" 1981151 "EP" "11255-ADR" 1981 6 1 6 40 -3.767 -2.77 -0.073 0.474 0.056 -0.312 13 23.147 5 64.0740549865454
"1078" "1981159WP17119-mmm" 1981159 "WP" "17119-mmm" 1981 6 12 12 65 -4.433 -0.596 -0.978 1.255 -0.069 -0.481 20.4 19.827 21 82.028485703178
"1079" "1981168WP13132-mmm" 1981168 "WP" "13132-mmm" 1981 6 19 6 75 -7.01 0.573 -0.933 -0.398 -0.173 0.098 20.8 14.253 17 79.069263039364
"1080" "1981180EP11257-BEA" 1981180 "EP" "11257-BEA" 1981 7 1 12 75 -6.92 0.353 -0.535 -0.041 0.214 0.256 16.1 4.473 19 78.0121165701003
"1081" "1981180WP14135-mmm" 1981180 "WP" "14135-mmm" 1981 7 3 0 75 -6.196 0.08 0.47 0.161 -0.015 0.415 16.7 7.52 18 81.9254319288887
"1082" "1981181NA36295-BRE" 1981181 "NA" "36295-BRE" 1981 6 30 6 60 4.767 0.519 -1.63 0.795 -0.567 0.184 36 1.267 7 48.7452430770451
"1083" "1981182WP09140-mmm" 1981182 "WP" "09140-mmm" 1981 7 6 12 55 -3.85 0.027 -0.861 1.051 -0.069 -0.109 20.7 19.587 30 83.5582583034357
"1084" "1981186EP13258-CAL" 1981186 "EP" "13258-CAL" 1981 7 5 18 45 -1.054 -0.636 0.567 -0.664 -0.128 0.209 14.3 10.953 4 51.9241547056782
"1085" "1981192EP13253-DOR" 1981192 "EP" "13253-DOR" 1981 7 14 18 80 -1.246 -1.832 2.727 1.054 0.384 0.157 17.4 9.92 29 77.8525898058596
"1086" "1981198EP18253-EUG" 1981198 "EP" "18253-EUG" 1981 7 19 0 45 -1.426 -0.577 -0.108 0.375 0.095 0.105 18.1 16.487 7 57.9769077226753
"1087" "1981198WP19131-mmm" 1981198 "WP" "19131-mmm" 1981 7 18 18 55 -3.16 -0.427 0.318 -0.135 -0.238 -0.103 24.3 2.393 7 66.5830305147012
"1088" "1981203WP25123-mmm" 1981203 "WP" "25123-mmm" 1981 7 22 6 35 2.802 3.362 -0.713 -0.402 -0.143 0.117 26.1 14.12 1 42.9568674938226
"1090" "1981208WP23150-mmm" 1981208 "WP" "23150-mmm" 1981 7 30 12 65 -0.53 -1.323 1.835 0.668 -0.541 0.027 31.2 20.847 21 79.6461817071417
"1092" "1981215NA36292-CIN" 1981215 "NA" "36292-CIN" 1981 8 4 0 50 9.147 -1.814 -0.8 0.514 0.415 -0.115 39 19.747 4 34.0808106446515
"1093" "1981215WP26147-mmm" 1981215 "WP" "26147-mmm" 1981 8 4 0 45 10.944 0.796 -0.268 0.123 -0.018 -0.008 31 9.74 7 31.3408765183951
"1094" "1981216WP16115-mmm" 1981216 "WP" "16115-mmm" 1981 8 6 0 50 -0.591 0.293 -0.878 -0.214 -0.095 0.025 17.9 7.86 11 53.2009696802917
"1095" "1981219EP12255-FER" 1981219 "EP" "12255-FER" 1981 8 10 18 90 -0.275 -3.156 0.669 0.534 0.611 0.012 17.8 9.293 29 62.5564705936305
"1096" "1981219WP20167-mmm" 1981219 "WP" "20167-mmm" 1981 8 10 0 60 1.973 2.012 2.012 -0.441 -0.514 -0.497 31.2 10.78 17 60.7439064224012
"1097" "1981219NA11334-DEN" 1981219 "NA" "11334-DEN" 1981 8 21 0 70 3.539 -1.067 -0.741 -0.309 -0.097 0.063 37.1 19.307 64 68.8513526296673
"1098" "1981225EP16249-GRE" 1981225 "EP" "16249-GRE" 1981 8 20 6 65 3.218 -3.165 -1.688 -0.008 -0.339 0.249 18 20.753 46 56.4272654787043
"1099" "1981228WP24155-mmm" 1981228 "WP" "24155-mmm" 1981 8 17 6 55 4.497 4.421 -1.307 0.144 -0.263 0.021 28.3 16.613 6 42.9765621814722
"1100" "1981229WP20132-mmm" 1981229 "WP" "20132-mmm" 1981 8 19 6 85 -6.144 5.433 1.508 0.082 0.72 -0.65 24.7 14.953 23 83.7665880792606
"1101" "1981229WP18113-mmm" 1981229 "WP" "18113-mmm" 1981 8 19 18 45 -3.284 -0.067 -0.524 -0.186 -0.113 -0.047 19.9 1.173 13 64.449315150791
"1102" "1981234EP18253-HIL" 1981234 "EP" "18253-HIL" 1981 8 25 18 75 -2.004 -2.432 0.607 -0.514 0.388 0.299 21 10.193 31 65.5482399150334
"1103" "1981238WP15146-mmm" 1981238 "WP" "15146-mmm" 1981 8 31 0 95 -6.563 -0.165 0.918 0.053 0.253 0.358 27.3 8.32 33 96.2671500113966
"1104" "1981240EP17257-IRW" 1981240 "EP" "17257-IRW" 1981 8 28 18 45 -5.869 2.928 -0.701 0.238 0.092 -0.138 19.1 10.967 2 68.8980172371699
"1105" "1981244NA30287-EMI" 1981244 "NA" "30287-EMI" 1981 9 5 18 80 3.724 -1.023 1.014 0.065 0 -0.131 39.4 14.007 39 63.9364348400673
"1106" "1981246WP22153-mmm" 1981246 "WP" "22153-mmm" 1981 9 5 0 85 -0.542 -3.46 1.056 0.581 0.03 0.032 26.1 9.78 15 66.21398904799
"1107" "1981247NA16300-FLO" 1981247 "NA" "16300-FLO" 1981 9 7 0 100 -3.98 -2.75 1.06 -0.312 -0.164 -0.289 26.4 19.393 19 77.0621399060379
"1108" "1981250NA15306-GER" 1981250 "NA" "15306-GER" 1981 9 11 12 90 -4.765 -2.422 1.269 -0.872 -0.054 0.094 29 7.2 30 83.0171908067864
"1109" "1981255NA14311-HAR" 1981255 "NA" "14311-HAR" 1981 9 15 0 115 -7.005 -0.159 0.186 -0.536 0.355 0.085 28.4 19.827 20 81.631322548726
"1110" "1981257WP10145-mmm" 1981257 "WP" "10145-mmm" 1981 9 19 18 120 -8.721 4.68 2.391 0.913 -0.805 0.531 18.3 2.193 25 128.769703986006
"1111" "1981258EP15237-JOV" 1981258 "EP" "15237-JOV" 1981 9 17 0 75 -2.682 -1.993 -0.274 -0.019 -0.007 0.078 16.7 15.113 19 64.8169805907746
"1112" "1981262EP16256-KNU" 1981262 "EP" "16256-KNU" 1981 9 20 6 55 -3.49 -1.347 -0.838 0.162 -0.257 -0.051 18.6 22.673 9 65.4189276222662
"1113" "1981262WP25168-mmm" 1981262 "WP" "25168-mmm" 1981 9 22 0 80 -3.118 -0.688 1.23 0.027 -0.781 0.236 29.5 10.833 19 84.2924819864349
"1114" "1981265NA14328-IRE" 1981265 "NA" "14328-IRE" 1981 9 28 6 105 -5.402 -0.033 1.03 0.169 -0.128 -0.137 25.8 2.213 41 101.150775074379
"1115" "1981267WP10147-mmm" 1981267 "WP" "10147-mmm" 1981 9 28 0 150 -11.136 3.538 0.465 0.537 0.019 0.375 16.6 9.027 27 117.930644249314
"1116" "1981280EP20250-LID" 1981280 "EP" "20250-LID" 1981 10 7 0 45 -2.799 4.262 0.299 -0.076 0.295 -0.048 20.4 16.7 2 57.9315064803334
"1117" "1981281EP15245-MAX" 1981281 "EP" "15245-MAX" 1981 10 9 6 45 -1.986 -3.16 0.095 0.136 0.141 -0.011 17.3 22.187 9 59.0858345848939
"1118" "1981282EP15256-NOR" 1981282 "EP" "15256-NOR" 1981 10 10 18 110 -5.106 0.713 -0.254 0.968 -0.408 -0.307 17.8 10.787 14 83.4203899789429
"1119" "1981283WP07132-mmm" 1981283 "WP" "07132-mmm" 1981 10 14 0 45 -10.519 1.511 -1.157 0.398 0.432 0.257 11.5 7.393 5 82.8096865514597
"1120" "1981287WP11148-mmm" 1981287 "WP" "11148-mmm" 1981 10 20 0 95 -8.448 6.199 1.676 0.544 0.223 0.18 21.4 8.593 43 120.523486861056
"1121" "1981294SI08085-mmm" 1981294 "SI" "08085-mmm" 1981 10 23 12 85 -8.247 0.974 -0.481 -0.07 -0.086 0.026 -12.5 17.693 19 85.235414147234
"1122" "1981297EP11261-OTI" 1981297 "EP" "11261-OTI" 1981 10 26 18 75 -3.058 -0.372 1.009 -0.459 -0.464 0.711 14 11.207 17 68.7540659050003
"1123" "1981298IO07082-mmm" 1981298 "IO" "07082-mmm" 1981 10 28 6 60 -5.039 2.766 0.049 -0.109 0.117 -0.043 12.3 10.813 11 67.1388826434925
"1124" "1981303NA25313-JOS" 1981303 "NA" "25313-JOS" 1981 10 31 12 45 3.551 -2.906 -1.65 0.095 -0.142 0.184 31.5 9.187 13 46.7629400679483
"1125" "1981307NA17279-KAT" 1981307 "NA" "17279-KAT" 1981 11 5 12 75 -7.311 -0.647 0.031 -0.39 0.113 0.226 20 6.633 11 77.1316433379123
"1126" "1981308SI09093-mmm" 1981308 "SI" "09093-mmm" 1981 11 8 12 80 -6.504 1.093 -0.51 0.055 0.21 0.23 -12.7 17.713 39 87.1719040872944
"1127" "1981317NA31286-SUB" 1981317 "NA" "31286-SUB" 1981 11 14 0 60 2.812 -2.731 -0.89 0.43 -0.298 -0.144 33.7 19.293 13 53.6925856133737
"1128" "1981317WP14153-mmm" 1981317 "WP" "14153-mmm" 1981 11 16 12 100 -8.148 -1.331 1.273 -1.139 -0.224 0.003 13.4 21.173 17 82.7810412861254
"1129" "1981321IO13091-mmm" 1981321 "IO" "13091-mmm" 1981 11 19 12 75 -5.608 1.228 -0.552 -0.221 -0.18 -0.01 17.5 18.047 16 73.937757503467
"1130" "1981322WP11155-mmm" 1981322 "WP" "11155-mmm" 1981 11 22 12 135 -11.15 4.041 1.87 0.978 -0.796 0.244 12.8 20.853 27 141.984055632815
"1131" "1981325WP11153-mmm" 1981325 "WP" "11153-mmm" 1981 11 22 18 35 -1.144 -2.875 -0.675 0.777 0.355 -0.362 14 3.907 1 52.5718333723865
"1133" "1981339IO11088-mmm" 1981339 "IO" "11088-mmm" 1981 12 9 6 75 -3.101 0.374 -0.525 -0.718 -0.104 0.122 16.5 11.773 19 61.8485334733954
"1137" "1981357WP09139-mmm" 1981357 "WP" "09139-mmm" 1981 12 25 6 95 -5.817 0.487 1.395 0.52 0.036 0.202 12.6 14.413 17 83.4087965625018
"1138" "1981363SI10079-mmm" 1981363 "SI" "10079-mmm" 1982 1 1 12 45 -2.895 -0.114 -0.478 -0.113 0.166 -0.012 -13 17.173 9 57.4697575693003
"1139" "1982006SI13103-mmm" 1982006 "SI" "13103-mmm" 1982 1 12 18 120 -5.099 -0.841 0.435 -0.309 -0.101 -0.067 -14.5 23 39 85.1946157369575
"1140" "1982012SI08094-mmm" 1982012 "SI" "08094-mmm" 1982 1 13 6 35 -7.988 1.573 -0.954 0.208 0.036 0.102 -8.9 12.327 1 71.9179529010203
"1141" "1982013SI13114-mmm" 1982013 "SI" "13114-mmm" 1982 1 15 6 50 -3.346 -0.724 -0.137 0.554 0.126 -0.129 -14.5 13.48 13 66.6167290166543
"1142" "1982015SI12132-mmm" 1982015 "SI" "12132-mmm" 1982 1 16 18 40 -2.643 -0.543 -0.774 0.047 -0.067 -0.251 -15.9 2.387 5 57.8846265770668
"1144" "1982019SI21115-mmm" 1982019 "SI" "21115-mmm" 1982 1 19 18 35 -8.629 0.018 0.392 -0.204 0.274 0.136 -21.7 1.62 1 79.0090932058957
"1145" "1982026SP18154-mmm" 1982026 "SP" "18154-mmm" 1982 2 3 0 65 -5.338 0.13 3.175 0.823 0.314 0.221 -21.4 10.82 59 123.598807338656
"1146" "1982026SP17173-mmm" 1982026 "SP" "17173-mmm" 1982 1 28 6 70 -7.651 0.713 -0.183 0.539 0.42 -0.165 -18.7 17.667 15 83.9429281753596
"1148" "1982031SI19122-mmm" 1982031 "SI" "19122-mmm" 1982 2 1 6 35 1.422 -2.537 -0.577 0.986 -0.247 -0.216 -20.9 13.9 1 52.6231053969922
"1150" "1982045SI12108-mmm" 1982045 "SI" "12108-mmm" 1982 2 16 6 35 7.194 1.647 0.95 0.081 -0.007 -0.103 -13.9 13.433 1 34.9737866049474
"1151" "1982054SI23036-mmm" 1982054 "SI" "23036-mmm" 1982 2 23 18 45 0.453 -0.261 -0.337 -0.646 -0.457 0.075 -25.4 20.74 5 51.575975725523
"1152" "1982058SI17112-mmm" 1982058 "SI" "17112-mmm" 1982 3 5 0 65 -7.444 -0.462 0.491 -0.284 -0.185 -0.392 -19.1 7.793 34 97.3540245666837
"1154" "1982073WP07153-mmm" 1982073 "WP" "07153-mmm" 1982 3 19 0 60 -4.666 -1.804 0.699 -0.14 -0.375 -0.517 8.2 8.673 29 79.6185777981208
"1155" "1982075SI11096-mmm" 1982075 "SI" "11096-mmm" 1982 3 18 0 40 -9.533 1.783 -1.002 0.304 0.219 0.121 -16.2 6.08 3 81.425102472023
"1156" "1982075SI12055-mmm" 1982075 "SI" "12055-mmm" 1982 3 24 12 75 -5.073 -1.223 0.456 -0.428 0.522 0.339 -21 14.7 63 95.7190084205732
"1157" "1982077WP04161-mmm" 1982077 "WP" "04161-mmm" 1982 3 25 12 105 -7.694 -0.26 0.278 0.118 -0.121 0.01 10.5 20.413 54 110.802799273082
"1158" "1982087WP04157-mmm" 1982087 "WP" "04157-mmm" 1982 4 3 0 75 -4.087 -0.59 0.088 -1.029 0.032 0.1 13.3 10.647 39 72.2140515401105
"1159" "1982091SP03159-mmm" 1982091 "SP" "03159-mmm" 1982 4 5 12 95 -7.356 4.715 3.318 0.729 -0.03 -0.525 -18.6 22.46 27 112.570934978597
"1160" "1982095SI11138-mmm" 1982095 "SI" "11138-mmm" 1982 4 7 12 70 -5.182 -0.618 0.873 -0.473 -0.13 -0.018 -14.8 21.427 21 75.9028395491638
"1161" "1982113SI06085-mmm" 1982113 "SI" "06085-mmm" 1982 4 29 6 100 -6.919 -0.224 0.378 -0.513 -0.185 -0.192 -11.4 11.213 35 88.7050369696501
"1162" "1982120IO12082-mmm" 1982120 "IO" "12082-mmm" 1982 5 4 6 120 -6.195 2.594 -0.576 -0.411 -0.019 0.005 17.5 12.16 23 77.0463830443772
"1163" "1982131SP09157-mmm" 1982131 "SP" "09157-mmm" 1982 5 15 18 40 -7.851 1.319 0.044 -0.001 0.239 0.108 -14.4 4.6 5 75.4870927492942
"1164" "1982137WP10136-mmm" 1982137 "WP" "10136-mmm" 1982 5 20 12 105 -8.632 4.426 0.487 1.316 -0.831 -0.488 19.3 20.347 23 122.375960399848
"1165" "1982140EP11255-ALE" 1982140 "EP" "11255-ALE" 1982 5 23 0 55 -8.479 2.131 -1.11 0.265 0.168 0.041 14.1 17.08 11 80.251414453329
"1166" "1982150IO13088-mmm" 1982150 "IO" "13088-mmm" 1982 5 31 12 55 -2.104 2.078 -1.584 -0.039 0.02 0.347 14.7 18.007 9 54.4148433558136
"1167" "1982154NA22273-ALB" 1982154 "NA" "22273-ALB" 1982 6 3 18 75 -3.519 0.609 -0.14 -0.251 0.285 0.225 24 12.427 6 61.0820880324639
"1168" "1982167EP13255-BUD" 1982167 "EP" "13255-BUD" 1982 6 16 0 45 -3.031 -0.495 -0.879 0.392 -0.052 -0.117 13.3 16.907 4 59.4856216771472
"1169" "1982169NA26274-SUB" 1982169 "NA" "26274-SUB" 1982 6 18 18 60 -0.926 0.411 -1.573 -0.457 -0.035 0.121 31.4 12.647 4 52.3581034300485
"1170" "1982169WP09149-mmm" 1982169 "WP" "09149-mmm" 1982 6 25 12 75 -5.013 3.163 0.145 -0.282 0.425 0.125 24 21.287 35 80.6645847658473
"1171" "1982179WP17114-mmm" 1982179 "WP" "17114-mmm" 1982 6 30 12 35 -0.367 1.384 -0.005 -0.06 0.029 -0.262 20.9 19.573 1 51.6868985980025
"1172" "1982180WP22132-mmm" 1982180 "WP" "22132-mmm" 1982 7 1 0 50 -1.774 0.724 -0.102 0.196 0.286 -0.091 28.2 9.767 15 63.5338228188229
"1173" "1982183EP13253-CAR" 1982183 "EP" "13253-CAR" 1982 7 3 18 50 -0.145 2.41 -1.379 -0.398 -0.109 0.104 17.8 10.48 17 52.1347488133226
"1174" "1982183WP24123-mmm" 1982183 "WP" "24123-mmm" 1982 7 3 0 55 -2.934 -1.931 0.658 -0.34 -0.229 0.051 24.8 8.52 9 66.4255841258243
"1176" "1982188EP09262-DAN" 1982188 "EP" "09262-DAN" 1982 7 11 6 100 -4.862 -1.032 -0.263 -0.458 -0.474 -0.051 14.3 22.38 29 78.4338306432742
"1177" "1982194EP10224-EMI" 1982194 "EP" "10224-EMI" 1982 7 14 6 55 -4.252 -0.639 -0.585 0.179 0.407 -0.253 12.3 20.313 13 63.0278233091905
"1178" "1982194WP12133-mmm" 1982194 "WP" "12133-mmm" 1982 7 16 6 55 5.91 2.133 0.307 -0.073 0.117 -0.103 18.8 13.667 21 41.9109121556565
"1179" "1982199EP11257-FAB" 1982199 "EP" "11257-FAB" 1982 7 19 18 70 -7.588 1.267 -0.628 -0.626 -0.331 0.204 15.4 10.84 15 78.7872243567262
"1180" "1982203WP11147-mmm" 1982203 "WP" "11147-mmm" 1982 7 27 18 120 -7.348 1.31 -0.651 0.041 0.191 0.38 20.5 2.38 47 100.467461436038
"1181" "1982203WP11164-mmm" 1982203 "WP" "11164-mmm" 1982 7 29 6 140 -7.95 2.821 1.904 1.302 -0.048 0.347 21.3 15.58 47 135.948611530732
"1182" "1982207EP09243-GIL" 1982207 "EP" "09243-GIL" 1982 7 29 18 110 -4.877 0.95 0.068 -0.561 0.363 0.186 15.7 8.947 25 69.4965070851683
"1183" "1982210EP11245-HEC" 1982210 "EP" "11245-HEC" 1982 7 30 18 65 -3.853 0.63 -0.199 -0.344 -1.107 -0.13 13.2 9.827 11 71.3335367319595
"1184" "1982213EP12253-IVA" 1982213 "EP" "12253-IVA" 1982 8 2 18 35 3.495 1.227 -0.486 -0.444 -0.063 0.126 13.2 10.547 1 38.2620601802858
"1185" "1982215EP10236-JOH" 1982215 "EP" "10236-JOH" 1982 8 6 18 100 -4.505 -0.666 0.247 -0.199 -0.572 -0.244 12.3 8.6 21 76.3069847243392
"1186" "1982217WP20131-mmm" 1982217 "WP" "20131-mmm" 1982 8 8 18 125 -3.782 -0.642 1.203 0.148 0.227 0.015 22.9 2.233 23 77.1109410910437
"1187" "1982220WP08154-mmm" 1982220 "WP" "08154-mmm" 1982 8 11 6 80 -6.281 -0.533 -0.55 -0.183 -0.222 0.082 13.8 14.96 17 76.3155838645622
"1188" "1982221EP10236-KRI" 1982221 "EP" "10236-KRI" 1982 8 14 18 80 -2.066 -1.109 -0.609 0.459 0.285 0.122 15.3 7.487 45 74.5403366632282
"1189" "1982221EP10250-LAN" 1982221 "EP" "10250-LAN" 1982 8 10 6 55 -0.054 -2.686 -0.033 -0.103 0.231 0.111 13.2 22.153 8 49.5531499838268
"1190" "1982229WP08154-mmm" 1982229 "WP" "08154-mmm" 1982 8 23 0 125 -7.056 4.229 1.345 1.81 -0.357 0.201 19.2 8.993 29 120.305978465200
"1191" "1982232WP11125-mmm" 1982232 "WP" "11125-mmm" 1982 8 24 6 90 -6.247 -0.409 0.227 0.497 -0.182 -0.099 14.1 13.973 25 88.9102980990927
"1192" "1982239WP15154-mmm" 1982239 "WP" "15154-mmm" 1982 8 29 18 100 -9.908 2.835 -0.324 -0.122 0.232 -0.12 24.5 3.92 21 97.4787631177729
"1194" "1982242EP13253-MIR" 1982242 "EP" "13253-MIR" 1982 9 2 12 75 -6.727 0.057 -0.042 -0.507 0.008 -0.123 15.6 3.533 23 79.2178077314328
"1195" "1982242EP11191-AKO" 1982242 "EP" "11191-AKO" 1982 8 31 18 45 1.157 0.938 -0.508 -0.413 0.217 0.053 13.8 6.4 9 44.6277829455135
"1196" "1982247WP16119-mmm" 1982247 "WP" "16119-mmm" 1982 9 5 18 60 -6.13 -0.374 -1.249 0.503 -0.184 0.103 16.4 1.493 11 76.1748877042557
"1197" "1982248WP14133-mmm" 1982248 "WP" "14133-mmm" 1982 9 12 6 90 -6.266 0.127 1.096 0.354 -0.418 0.202 16.7 13.6 51 114.463118018281
"1198" "1982248WP12147-mmm" 1982248 "WP" "12147-mmm" 1982 9 9 6 90 -6.79 3.882 -0.829 0.153 0.151 0.415 22.4 14.927 29 87.4823471392312
"1199" "1982252NA26269-CHR" 1982252 "NA" "26269-CHR" 1982 9 11 12 55 -2.123 -2.843 1.048 -0.072 0.258 -0.137 29.8 5.747 9 64.2541279171882
"1200" "1982253EP10250-NOR" 1982253 "EP" "10250-NOR" 1982 9 14 0 90 -3.401 -0.353 -0.004 -0.098 -0.603 -0.267 16 15.913 25 75.7661024787777
"1202" "1982258WP22168-mmm" 1982258 "WP" "22168-mmm" 1982 9 17 6 50 -1.848 -1.734 -0.292 -0.2 -0.161 -0.128 27.9 16.593 11 62.4259335605124
"1203" "1982259EP16218-EMA" 1982259 "EP" "16218-EMA" 1982 9 16 6 40 -1.944 -4.657 1.971 -0.221 0.846 0.389 16.5 20.52 3 53.8003040927998
"1204" "1982259EP15202-HAN" 1982259 "EP" "15202-HAN" 1982 9 16 12 40 -0.238 -2.626 -1.545 0.47 -0.77 0.091 15.7 1.42 5 55.9638043650349
"1205" "1982259WP18134-mmm" 1982259 "WP" "18134-mmm" 1982 9 19 0 110 -9.914 1.439 0.02 -0.22 0.103 0.13 20.6 8.393 21 97.3976283794506
"1206" "1982262EP11258-OLI" 1982262 "EP" "11258-OLI" 1982 9 21 18 125 -9.524 2.822 0.867 0.348 -0.105 0.377 17.1 10.667 21 105.299815103772
"1207" "1982262EP12270-PAU" 1982262 "EP" "12270-PAU" 1982 9 29 12 95 -5.384 3.694 3.749 0.145 -0.044 -0.407 21.5 4.653 29 100.389797000636
"1209" "1982274NA25295-ERN" 1982274 "NA" "25295-ERN" 1982 10 2 0 60 -0.826 -1.265 -0.954 -0.037 -0.211 0.044 28.5 19.587 7 57.281374086097
"1210" "1982274EP13265-ROS" 1982274 "EP" "13265-ROS" 1982 10 2 18 45 -6.733 2.847 -0.575 -0.177 -0.053 -0.092 13.7 11.42 15 75.4090400046952
"1211" "1982274WP12152-mmm" 1982274 "WP" "12152-mmm" 1982 10 5 0 140 -9.245 2.598 0.099 0.39 0.179 0.172 16.1 9.22 24 98.7885299341327
"1212" "1982283WP16146-mmm" 1982283 "WP" "16146-mmm" 1982 10 14 6 115 -7.424 0.157 1.804 0.018 -0.24 0.381 17.6 14.233 25 99.2908936535948
"1213" "1982287IO13091-mmm" 1982287 "IO" "13091-mmm" 1982 10 16 0 50 -1.482 0.262 0.942 -0.706 -0.081 0.128 16.1 5.533 11 56.7568104764123
"1215" "1982287WP11162-mmm" 1982287 "WP" "11162-mmm" 1982 10 20 12 105 -7.671 1.33 1.409 0.115 0.965 0.168 25.8 21.727 37 97.9693944840752
"1217" "1982290IO10084-mmm" 1982290 "IO" "10084-mmm" 1982 10 17 18 50 0.869 -0.848 -1.479 1.506 0.765 -0.108 11.4 23.5 5 47.1647323001338
"1218" "1982293EP09257-TAR" 1982293 "EP" "09257-TAR" 1982 10 22 18 45 -2.57 -0.567 1.462 -1.867 -0.363 0.126 14.7 10.12 3 53.2251993917196
"1219" "1982305SP10171-mmm" 1982305 "SP" "10171-mmm" 1982 11 4 0 65 -8.229 -0.007 -0.486 0.167 0.286 0.011 -14.2 11.16 27 88.9068514915236
"1221" "1982312SP11179-mmm" 1982312 "SP" "11179-mmm" 1982 11 10 6 40 -5.961 2.35 -0.653 0.207 0.133 0.342 -12.3 17.487 5 67.619207024217
"1222" "1982324EP10193-IWA" 1982324 "EP" "10193-IWA" 1982 11 23 18 80 -5.699 0.195 -0.794 -0.233 0.085 0.167 20.1 7.14 35 82.5044514490995
"1223" "1982326WP08177-mmm" 1982326 "WP" "08177-mmm" 1982 11 27 18 100 -8.53 0.847 -0.185 -0.27 0.258 -0.219 11.6 4.733 27 86.6358122228787
"1224" "1982334SI09060-mmm" 1982334 "SI" "09060-mmm" 1982 12 3 12 65 -7.658 2.889 -0.563 -0.252 -0.072 -0.046 -15.3 15.773 13 78.526354222717
"1225" "1982341WP10131-mmm" 1982341 "WP" "10131-mmm" 1982 12 9 0 65 0.802 -4.43 0.462 0.864 0.181 0.093 15 8.133 13 56.0648591825033
"1227" "1982355SI09060-mmm" 1982355 "SI" "09060-mmm" 1982 12 27 12 65 -4.429 1.879 -0.286 0.476 0.144 -0.019 -18.3 16.84 21 75.1628469773543
"1228" "1983004SI15115-mmm" 1983004 "SI" "15115-mmm" 1983 1 8 12 80 -4.694 1.725 1.105 0.461 0.091 -0.057 -18.2 19.893 13 76.8028207936209
"1229" "1983010SI09047-mmm" 1983010 "SI" "09047-mmm" 1983 1 12 6 65 -2.689 -1.893 1.029 0.038 0.154 0.2 -14.7 8.76 11 63.1093592466578
"1230" "1983014SP15143-mmm" 1983014 "SP" "15143-mmm" 1983 1 16 12 55 0.681 -0.347 0.54 -0.284 -0.167 -0.273 -19.2 22.227 9 52.5027243989315
"1231" "1983019SP14176-mmm" 1983019 "SP" "14176-mmm" 1983 1 26 6 80 -7.711 -0.766 0.725 -0.273 0.218 0 -16.6 17.507 28 89.69838849276
"1232" "1983037SI18062-mmm" 1983037 "SI" "18062-mmm" 1983 2 6 12 35 1.065 0.035 -1.638 0.102 -0.2 0.082 -17.9 16.187 1 45.8682041955004
"1233" "1983043SP11158-mmm" 1983043 "SP" "11158-mmm" 1983 2 23 0 100 -5.804 -0.598 1.108 0.54 -0.052 0.066 -16 10.513 79 132.003384829464
"1235" "1983054SP15179-mmm" 1983054 "SP" "15179-mmm" 1983 2 28 18 100 -9.702 2.34 0.099 0.57 -0.097 0.123 -17.9 5.727 34 115.774318489521
"1237" "1983059SI13127-mmm" 1983059 "SI" "13127-mmm" 1983 3 2 6 55 -3.949 -1.469 -0.336 -0.066 -0.266 -0.097 -15.3 14.3 15 68.6589210559675
"1241" "1983093SI12120-mmm" 1983093 "SI" "12120-mmm" 1983 4 6 18 60 -2.85 -3.797 0.898 -0.382 -0.183 -0.133 -16.7 1.627 13 64.9708096110475
"1244" "1983110SI12080-mmm" 1983110 "SI" "12080-mmm" 1983 4 25 18 60 -5.97 0.273 -0.811 0.574 0.264 -0.226 -11.1 23.7 27 79.6009886886174
"1245" "1983114SI10102-mmm" 1983114 "SI" "10102-mmm" 1983 4 25 12 55 -3.118 1.053 -0.574 1.148 0.259 0.298 -16.1 18.94 9 66.117708120014
"1246" "1983141EP07269-ADO" 1983141 "EP" "07269-ADO" 1983 5 24 6 95 -9.894 1.699 -0.493 -0.197 0.241 -0.141 11.4 23.12 22 89.6041058430789
"1247" "1983160EP11266-BAR" 1983160 "EP" "11266-BAR" 1983 6 13 18 115 -5.59 0.371 2.214 0.083 -0.669 -0.396 13.5 10.567 31 99.0549447598526
"1248" "1983170WP06136-mmm" 1983170 "WP" "06136-mmm" 1983 6 25 6 35 -0.768 2.965 -0.577 0.993 0.473 -0.281 15.7 13.327 1 52.5857742070756
"1249" "1983183EP11251-COS" 1983183 "EP" "11251-COS" 1983 7 4 12 35 3.926 0.425 0.845 0.441 1.114 -0.057 14.8 4.48 1 37.6214782010902
"1250" "1983187EP12259-DAL" 1983187 "EP" "12259-DAL" 1983 7 8 0 60 -5.564 0.567 -0.618 0.032 0.18 0.271 16.9 16.72 11 69.3529242772477
"1251" "1983190WP10146-mmm" 1983190 "WP" "10146-mmm" 1983 7 17 0 90 -7.646 -0.872 0.239 0.105 0.581 0.19 19 7.487 37 93.8671971932876
"1252" "1983191WP11127-mmm" 1983191 "WP" "11127-mmm" 1983 7 11 12 65 0.108 -1.576 -2.22 -0.125 0.253 -0.023 15.6 19.72 8 45.1362710639848
"1253" "1983192SI05089-mmm" 1983192 "SI" "05089-mmm" 1983 7 12 12 35 -5.971 -0.408 -0.677 0.542 0.302 -0.05 -7.3 17.66 1 64.6384837584877
"1254" "1983193EP11256-ERI" 1983193 "EP" "11256-ERI" 1983 7 14 0 55 -7.777 0.635 -0.656 0.051 0.165 0.164 14.2 16.573 9 76.0820794114333
"1255" "1983198EP18255-FLO" 1983198 "EP" "18255-FLO" 1983 7 19 18 50 0.171 -2.774 -1.273 0.186 -0.251 -0.409 20.3 10.52 3 51.0350741429814
"1256" "1983202WP09139-mmm" 1983202 "WP" "09139-mmm" 1983 7 24 6 135 -9.608 2.185 -0.525 0.338 0.325 -0.027 19.8 14.213 16 92.4691328841058
"1257" "1983205EP11265-GIL" 1983205 "EP" "11265-GIL" 1983 7 27 0 80 -7.77 0.551 -1.438 0.838 0.45 -0.019 11.7 16.48 25 84.7898246912005
"1258" "1983208EP11265-HEN" 1983208 "EP" "11265-HEN" 1983 7 31 0 115 -5.682 1.479 0.393 1.365 -0.109 0.45 12 16.38 27 94.0619655265129
"1259" "1983217WP09141-mmm" 1983217 "WP" "09141-mmm" 1983 8 8 18 145 -10.442 4.213 1.094 1.775 -0.404 0.736 17.4 2.76 25 137.929787044273
"1260" "1983220WP16111-mmm" 1983220 "WP" "16111-mmm" 1983 8 14 12 45 1.137 -0.063 -0.734 -0.625 0.089 0.028 19.9 20.293 5 44.3055997066961
"1261" "1983221EP13254-ISM" 1983221 "EP" "13254-ISM" 1983 8 11 12 85 -4.217 -0.661 1.034 0.218 -0.198 0.059 20.5 4.3 21 80.9795572924211
"1262" "1983221IO22066-mmm" 1983221 "IO" "22066-mmm" 1983 8 10 0 45 -1.679 1.396 -0.146 -0.801 0.141 -0.174 20.8 4.013 4 51.5631814201074
"1263" "1983224WP24145-mmm" 1983224 "WP" "24145-mmm" 1983 8 13 12 50 5.281 2.228 -0.322 0.198 0.025 0.082 29.3 21.687 11 43.4018897498695
"1264" "1983228NA27270-ALI" 1983228 "NA" "27270-ALI" 1983 8 18 6 100 -0.182 -2.486 2.038 -0.181 -1.038 0.152 28.9 23.667 22 76.6214019524276
"1265" "1983229WP15140-mmm" 1983229 "WP" "15140-mmm" 1983 8 20 0 55 5.13 0.774 0.063 0.238 -0.223 0.219 16.9 8.813 9 42.3256694775185
"1266" "1983236NA26284-BAR" 1983236 "NA" "26284-BAR" 1983 8 28 18 70 -2.7 -3.677 0.915 0.1 0.416 -0.18 25.4 11.5 22 70.3078422909686
"1267" "1983237EP11253-JUL" 1983237 "EP" "11253-JUL" 1983 8 29 0 50 -4.497 -1.456 0.619 -0.195 -0.036 -0.153 18.2 16.06 19 73.897854336061
"1269" "1983239WP10183-mmm" 1983239 "WP" "10183-mmm" 1983 9 6 6 125 -8.608 3.111 0.796 1.387 0.276 0.235 18.3 14.213 62 142.266614120018
"1270" "1983243EP12259-KIK" 1983243 "EP" "12259-KIK" 1983 9 3 18 125 -9.321 1.94 0.211 -0.334 0.331 -0.303 18.9 10.773 25 93.072531911161
"1271" "1983249EP15260-LOR" 1983249 "EP" "15260-LOR" 1983 9 8 12 100 -6.973 0.269 0.096 -0.529 0.207 0.433 16.5 5.08 15 74.6360737592347
"1272" "1983254NA30296-CHA" 1983254 "NA" "30296-CHA" 1983 9 11 18 65 1.252 -2.739 -0.625 -0.11 -0.051 0.211 32.8 14 7 51.74970483672
"1273" "1983255EP12261-MAN" 1983255 "EP" "12261-MAN" 1983 9 17 6 100 -3.815 -0.498 1.624 0.324 -0.459 -0.387 19.9 22.347 39 96.0797691505318
"1274" "1983264WP10144-mmm" 1983264 "WP" "10144-mmm" 1983 9 23 0 150 -8.798 0.793 0.709 -0.323 0.257 0.31 18.6 8.9 20 89.9724909439235
"1275" "1983264EP15248-NAR" 1983264 "EP" "15248-NAR" 1983 9 29 6 60 5.536 -4.212 -0.06 -0.139 0.327 0.133 17.5 19.907 51 50.0210760084349
"1276" "1983270NA28287-DEA" 1983270 "NA" "28287-DEA" 1983 9 29 0 55 8.066 2.581 -0.642 0.036 -0.12 -0.007 34.5 19.28 19 40.2137355113103
"1277" "1983271EP12242-OCT" 1983271 "EP" "12242-OCT" 1983 9 29 0 45 -6.299 0.844 -0.535 -0.251 0.032 0.143 14.2 15.873 4 67.213165432801
"1278" "1983271WP17118-mmm" 1983271 "WP" "17118-mmm" 1983 9 29 6 55 -5.958 0.733 -0.618 0.19 0.423 -0.015 19.2 13.587 5 67.7901076313977
"1279" "1983274EP12251-PRI" 1983274 "EP" "12251-PRI" 1983 10 4 0 100 -3.536 -1.162 1.365 -0.413 0.029 -0.357 15.1 16.127 19 69.0423826098442
"1280" "1983274IO18089-mmm" 1983274 "IO" "18089-mmm" 1983 10 3 6 50 1.078 -1.313 0.439 -0.764 0.01 0.276 17.9 11.653 5 46.0148783973968
"1281" "1983280WP11116-mmm" 1983280 "WP" "11116-mmm" 1983 10 8 6 50 -6.177 2.27 -0.553 0.556 0.414 0.033 12.5 13.34 11 71.7471362861288
"1282" "1983280WP17146-mmm" 1983280 "WP" "17146-mmm" 1983 10 10 0 65 -3.386 -2.47 -0.658 0.605 -0.108 -0.128 28.8 8.88 18 75.9772230750166
"1283" "1983281EP12256-RAY" 1983281 "EP" "12256-RAY" 1983 10 11 12 125 -9.175 2.021 -1.382 0.2 -0.106 -0.176 12.4 3.92 21 90.0578643689274
"1284" "1983281WP09134-mmm" 1983281 "WP" "09134-mmm" 1983 10 13 6 65 -7.312 2.511 -0.896 -0.352 0.097 -0.079 20.6 13.553 15 76.9856061545422
"1285" "1983283EP13230-SON" 1983283 "EP" "13230-SON" 1983 10 14 0 40 1.321 -4.769 0.001 0.443 0.036 0.445 11.2 14.02 16 52.1639619416762
"1286" "1983285EP09260-TIC" 1983285 "EP" "09260-TIC" 1983 10 19 0 115 -3.468 -2.307 2.832 0.786 0.192 0.646 20.1 16.7 49 102.957544200813
"1287" "1983288WP10120-mmm" 1983288 "WP" "10120-mmm" 1983 10 16 18 40 -7.173 0.041 -0.74 0.229 0.185 0.102 10.5 1.327 3 69.904426515209
"1289" "1983295WP16117-mmm" 1983295 "WP" "16117-mmm" 1983 10 25 0 70 -7.128 -0.015 0.329 -0.454 -0.239 -0.089 17.1 7.433 23 86.0293184402247
"1290" "1983298SI11086-mmm" 1983298 "SI" "11086-mmm" 1983 10 28 18 70 -5.983 0.046 -0.449 0.07 -0.029 -0.034 -17.2 23.98 29 83.8095483720869
"1291" "1983304WP06150-mmm" 1983304 "WP" "06150-mmm" 1983 11 4 6 145 -9.729 3.832 1.867 0.648 -0.335 0.115 18.3 14.973 33 129.211132912008
"1292" "1983306EP08259-VEL" 1983306 "EP" "08259-VEL" 1983 11 2 0 35 0.865 1.447 -0.727 0.289 0.343 0.298 7.9 17.227 1 43.3319310334491
"1293" "1983309IO10091-mmm" 1983309 "IO" "10091-mmm" 1983 11 9 0 55 -4.346 0.151 -1.308 0.886 0.31 -0.368 19 6.033 15 70.3280971916073
"1294" "1983312WP17157-mmm" 1983312 "WP" "17157-mmm" 1983 11 9 0 50 1.945 -2.347 -1.094 0.288 0.047 -0.076 18.8 10.12 7 46.3622145928333
"1295" "1983315SI06090-mmm" 1983315 "SI" "06090-mmm" 1983 11 13 6 35 0.441 0.506 1.205 -0.193 0.185 0.231 -14.3 12.387 1 48.5422690964266
"1296" "1983319WP14147-mmm" 1983319 "WP" "14147-mmm" 1983 11 23 12 125 -9.184 2.025 1.566 0.532 -0.616 0.311 17 20.413 47 139.019249829679
"1297" "1983321WP11111-mmm" 1983321 "WP" "11111-mmm" 1983 11 20 12 70 -10.736 0.636 0.357 -0.585 0.213 0.19 7.3 19.427 13 86.041119904062
"1298" "1983324SI08073-mmm" 1983324 "SI" "08073-mmm" 1983 11 23 6 45 -1.326 -1.771 -0.276 0.677 0.241 -0.363 -12.3 10.407 9 56.8501602188422
"1299" "1983325WP08145-mmm" 1983325 "WP" "08145-mmm" 1983 11 28 6 60 -4.489 0.404 0.678 -0.053 -0.108 -0.2 17.8 14.56 4 67.992773158944
"1300" "1983331SI12113-mmm" 1983331 "SI" "12113-mmm" 1983 11 29 6 70 -7.722 0.695 -0.292 -0.147 0.175 0.056 -17.8 13.96 15 80.3472594985392
"1301" "1983337WP16132-mmm" 1983337 "WP" "16132-mmm" 1983 12 3 12 55 -6.043 -0.852 -0.997 0.151 -0.115 -0.084 18 20.793 6 71.438760026061
"1302" "1983339EP13257-WIN" 1983339 "EP" "13257-WIN" 1983 12 6 6 80 -6.352 -0.729 -0.023 0.119 0.446 -0.005 17 23.06 11 72.4690743966024
"1303" "1983340SI10065-mmm" 1983340 "SI" "10065-mmm" 1983 12 10 12 130 -6.463 2.225 1.559 0.519 0.085 0.16 -10.9 15.3 37 98.6543747655555
"1304" "1983345SP15150-mmm" 1983345 "SP" "15150-mmm" 1983 12 11 12 45 -4.693 -1.228 0.073 -0.575 0.289 0.287 -15.2 22.153 9 61.7519602611611
"1305" "1983349WP09143-mmm" 1983349 "WP" "09143-mmm" 1983 12 17 0 55 -4.355 -2.145 -0.945 0.039 -0.561 0.28 14.7 8.887 11 69.4776652355841
"1306" "1983353SI08069-mmm" 1983353 "SI" "08069-mmm" 1983 12 23 6 90 -6.166 0.082 -0.212 0.463 -0.218 -0.359 -14.8 9.893 27 88.5709127171636
"1307" "1983353SI06129-mmm" 1983353 "SI" "06129-mmm" 1983 12 20 6 45 -2.017 -0.962 -1.816 0.65 -0.083 -0.269 -7.5 14.54 5 54.2984401071011
"1308" "1983360SP13174-mmm" 1983360 "SP" "13174-mmm" 1983 12 29 6 35 5.275 0.723 -0.559 0.227 0.13 0.148 -20.9 17.507 1 37.7736284977539
"1309" "1984004SI14107-mmm" 1984004 "SI" "14107-mmm" 1984 1 7 6 45 1.724 -4.49 -0.604 0.538 0.015 0.223 -14.4 12.793 15 50.9088205669893
"1310" "1984012SP16149-mmm" 1984012 "SP" "16149-mmm" 1984 1 16 0 65 -9.975 1.948 -0.304 -0.565 0.208 -0.075 -20 10.207 29 96.91736086398
"1311" "1984019SI16054-mmm" 1984019 "SI" "16054-mmm" 1984 1 27 12 55 -2.431 -1.761 -0.908 0.042 0.149 -0.095 -22.7 14.467 50 79.1547469128016
"1312" "1984020SI11077-mmm" 1984020 "SI" "11077-mmm" 1984 1 21 18 35 -6.248 1.277 -0.507 -0.152 -0.013 0.201 -17.5 22.613 1 67.9937055555525
"1313" "1984022SI08086-mmm" 1984022 "SI" "08086-mmm" 1984 1 27 6 75 -8.128 0.589 -0.201 -0.723 -0.417 -0.06 -15.2 11.38 21 86.2073253130581
"1314" "1984032SP15160-mmm" 1984032 "SP" "15160-mmm" 1984 2 3 18 65 -9.582 0.771 -0.67 0.412 0.151 -0.051 -19.3 5.08 15 93.5615049047466
"1315" "1984036SP16154-mmm" 1984036 "SP" "16154-mmm" 1984 2 6 12 60 -5.53 -2.278 0.242 0.1 0.053 -0.088 -19.8 22.473 13 75.7579192651758
"1316" "1984037SI12112-mmm" 1984037 "SI" "12112-mmm" 1984 2 7 6 55 -4.929 -0.093 -0.238 0.295 0.177 0.28 -14.8 13.247 9 68.1369479190768
"1317" "1984038SI13073-mmm" 1984038 "SI" "13073-mmm" 1984 2 19 6 45 3.025 -2.011 0.57 -0.14 -0.439 -0.227 -25.5 9.34 36 61.0068498956097
"1318" "1984040SI16088-mmm" 1984040 "SI" "16088-mmm" 1984 2 16 18 100 -5.616 0.202 0.31 -0.619 -0.556 -0.287 -19.7 23.293 67 112.392651441151
"1320" "1984048SI16120-mmm" 1984048 "SI" "16120-mmm" 1984 2 21 6 85 -5.639 -0.042 0.84 -0.157 -0.187 0.006 -21.9 13.333 29 89.0175462493385
"1321" "1984051SP17148-mmm" 1984051 "SP" "17148-mmm" 1984 2 23 0 60 -8.279 0.668 0.696 -0.082 0.195 0.28 -16.9 10.26 15 86.2775732354798
"1322" "1984058SI16124-mmm" 1984058 "SI" "16124-mmm" 1984 2 29 12 75 -4.161 -1.762 0.92 0.189 0.09 -0.102 -20.3 19.813 21 77.1726554577808
"1323" "1984066SP11149-mmm" 1984066 "SP" "11149-mmm" 1984 3 9 6 45 -7.501 -0.799 -0.745 0.105 -0.135 -0.207 -14 15.213 12 79.5429761071374
"1324" "1984068SI11100-mmm" 1984068 "SI" "11100-mmm" 1984 3 14 6 75 -5.255 1.211 1.468 -0.017 -0.504 -0.035 -17.8 11.667 25 89.7401756112629
"1325" "1984077SP16176-mmm" 1984077 "SP" "16176-mmm" 1984 3 18 18 40 -11.506 1.212 -0.143 -0.285 0.291 -0.01 -21.4 6.02 9 94.399187445431
"1326" "1984080SP12143-mmm" 1984080 "SP" "12143-mmm" 1984 3 22 6 125 -7.377 -0.608 0.5 0.94 -0.399 0.262 -14.9 15.193 17 97.5159432049546
"1327" "1984094SP14156-mmm" 1984094 "SP" "14156-mmm" 1984 4 6 0 40 3.345 3.202 0.387 -0.336 -0.078 -0.092 -16.9 10.073 5 42.6058285173497
"1328" "1984095SI12077-mmm" 1984095 "SI" "12077-mmm" 1984 4 8 12 100 -7.628 1.625 -0.415 0.483 0.112 -0.176 -12.5 15.507 25 88.911981513979
"1329" "1984139EP09260-ALM" 1984139 "EP" "09260-ALM" 1984 5 19 12 50 -9.495 2.409 -0.311 -0.106 0.142 0.068 9.5 4.633 8 80.8815658626687
"1331" "1984150EP12266-BOR" 1984150 "EP" "12266-BOR" 1984 5 30 12 65 -9.08 1.972 -0.254 -0.206 0.243 0.115 13.4 5.527 13 82.0967507355532
"1333" "1984169EP14257-CRI" 1984169 "EP" "14257-CRI" 1984 6 20 12 90 -7.515 -1.035 0.714 -0.331 0.197 -0.174 14.8 4.653 25 85.6829763456245
"1334" "1984170WP21135-mmm" 1984170 "WP" "21135-mmm" 1984 6 24 18 60 -3.502 -0.13 -0.224 -0.34 0.002 -0.224 21.2 1.647 41 78.7720287609976
"1335" "1984177EP10254-DOU" 1984177 "EP" "10254-DOU" 1984 6 29 0 125 -5.351 0.69 1.491 -0.357 -0.086 -0.377 13.8 15.88 27 82.096385239331
"1336" "1984180EP10258-ELI" 1984180 "EP" "10258-ELI" 1984 7 1 12 115 -3.807 -1.368 1.636 -1.926 -0.735 -0.029 15.7 4.533 17 66.3448490952265
"1337" "1984183WP16125-mmm" 1984183 "WP" "16125-mmm" 1984 7 3 6 75 -5.35 -0.114 -1.187 0.577 -0.152 -0.278 23.3 14.1 15 78.6078201369756
"1338" "1984186EP16256-FAU" 1984186 "EP" "16256-FAU" 1984 7 6 0 95 -3.502 -1.075 -0.016 -0.251 0.568 -0.012 18.2 16.78 20 63.2554847682365
"1339" "1984187WP15126-mmm" 1984187 "WP" "15126-mmm" 1984 7 8 18 55 -5.1 -1.084 0.068 -0.094 0.101 -0.128 20.7 1.54 11 70.9734092105784
"1340" "1984187WP17153-mmm" 1984187 "WP" "17153-mmm" 1984 7 10 0 90 -6.146 0.197 0.962 -0.035 -0.377 0.03 21.9 9.633 21 90.0992960345132
"1341" "1984189EP11265-GEN" 1984189 "EP" "11265-GEN" 1984 7 10 18 100 -5.46 1.494 -1.048 0.208 -0.33 0.16 18.8 10.813 25 82.0271318783906
"1342" "1984204WP21162-mmm" 1984204 "WP" "21162-mmm" 1984 7 29 0 125 -7.636 1.921 -0.433 -0.006 -0.436 0.073 22.8 10.253 37 104.70001736002
"1343" "1984207WP28135-mmm" 1984207 "WP" "28135-mmm" 1984 7 30 0 100 -3.878 -1.039 0.112 -0.064 -0.4 0.115 30.5 8.553 35 89.1169175049616
"1344" "1984210EP16249-HER" 1984210 "EP" "16249-HER" 1984 7 29 12 45 0.964 -1.691 -1.131 -0.147 -0.358 -0.117 17.5 4.16 13 50.9385468098107
"1345" "1984217EP14264-ISE" 1984217 "EP" "14264-ISE" 1984 8 8 18 115 -4.463 -0.979 -0.422 0.161 0.17 -0.04 18.3 10.3 34 79.2870441000224
"1346" "1984217WP11132-mmm" 1984217 "WP" "11132-mmm" 1984 8 7 0 55 -8.312 0.368 -0.976 0.268 0.448 0.427 24.4 8.213 11 81.9138972933227
"1348" "1984228WP19138-mmm" 1984228 "WP" "19138-mmm" 1984 8 19 12 75 -3.308 2.649 -0.807 -0.08 0.149 0.24 27.7 20.433 35 76.1906586368707
"1349" "1984228EP15261-JUL" 1984228 "EP" "15261-JUL" 1984 8 17 6 55 3.252 -0.566 0.181 0.728 0.099 -0.01 17.2 23 13 48.9548738810193
"1350" "1984229WP19119-mmm" 1984229 "WP" "19119-mmm" 1984 8 17 18 55 -5.767 -3.058 0.93 0.474 0.554 -0.087 18.4 1.687 17 78.6146723563247
"1351" "1984230EP09210-KEL" 1984230 "EP" "09210-KEL" 1984 8 20 6 100 -5.162 -0.677 -0.146 -0.157 0.135 0.062 14.6 18.7 27 75.5355480245719
"1352" "1984230EP12226-KEN" 1984230 "EP" "12226-KEN" 1984 8 18 18 50 1.863 -5.336 1.036 0.309 0.466 0.055 12.2 8.52 15 49.4169017660104
"1353" "1984231NA33295-SUB" 1984231 "NA" "33295-SUB" 1984 8 20 12 50 1.345 -1.552 -0.091 0.489 0.168 0.007 43.7 8.78 9 58.7278049322697
"1355" "1984237EP11230-LAL" 1984237 "EP" "11230-LAL" 1984 8 30 0 45 1.62 -1.537 0.272 -0.395 0.119 -0.216 12.8 14.127 5 44.1053176802386
"1356" "1984239WP08146-mmm" 1984239 "WP" "08146-mmm" 1984 9 1 12 125 -9.057 0.852 0.132 0 0.251 0.326 9.4 20.453 45 104.249157470612
"1357" "1984239EP16246-LOW" 1984239 "EP" "16246-LOW" 1984 8 28 12 75 -2.655 -1.641 -1.447 1.394 0.121 -0.213 17.8 3.827 15 68.2575243499545
"1358" "1984241WP18125-mmm" 1984241 "WP" "18125-mmm" 1984 8 30 0 60 1.271 3.101 0.102 -0.157 1.114 -0.012 20.4 7.893 17 45.8512125928689
"1359" "1984242NA11309-ART" 1984242 "NA" "11309-ART" 1984 8 29 18 45 -3.45 0.485 -2.275 0.033 -0.609 0.018 11.8 14.28 3 58.4028025060448
"1360" "1984244NA13319-BER" 1984244 "NA" "13319-BER" 1984 8 31 12 35 9.475 1.112 -0.289 0.05 -0.11 0.041 14.9 8.98 1 29.7726437599769
"1361" "1984244NA37293-CES" 1984244 "NA" "37293-CES" 1984 9 2 12 50 3.416 2.109 -0.519 0.401 0.221 -0.005 46 8.64 17 54.4185693814425
"1363" "1984250EP17256-MAR" 1984250 "EP" "17256-MAR" 1984 9 8 0 80 -5.086 2.512 0.433 0.549 -0.181 0.271 23.4 16.447 20 86.1529589792773
"1364" "1984253NA29283-DIA" 1984253 "NA" "29283-DIA" 1984 9 12 0 115 -0.187 -1.632 -0.614 0.491 -0.135 -0.732 33.9 18.82 29 70.6601309716393
"1365" "1984257WP22172-mmm" 1984257 "WP" "22172-mmm" 1984 9 16 18 75 0.8 1.433 -0.509 -0.165 -0.745 0.159 31.7 5.047 25 65.2986031657465
"1366" "1984258NA20264-EDO" 1984258 "NA" "20264-EDO" 1984 9 15 0 55 -1.535 0.472 -2.227 -0.347 0.138 0.111 20.3 17.613 7 49.921515673558
"1367" "1984259EP19245-NOR" 1984259 "EP" "19245-NOR" 1984 9 21 0 115 -1.564 -2.979 1.832 0.776 -0.555 0.553 17.3 16.26 49 96.095576556965
"1368" "1984260NA14339-FRA" 1984260 "NA" "14339-FRA" 1984 9 17 18 55 -1.927 -1.214 -0.763 0.326 -0.397 -0.718 18.4 16.193 9 62.3097120617662
"1369" "1984261NA29295-GUS" 1984261 "NA" "29295-GUS" 1984 9 18 18 45 9.976 0.476 -0.017 0.385 0.488 0.087 32.1 13.687 2 31.2355115550693
"1370" "1984262EP14259-ODI" 1984262 "EP" "14259-ODI" 1984 9 22 6 90 -5.971 -0.365 0.315 -0.126 0.256 -0.038 16.5 23.287 35 85.0796704737838
"1371" "1984267NA31302-HOR" 1984267 "NA" "31302-HOR" 1984 9 25 18 65 3.148 -0.83 -1.25 -0.042 0.081 0.003 29.7 13.947 17 47.4822819594444
"1372" "1984268WP19116-mmm" 1984268 "WP" "19116-mmm" 1984 9 25 0 40 2.976 -0.636 -0.194 -0.534 0.034 0.05 18 7.567 3 40.6670184476115
"1373" "1984270NA23287-ISI" 1984270 "NA" "23287-ISI" 1984 9 27 6 50 3.482 0.706 0.307 -0.866 0.599 -0.399 25.8 0.727 8 39.4497154244253
"1374" "1984270EP13262-POL" 1984270 "EP" "13262-POL" 1984 10 1 12 100 -4.857 -1.823 0.828 -0.925 -0.351 0.277 19.4 4.393 24 76.7050423358389
"1375" "1984272WP25152-mmm" 1984272 "WP" "25152-mmm" 1984 9 29 6 60 0.29 1.296 -0.177 0.489 0.254 0.296 24.7 16.013 13 56.5790074336889
"1376" "1984272WP22141-mmm" 1984272 "WP" "22141-mmm" 1984 10 1 0 55 -1.481 1.782 0.428 0.317 -0.073 -0.08 32.5 9.987 20 71.9167666909473
"1377" "1984281WP18152-mmm" 1984281 "WP" "18152-mmm" 1984 10 9 0 70 0.46 1.884 1.402 1.055 0.808 0.394 29.4 10.54 11 59.9429777664127
"1378" "1984281NA24291-JOS" 1984281 "NA" "24291-JOS" 1984 10 12 0 90 -1.803 0.519 1.655 -0.177 0.848 0.128 31.4 19.22 30 69.7356127614209
"1379" "1984282EP11263-RAC" 1984282 "EP" "11263-RAC" 1984 10 10 6 55 -1.49 3.08 -2.234 -0.866 -0.583 -0.42 12.6 22.94 9 50.2336222526593
"1380" "1984284WP18151-mmm" 1984284 "WP" "18151-mmm" 1984 10 12 12 80 -6.216 -2.266 0.829 -0.334 0.233 -0.087 23.9 22.08 13 77.254961022511
"1381" "1984284WP09140-mmm" 1984284 "WP" "09140-mmm" 1984 10 11 6 35 -3.736 -0.976 -0.473 0.089 1.336 -0.022 13.6 15.547 1 50.2446130860254
"1382" "1984285IO17089-mmm" 1984285 "IO" "17089-mmm" 1984 10 12 18 45 -5.17 0.582 -0.84 0.163 -0.133 -0.139 19.5 23.893 9 70.9149481272058
"1383" "1984285WP12116-mmm" 1984285 "WP" "12116-mmm" 1984 10 12 6 40 -7.941 0.906 -1.748 0.409 0.144 0.389 12.5 13.34 3 72.2660536955731
"1385" "1984292WP09150-mmm" 1984292 "WP" "09150-mmm" 1984 10 21 18 120 -9.864 0.959 0.482 -0.028 0.155 -0.128 24.9 3.607 21 102.822104551947
"1386" "1984296WP08159-mmm" 1984296 "WP" "08159-mmm" 1984 10 26 12 155 -8.897 0.34 0.328 0.588 -0.104 -0.144 16 20.78 29 107.141439759842
"1387" "1984297WP11116-mmm" 1984297 "WP" "11116-mmm" 1984 10 26 6 65 -3.733 -0.532 -1.129 -0.122 0.11 0.058 14.9 13.64 21 64.779481425037
"1388" "1984305WP03146-mmm" 1984305 "WP" "03146-mmm" 1984 11 4 18 120 -9.24 0.913 0.609 0.203 -0.191 0.096 11.2 2.387 31 106.054322137240
"1389" "1984305EP13262-SIM" 1984305 "EP" "13262-SIM" 1984 11 2 18 55 -2.492 -1.38 -1.212 0.427 -0.803 -0.671 15.3 10.413 15 68.6906812569164
"1390" "1984311NA15291-KLA" 1984311 "NA" "15291-KLA" 1984 11 8 18 80 -6.557 0.708 -0.775 0.23 -0.044 -0.185 19.9 13.907 17 80.962815940686
"1391" "1984313WP14154-mmm" 1984313 "WP" "14154-mmm" 1984 11 14 18 130 -9.731 0.987 1.399 -0.676 -0.689 0.143 14.2 2.733 49 126.932396080279
"1392" "1984314IO09088-mmm" 1984314 "IO" "09088-mmm" 1984 11 12 18 85 -4.373 0.304 0.225 -0.548 -0.05 -0.077 13.5 23.38 17 66.9937672170297
"1393" "1984314SI08081-mmm" 1984314 "SI" "08081-mmm" 1984 11 11 6 45 -6.303 -0.46 -0.238 0.191 0.205 0.148 -9.8 10.793 5 68.3902886178598
"1394" "1984319WP05156-mmm" 1984319 "WP" "05156-mmm" 1984 11 18 0 110 -13.073 2.754 -0.793 0.024 0.18 0.048 12.5 8.98 23 109.744924558781
"1395" "1984332IO08086-mmm" 1984332 "IO" "08086-mmm" 1984 12 1 6 75 -7.487 2.212 -0.713 0.052 0.237 0.137 10.8 11.38 25 81.3487252749471
"1396" "1984337SI11082-mmm" 1984337 "SI" "11082-mmm" 1984 12 4 12 55 -7.032 -0.324 0.287 -0.033 0.333 -0.019 -15.2 16.953 13 76.4144288106424
"1397" "1984337WP06149-mmm" 1984337 "WP" "06149-mmm" 1984 12 9 0 125 -9.368 -0.523 -0.039 0.009 0.158 -0.44 17.5 8.693 35 103.985401713534
"1398" "1984343SI08099-mmm" 1984343 "SI" "08099-mmm" 1984 12 10 18 45 -2.374 -3.196 -0.095 0.433 0.384 0.028 -14 1.12 5 57.049404872852
"1399" "1984343SI10132-mmm" 1984343 "SI" "10132-mmm" 1984 12 12 0 35 -3.745 -0.566 0.187 -0.227 0.557 0.214 -14 9.28 1 55.3758959619472
"1400" "1984348NA35300-LIL" 1984348 "NA" "35300-LIL" 1984 12 20 12 70 2.165 -2.273 0.19 -0.878 -0.312 0.204 31.1 8.507 65 72.9037033621105
"1401" "1984358SI17123-mmm" 1984358 "SI" "17123-mmm" 1984 12 25 6 75 5.37 -3.995 -0.399 0.583 -0.294 -0.161 -17.5 13.84 17 45.4339964914301
"1402" "1984361SP13145-mmm" 1984361 "SP" "13145-mmm" 1984 12 28 0 70 -8.874 1.269 -0.578 0.041 0.351 0.079 -19.2 10.447 11 82.5121846840134
"1403" "1984361SP09178-mmm" 1984361 "SP" "09178-mmm" 1984 12 27 6 45 -4.864 -0.364 -1.793 0.505 -0.076 -0.011 -8.5 17.973 5 62.8148263181719
"1404" "1984362SP11165-mmm" 1984362 "SP" "11165-mmm" 1984 12 28 18 45 -7.934 0.275 -0.415 -0.123 0.095 -0.118 -18 5.373 5 76.348716478224
"1405" "1985006WP04156-mmm" 1985006 "WP" "04156-mmm" 1985 1 7 12 40 -6.555 2.86 -2.223 0.408 0.4 -0.212 8 22.133 3 61.9899791253939
"1406" "1985008WP12134-mmm" 1985008 "WP" "12134-mmm" 1985 1 9 6 55 -1.657 2.847 0.051 0.324 0.755 -0.089 10.5 15.013 9 52.5678957848552
"1408" "1985010SI11066-mmm" 1985010 "SI" "11066-mmm" 1985 1 13 18 65 -8.912 2.198 -0.843 0.144 -0.004 -0.071 -17.3 21.713 17 89.1520427731308
"1409" "1985012SP16161-mmm" 1985012 "SP" "16161-mmm" 1985 1 17 12 100 -10.85 2.137 -0.216 -0.458 -0.163 -0.188 -18 23.867 23 102.357551313815
"1410" "1985012SI11085-mmm" 1985012 "SI" "11085-mmm" 1985 1 15 12 35 -6.188 0.48 -1.084 -0.119 -0.703 -0.027 -15.1 17.68 1 71.3723329893154
"1411" "1985014SP16151-mmm" 1985014 "SP" "16151-mmm" 1985 1 19 0 105 -9.241 1.872 0.24 0.086 -0.003 0.077 -16.7 11.687 25 99.6587149488965
"1412" "1985017SP15146-mmm" 1985017 "SP" "15146-mmm" 1985 1 19 6 100 -6.221 -0.532 -0.506 0.568 -0.449 -0.028 -16.1 16.56 19 86.8768093869221
"1414" "1985026SI13068-mmm" 1985026 "SI" "13068-mmm" 1985 1 28 18 70 -3.693 0.197 -1.126 0.308 -0.057 0.165 -17.7 22.4 19 69.0454470984803
"1415" "1985029SI18121-mmm" 1985029 "SI" "18121-mmm" 1985 1 30 12 55 -0.106 0.992 -1.627 0.373 -0.696 -0.176 -18.4 19.807 9 56.7580006893458
"1416" "1985033SP12157-mmm" 1985033 "SP" "12157-mmm" 1985 2 2 6 35 -5.309 -0.867 -0.206 0.275 0.148 -0.212 -12.6 16.44 1 65.0965675210877
"1417" "1985036SI12070-mmm" 1985036 "SI" "12070-mmm" 1985 2 9 6 50 -3.218 0.54 -0.975 0.118 -0.149 -0.052 -16.6 9.54 14 64.4749056118767
"1418" "1985042SI14127-mmm" 1985042 "SI" "14127-mmm" 1985 2 13 6 55 -5.332 -0.509 0.891 -0.546 -0.304 -0.143 -16.2 13.853 9 71.9402427790013
"1419" "1985044SI18060-mmm" 1985044 "SI" "18060-mmm" 1985 2 21 18 65 -3.623 -0.35 -0.375 0.161 0.025 -0.319 -21.1 21.333 59 93.7815294585106
"1420" "1985044SI12101-mmm" 1985044 "SI" "12101-mmm" 1985 2 16 12 50 -0.331 0.94 -0.909 -0.069 -0.32 -0.018 -14.4 19.033 21 57.5346112670339
"1421" "1985045SI15044-mmm" 1985045 "SI" "15044-mmm" 1985 2 15 18 50 -0.125 -1.78 -2.553 -0.276 -0.167 0.429 -13 21.027 15 48.4537233260546
"1422" "1985047SI13124-mmm" 1985047 "SI" "13124-mmm" 1985 2 20 18 75 -8.191 -0.703 0.26 0.005 0.343 -0.042 -15.6 1.373 17 84.0205729332302
"1423" "1985050SI12076-mmm" 1985050 "SI" "12076-mmm" 1985 2 18 18 35 4.624 2.222 0.146 0.058 0.007 0.036 -12.2 23.113 1 38.3180781107114
"1424" "1985050SP13145-mmm" 1985050 "SP" "13145-mmm" 1985 2 20 18 45 -8.633 0.817 -0.527 -0.109 0.389 0.355 -17.6 3.867 5 75.9897818214146
"1425" "1985063SP17171-mmm" 1985063 "SP" "17171-mmm" 1985 3 7 0 55 0.593 -0.788 -0.479 0.855 -0.256 0.118 -24.5 11.993 21 64.2412301728777
"1426" "1985066SI11094-mmm" 1985066 "SI" "11094-mmm" 1985 3 10 0 115 -8.101 2.743 -0.004 0.348 0.405 -0.41 -16.5 5.62 28 92.2561432509886
"1427" "1985067SI12118-mmm" 1985067 "SI" "12118-mmm" 1985 3 9 6 55 -4.83 -0.076 -0.98 0.809 0.222 -0.212 -15.5 14.033 9 69.0112340702587
"1428" "1985071SP15170-mmm" 1985071 "SP" "15170-mmm" 1985 3 16 6 135 -10.706 2.077 1.081 0.962 -0.291 0.603 -15.2 17.58 29 129.121489343562
"1429" "1985078SI14138-mmm" 1985078 "SI" "14138-mmm" 1985 3 23 6 120 -8.954 1.682 -0.445 -0.075 0.155 -0.029 -15.1 15.233 27 92.392239122613
"1430" "1985088SP13150-mmm" 1985088 "SP" "13150-mmm" 1985 3 30 6 60 -8.107 -1.238 0.097 -0.192 0.267 0.05 -13.7 15.787 11 77.9461546688154
"1432" "1985101SI10136-mmm" 1985101 "SI" "10136-mmm" 1985 4 12 6 45 -5.565 0.303 -0.661 -0.657 -0.039 0.055 -10.9 14.833 5 61.5132289368695
"1433" "1985102SI09100-mmm" 1985102 "SI" "09100-mmm" 1985 4 14 18 70 -8.526 1.066 -1.21 0.253 0.158 0.15 -14.1 0.867 21 86.0046453951913
"1434" "1985140WP12132-mmm" 1985140 "WP" "12132-mmm" 1985 5 24 6 100 -6.542 1.206 0.965 0.222 -0.712 0.427 21.5 14.613 27 102.576577706850
"1435" "1985143IO16088-mmm" 1985143 "IO" "16088-mmm" 1985 5 24 18 60 -5.602 -0.311 0.067 -0.146 0.479 0.317 21.4 0.06 13 70.4520362017243
"1437" "1985157EP16259-AND" 1985157 "EP" "16259-AND" 1985 6 7 12 60 0.605 -3.34 -0.81 0.202 -0.24 -0.076 17 4.68 15 54.336721666442
"1438" "1985158EP10267-BLA" 1985158 "EP" "10267-BLA" 1985 6 14 0 105 1.259 -2.495 0.453 -0.467 -0.648 -0.489 16.5 16.36 55 72.1462976964283
"1439" "1985159EP09241-CAR" 1985159 "EP" "09241-CAR" 1985 6 10 0 35 -1.228 -0.398 -0.966 -0.64 0.151 -0.061 8.8 15.967 1 45.0832076414782
"1441" "1985170WP14134-mmm" 1985170 "WP" "14134-mmm" 1985 6 23 0 100 -6.322 2.152 1.339 0.441 0.359 0.501 20.9 7.86 27 91.6957119414697
"1442" "1985176WP08136-mmm" 1985176 "WP" "08136-mmm" 1985 6 29 0 90 -4.459 1.165 -0.284 0.568 0.496 -0.465 24.4 8.673 34 82.539743282509
"1443" "1985177EP10258-DOL" 1985177 "EP" "10258-DOL" 1985 7 1 6 100 -1.49 -0.615 0.079 -0.954 0.148 0.137 17.5 21.813 29 59.4055002693288
"1444" "1985178EP10236-ENR" 1985178 "EP" "10236-ENR" 1985 6 29 0 35 -3.239 -2.077 -1.044 0.361 -0.066 -0.076 12.4 15.34 1 58.1038406353189
"1445" "1985184EP15258-FEF" 1985184 "EP" "15258-FEF" 1985 7 4 0 60 -2.124 -2.568 -0.347 0.489 0.247 -0.05 19.3 16.813 9 60.4022186294017
"1447" "1985197NA29296-ANA" 1985197 "NA" "29296-ANA" 1985 7 19 0 60 4.489 3.746 -0.23 -0.466 0.103 0.353 44.2 19.98 19 48.5613689572351
"1448" "1985199EP18248-HIL" 1985199 "EP" "18248-HIL" 1985 7 19 0 35 1.126 -1.128 -0.467 0.382 -0.441 0.26 21.5 16.433 1 52.0013793590836
"1449" "1985201EP12256-JIM" 1985201 "EP" "12256-JIM" 1985 7 24 12 115 -4.967 0.663 1.379 1.231 -0.784 0.494 18 4.26 23 101.957498983148
"1450" "1985202EP13226-IGN" 1985202 "EP" "13226-IGN" 1985 7 23 18 115 -2.433 -1.058 -1.044 0.827 0.124 0.14 14.8 8.413 21 66.4699118607884
"1451" "1985202WP19146-mmm" 1985202 "WP" "19146-mmm" 1985 7 30 6 75 -4.429 -0.089 0.096 0.339 0.372 -0.204 27.5 14.127 59 101.034470855326
"1452" "1985202NA26275-BOB" 1985202 "NA" "26275-BOB" 1985 7 24 18 65 -1.297 -0.115 -1.173 0.614 0.493 -0.241 30.5 12.633 17 61.751505280306
"1454" "1985211EP12237-LIN" 1985211 "EP" "12237-LIN" 1985 7 31 12 45 -2.278 0.594 0.385 0.67 0.245 -0.514 13.7 3.213 4 59.8343167431669
"1455" "1985212WP21146-mmm" 1985212 "WP" "21146-mmm" 1985 8 8 6 85 -3.839 -0.991 0.234 -0.56 -0.474 -0.08 30.8 14.64 35 86.0060569143422
"1456" "1985219EP14254-MAR" 1985219 "EP" "14254-MAR" 1985 8 9 0 65 -3.672 -0.431 1.546 -1.073 0.187 -0.04 17.4 16.42 13 62.4574655061946
"1457" "1985222NA32280-CLA" 1985222 "NA" "32280-CLA" 1985 8 15 12 75 -3.474 -2.058 0.379 -0.026 -0.054 -0.027 35.8 9.333 37 88.6007130184396
"1458" "1985222WP23131-mmm" 1985222 "WP" "23131-mmm" 1985 8 13 0 60 -1.251 -0.474 -0.818 -0.762 0.502 -0.053 29.7 8.42 15 53.4205378766255
"1459" "1985224NA19279-DAN" 1985224 "NA" "19279-DAN" 1985 8 15 12 80 -5.755 -0.434 0.207 0.063 0.329 -0.24 28.9 5.827 13 77.6143935275897
"1460" "1985227WP25124-mmm" 1985227 "WP" "25124-mmm" 1985 8 17 12 70 3.515 -0.783 -1.368 0.222 -0.38 -0.074 29.7 20.267 15 49.6807546056923
"1461" "1985229WP17144-mmm" 1985229 "WP" "17144-mmm" 1985 8 21 18 95 -3.358 -1.223 -0.981 -0.205 -0.806 -0.403 24.3 2.447 32 81.0789984874187
"1462" "1985232EP16248-NOR" 1985232 "EP" "16248-NOR" 1985 8 22 0 40 2.686 -1.92 -0.895 -0.01 -0.615 -0.606 19 15.867 5 46.7660105496515
"1463" "1985234EP13258-OLA" 1985234 "EP" "13258-OLA" 1985 8 26 18 75 -5.011 -0.584 -0.474 0.002 -0.072 0.252 20 10.287 23 77.2308502346073
"1464" "1985235WP18141-mmm" 1985235 "WP" "18141-mmm" 1985 8 27 6 90 4.251 -5.322 0.884 1.199 -0.059 0.099 28.2 15.373 29 60.939619122962
"1465" "1985239WP21126-mmm" 1985239 "WP" "21126-mmm" 1985 8 30 12 95 -2.025 -0.023 2.526 1.16 -1.132 0.215 28.7 20.72 29 105.019582975429
"1466" "1985239WP22139-mmm" 1985239 "WP" "22139-mmm" 1985 8 28 18 55 2.991 -3.411 -1.028 -0.648 0.029 0.021 26.8 3.553 10 42.8654890348968
"1467" "1985240EP16256-PAU" 1985240 "EP" "16256-PAU" 1985 9 5 6 75 -5.037 0.464 -0.664 1.38 0.77 -0.017 18.2 20.793 43 90.3481878177976
"1468" "1985240NA20286-ELE" 1985240 "NA" "20286-ELE" 1985 9 1 18 110 -2.426 -1.655 0.614 0.326 0.265 -0.042 28.9 12.347 34 79.1878908138796
"1469" "1985243WP13181-mmm" 1985243 "WP" "13181-mmm" 1985 9 7 0 80 -3.009 -1.802 -0.093 0.399 -0.015 -0.53 30.2 11.673 59 99.5288727996336
"1470" "1985244WP15134-mmm" 1985244 "WP" "15134-mmm" 1985 9 5 12 75 -6.7 3.136 0.298 0.023 -0.401 -0.203 20.6 19.533 35 99.8126719011585
"1471" "1985244EP14254-RIC" 1985244 "EP" "14254-RIC" 1985 9 9 6 125 -4.682 -2.189 1.976 -0.581 0.389 -0.277 17.2 20.707 55 92.5798962028159
"1472" "1985249EP13265-SAN" 1985249 "EP" "13265-SAN" 1985 9 9 0 110 -6.108 0.444 -0.598 0.75 -0.248 -0.028 15.5 16.7 17 83.912864865875
"1473" "1985256WP14142-mmm" 1985256 "WP" "14142-mmm" 1985 9 16 12 50 -5.11 0.068 -0.566 0.404 0.532 -0.2 21.2 20.133 13 69.9990450256242
"1474" "1985259NA24289-FAB" 1985259 "NA" "24289-FAB" 1985 9 17 12 55 -6.727 -0.363 -0.201 0.319 0.304 -0.013 28.1 7.92 8 79.5043901895527
"1475" "1985259EP12262-TER" 1985259 "EP" "12262-TER" 1985 9 20 0 100 -7.412 0.117 0.567 -0.484 0.113 0.265 18.2 16.62 27 87.1489793864086
"1476" "1985260NA13336-GLO" 1985260 "NA" "13336-GLO" 1985 9 25 6 125 -7.594 0.593 -0.271 -0.309 0.026 -0.343 25.1 1.273 52 108.504384013665
"1477" "1985261EP13243-VIV" 1985261 "EP" "13243-VIV" 1985 9 20 0 35 -5.033 -0.135 0.113 -0.658 -0.343 0.146 15.2 16.12 1 63.9246531647309
"1478" "1985262WP15115-mmm" 1985262 "WP" "15115-mmm" 1985 9 21 6 50 -8.805 2.19 -1.133 -0.467 -0.051 -0.002 20 13.427 5 77.2662638124354
"1479" "1985265NA30286-HEN" 1985265 "NA" "30286-HEN" 1985 9 23 12 50 6.858 0.241 0.197 0.638 -0.13 0.333 36 7.06 3 42.6118623991003
"1480" "1985265SI10080-mmm" 1985265 "SI" "10080-mmm" 1985 9 24 18 40 7.839 1.171 0.661 -0.254 0.003 0.008 -10 22.907 17 35.2935674312973
"1481" "1985270WP18117-mmm" 1985270 "WP" "18117-mmm" 1985 9 29 12 70 -1.858 -1.509 0.726 -0.3 0.238 0.324 18.7 19.38 11 58.2827031445314
"1482" "1985272WP17133-mmm" 1985272 "WP" "17133-mmm" 1985 10 3 6 90 -7.474 4.069 -0.752 0.061 0.572 -0.357 20.5 14.287 23 81.1504819193744
"1483" "1985280NA18291-ISA" 1985280 "NA" "18291-ISA" 1985 10 8 18 60 0.995 0.252 -2.029 0.514 -0.084 -0.143 26.3 13.2 13 53.1183148446501
"1484" "1985280EP15254-WAL" 1985280 "EP" "15254-WAL" 1985 10 9 6 90 -5.4 -1.272 -0.307 -0.113 0.468 0.319 23.1 22.78 15 70.5684833390969
"1485" "1985282IO12090-mmm" 1985282 "IO" "12090-mmm" 1985 10 10 18 50 0.633 0.734 -0.888 -0.095 -0.001 0.114 17.2 23.58 9 48.8711507430088
"1486" "1985285WP07156-mmm" 1985285 "WP" "07156-mmm" 1985 10 16 12 150 -8.298 1.1 1.141 1.157 -0.274 0.12 14.6 20.747 27 113.578613153722
"1487" "1985285WP11120-mmm" 1985285 "WP" "11120-mmm" 1985 10 15 6 100 -8.672 2.159 0.498 0.539 0.267 0.549 15.9 13.373 23 96.9837440759764
"1488" "1985287WP06159-mmm" 1985287 "WP" "06159-mmm" 1985 10 18 0 50 -6.773 4.938 -0.278 0.202 -0.242 -0.027 9.3 9.993 17 80.5226624393811
"1489" "1985288IO19089-mmm" 1985288 "IO" "19089-mmm" 1985 10 16 0 50 -6.059 1.709 -1.159 0.333 0.038 -0.119 20.6 5.787 8 73.023675282142
"1490" "1985296WP13126-mmm" 1985296 "WP" "13126-mmm" 1985 10 30 0 100 -3.278 -3.143 1.767 -0.483 0.147 0.394 22.9 8.4 48 87.0191282572952
"1491" "1985297EP10201-NEL" 1985297 "EP" "10201-NEL" 1985 10 26 0 80 -8.277 0.287 -0.027 -0.258 0.219 0.039 14.2 13.053 18 82.42248383861
"1492" "1985298EP12249-XIN" 1985298 "EP" "12249-XIN" 1985 10 29 18 100 -2.586 -2.583 -0.631 0.55 0.428 0.012 16.5 9.913 21 64.4842750358901
"1493" "1985299NA25270-JUA" 1985299 "NA" "25270-JUA" 1985 10 28 12 75 1.137 -0.252 -1.298 0.003 0.2 -0.069 29.4 5.867 17 52.206262055516
"1494" "1985317IO12082-mmm" 1985317 "IO" "12082-mmm" 1985 11 17 6 55 1.382 -2.614 0.979 -0.875 -0.611 -0.221 14.7 11.34 17 52.9477709605421
"1495" "1985320NA21296-KAT" 1985320 "NA" "21296-KAT" 1985 11 20 12 105 -5.447 -0.309 0.796 -0.28 -0.42 0.007 25.2 6.313 39 97.831657194638
"1496" "1985324WP07108-mmm" 1985324 "WP" "07108-mmm" 1985 11 25 0 45 -1.297 1.768 -0.614 0.111 0.358 0.213 12.2 7.4 18 55.4962098266507
"1497" "1985329SI09104-mmm" 1985329 "SI" "09104-mmm" 1985 12 3 18 75 0.573 -3.939 -1.362 1.603 -0.12 -0.123 -9.9 1.613 50 74.1541920588277
"1498" "1985343IO04090-mmm" 1985343 "IO" "04090-mmm" 1985 12 12 18 50 -1.801 -2.687 1.357 -0.914 -0.256 0.138 11.6 23.547 11 57.3572903483356
"1500" "1985350WP08115-mmm" 1985350 "WP" "08115-mmm" 1985 12 18 6 60 -3.849 0.418 -2.938 0.271 -0.008 -0.104 7.6 13.627 11 56.9252722301362
"1501" "1985351WP09140-mmm" 1985351 "WP" "09140-mmm" 1985 12 20 6 100 -11.678 2.335 -1.009 0.092 0.255 0.154 13.6 14.827 21 99.759223357978
"1502" "1986007SI19042-mmm" 1986007 "SI" "19042-mmm" 1986 1 9 12 50 -0.594 -1.055 0.103 0.155 0.134 -0.337 -19.4 14.48 13 57.2231330802536
"1503" "1986007SI07080-mmm" 1986007 "SI" "07080-mmm" 1986 1 13 12 110 -8.644 1.23 0.056 -0.16 0.144 0.083 -17.7 17.42 45 106.263804103566
"1504" "1986007IO04085-mmm" 1986007 "IO" "04085-mmm" 1986 1 8 6 45 -4.093 -0.679 -0.537 0.445 -0.04 -0.224 5.3 11.567 5 61.7550138291949
"1505" "1986007SI11055-mmm" 1986007 "SI" "11055-mmm" 1986 1 14 0 70 -2.579 -1.989 0.421 0.279 0.262 0.127 -18.2 4.24 48 81.9237748026099
"1506" "1986010SI11096-mmm" 1986010 "SI" "11096-mmm" 1986 1 11 6 35 1.93 0.823 0.098 0.17 0.306 0.038 -11.9 12.5 1 43.0293811087334
"1507" "1986012SI12130-mmm" 1986012 "SI" "12130-mmm" 1986 1 13 6 35 -4.21 -1.566 -0.018 -0.305 -0.368 -0.015 -13.6 14.16 1 62.6037735396452
"1508" "1986020SI14128-mmm" 1986020 "SI" "14128-mmm" 1986 1 20 6 45 -4.539 0.068 -0.265 0.096 0.252 -0.046 -15.6 14.447 5 63.1856575817899
"1509" "1986021SI15115-mmm" 1986021 "SI" "15115-mmm" 1986 1 20 18 35 1.426 1.159 0.784 1.011 -0.401 0.139 -14.5 1.62 1 54.9463499114673
"1510" "1986024SP17148-mmm" 1986024 "SP" "17148-mmm" 1986 1 24 0 45 -8.635 -0.684 -0.692 0.61 0.065 -0.093 -19.1 10.147 4 84.5903658996157
"1511" "1986029SP12145-mmm" 1986029 "SP" "12145-mmm" 1986 2 1 6 90 -9.44 1.738 0.492 -0.407 -0.243 -0.19 -17.4 15.76 21 97.4915831619414
"1512" "1986030SI12067-mmm" 1986030 "SI" "12067-mmm" 1986 2 4 12 115 -8.244 1.9 -0.103 -0.13 0.338 0.148 -15.7 15.627 33 91.7966807692645
"1513" "1986032WP05144-mmm" 1986032 "WP" "05144-mmm" 1986 2 5 0 85 -8.965 -0.879 0.612 -0.568 0.492 0.513 18.6 9.1 27 90.0160943911245
"1514" "1986036SI10082-mmm" 1986036 "SI" "10082-mmm" 1986 2 7 18 55 -7.599 2.079 -0.157 -0.152 0.049 0.008 -14.4 23.24 13 78.8238270980319
"1517" "1986038SP13158-mmm" 1986038 "SP" "13158-mmm" 1986 2 9 0 45 -4.237 -0.208 -0.279 0.093 0.028 0.14 -19.5 11.327 4 64.8526781198866
"1518" "1986049SI15114-mmm" 1986049 "SI" "15114-mmm" 1986 2 19 12 50 -4.126 -1.069 -0.851 0.223 -0.023 -0.247 -20.6 19.58 7 65.9345047150515
"1520" "1986053SI15114-mmm" 1986053 "SI" "15114-mmm" 1986 2 24 6 50 -1.128 -0.71 1.211 -0.489 0.107 -0.072 -19.9 13.26 9 56.6349406602534
"1521" "1986058SI16117-mmm" 1986058 "SI" "16117-mmm" 1986 2 27 12 35 1.889 -0.148 2.318 0.079 0.137 -0.043 -17.5 19.587 1 49.5454718238355
"1522" "1986061SP21162-mmm" 1986061 "SP" "21162-mmm" 1986 3 5 0 45 -7.984 -0.31 0.217 -0.504 0.16 0.228 -18.6 10.893 7 76.423152963758
"1523" "1986062SI14125-mmm" 1986062 "SI" "14125-mmm" 1986 3 5 12 105 -3.396 -3.121 0.256 0.835 0.233 -0.149 -17.9 19.7 17 72.3019648221883
"1524" "1986063SP16151-mmm" 1986063 "SP" "16151-mmm" 1986 3 7 18 45 -3.258 3.167 -1.577 -0.347 -0.127 0.033 -17.4 4.733 13 59.7959957035506
"1526" "1986072SI15078-mmm" 1986072 "SI" "15078-mmm" 1986 3 14 12 35 -6.594 1.393 -1.195 0.531 0.219 0.158 -17.9 17.093 1 70.1259304426167
"1528" "1986097SI11102-mmm" 1986097 "SI" "11102-mmm" 1986 4 10 18 75 -3.109 -1.21 -0.676 1.062 0.652 -0.153 -16 23.787 23 68.529727951527
"1529" "1986100SP12168-mmm" 1986100 "SP" "12168-mmm" 1986 4 12 6 75 -8.874 -0.043 -0.824 0.317 0.283 0.148 -15.8 17.933 13 84.2179417103056
"1531" "1986113SP11154-mmm" 1986113 "SP" "11154-mmm" 1986 4 24 12 70 -2.851 -2.579 -0.936 0.541 -0.459 -0.472 -13.5 21.973 11 66.0485794789821
"1532" "1986117WP07140-mmm" 1986117 "WP" "07140-mmm" 1986 4 28 6 90 -5.211 -1.161 0.799 -0.128 0.222 0.561 9.9 15.287 13 68.9563714639978
"1533" "1986124SI06090-mmm" 1986124 "SI" "06090-mmm" 1986 5 10 18 95 -6.36 -0.555 0.815 -0.035 0.136 0.196 -17.7 0.02 43 96.9087673395203
"1534" "1986137WP08160-mmm" 1986137 "WP" "08160-mmm" 1986 5 19 18 150 -9.706 2.394 -0.215 0.653 0.304 -0.066 12.3 4.36 23 98.1432055289072
"1535" "1986142EP13253-AGA" 1986142 "EP" "13253-AGA" 1986 5 26 0 65 -1.584 1.707 0.829 0.622 0.022 0.271 15.8 17.093 15 65.7645012408563
"1536" "1986142WP20113-mmm" 1986142 "WP" "20113-mmm" 1986 5 26 6 45 -5.251 0.911 1.348 -1.312 -0.296 -0.184 21.3 14.113 3 66.6748346675901
"1537" "1986156NA26284-AND" 1986156 "NA" "26284-AND" 1986 6 6 12 45 5.585 -1.804 -0.167 0.873 -0.654 0.4 30.7 6.8 5 48.3753273781729
"1538" "1986169EP09247-BLA" 1986169 "EP" "09247-BLA" 1986 6 18 0 35 -2.301 2.254 0.065 0.059 -0.295 0.123 9 16.32 1 56.7041230761401
"1539" "1986173WP14129-mmm" 1986173 "WP" "14129-mmm" 1986 6 23 12 80 -6.556 0.026 -0.421 -0.174 -0.601 -0.203 22.5 20.12 14 84.115997080179
"1540" "1986175NA26273-BON" 1986175 "NA" "26273-BON" 1986 6 26 6 75 3.886 -4.122 -0.644 -0.75 -0.028 0.325 29 23.753 14 43.1108870944766
"1541" "1986176EP11262-CEL" 1986176 "EP" "11262-CEL" 1986 6 28 0 75 -7.9 1.588 -1.474 -0.338 0.336 0.076 15.6 16.747 17 74.2817130557887
"1542" "1986179WP15135-mmm" 1986179 "WP" "15135-mmm" 1986 6 29 18 50 7.213 2.787 0.119 -0.323 0.306 0.042 17 2.613 13 34.5047324383549
"1543" "1986184WP14152-mmm" 1986184 "WP" "14152-mmm" 1986 7 7 0 140 -8.899 2.811 2.084 1.107 -0.398 0.581 16.7 8.693 31 128.539918623785
"1544" "1986185EP14256-DAR" 1986185 "EP" "14256-DAR" 1986 7 5 18 35 -0.929 -2.135 -0.838 0.377 0.071 0.286 18.1 10.567 1 52.5954172695947
"1545" "1986194WP17139-mmm" 1986194 "WP" "17139-mmm" 1986 7 15 12 85 -1.392 -2.502 -0.736 -0.59 -0.812 0.387 25.2 20.66 21 65.9321544490916
"1546" "1986198EP10245-EST" 1986198 "EP" "10245-EST" 1986 7 20 12 115 -7.059 0.072 0.27 -0.76 0.008 0.009 14.6 3.027 29 82.684555451207
"1547" "1986206EP11265-FRA" 1986206 "EP" "11265-FRA" 1986 7 31 12 75 0.617 -4.3 0.273 0.112 -0.195 -0.25 17.8 3.227 27 61.2966381719991
"1548" "1986212SI08085-mmm" 1986212 "SI" "08085-mmm" 1986 8 1 6 45 5.157 0.972 0.211 -0.055 -0.045 -0.077 -7.6 11.287 5 37.2309462707168
"1549" "1986212WP15131-mmm" 1986212 "WP" "15131-mmm" 1986 8 3 0 55 -4.855 -0.387 -0.52 -0.493 0.038 -0.058 21.3 8.52 23 72.271221659791
"1550" "1986215EP09227-GEO" 1986215 "EP" "09227-GEO" 1986 8 3 12 35 -2.248 1.691 -1.988 -1.403 0.677 -0.005 8.9 2.9 1 39.5796412995705
"1551" "1986221WP15176-mmm" 1986221 "WP" "15176-mmm" 1986 8 10 18 65 -10.573 0.494 0.436 -0.773 -0.032 -0.045 15.7 5.36 13 90.854102748267
"1552" "1986225WP19157-mmm" 1986225 "WP" "19157-mmm" 1986 8 16 6 80 -2.701 -0.764 -0.23 0.969 0.465 -0.346 24.9 16.233 25 73.9443016489366
"1553" "1986226NA30276-CHA" 1986226 "NA" "30276-CHA" 1986 8 18 0 70 -0.362 0.868 -0.693 -0.48 0.531 -0.107 36.5 18.947 19 56.0941995260437
"1554" "1986228WP19129-mmm" 1986228 "WP" "19129-mmm" 1986 8 16 18 40 -1.141 1.802 0.882 0.55 0.074 0.001 18.4 2.66 7 60.8665993899428
"1555" "1986228WP18118-mmm" 1986228 "WP" "18118-mmm" 1986 9 4 0 90 -4.884 0.056 -2.136 0.658 0.337 0.021 18.9 7.787 114 137.294877219566
"1556" "1986229EP17256-HOW" 1986229 "EP" "17256-HOW" 1986 8 16 18 35 -3.61 -1.137 -0.611 0.204 -0.16 0.026 17.8 10.953 1 62.0369405858278
"1557" "1986230WP21137-mmm" 1986230 "WP" "21137-mmm" 1986 8 22 0 110 -7.976 2.784 1.326 1.228 -0.366 0.42 21.9 9.707 35 126.463073536801
"1558" "1986232EP15246-ISI" 1986232 "EP" "15246-ISI" 1986 8 21 0 45 -1.613 0.085 -0.004 -0.474 0.172 0.175 16.7 15.987 5 52.3429280627711
"1559" "1986233EP10263-JAV" 1986233 "EP" "10263-JAV" 1986 8 25 0 115 -6.082 0.635 -1.019 0.525 -0.485 -0.277 17.1 16.613 36 95.728978755119
"1560" "1986241EP18248-KAY" 1986241 "EP" "18248-KAY" 1986 8 31 18 40 2.411 0.584 0.059 -0.29 -0.005 -0.114 18.7 9.98 9 45.7276651750007
"1561" "1986250NA11308-DAN" 1986250 "NA" "11308-DAN" 1986 9 8 6 50 -0.153 -1.224 -0.956 -0.655 -0.437 -0.38 12.2 2.04 5 47.9813373595553
"1562" "1986254NA22309-EAR" 1986254 "NA" "22309-EAR" 1986 9 12 18 90 -4.553 -0.58 0.127 0.182 0.386 -0.08 27.2 14.307 15 73.1401659240807
"1563" "1986256WP12146-mmm" 1986256 "WP" "12146-mmm" 1986 9 18 12 95 -7.911 4.335 1.324 2.092 -0.685 -0.094 22.3 20.193 37 145.382565155065
"1564" "1986257EP14230-LES" 1986257 "EP" "14230-LES" 1986 9 15 12 45 -6.089 -0.12 0.247 -0.184 0.175 -0.168 16 2.913 13 73.1593567266467
"1565" "1986259EP13256-MAD" 1986259 "EP" "13256-MAD" 1986 9 18 6 60 -4.481 -0.882 -0.953 0.272 0.052 -0.175 13.2 22.12 13 66.6442753958331
"1566" "1986262EP12266-NEW" 1986262 "EP" "12266-NEW" 1986 9 23 6 75 1.61 -4.281 -0.253 0.143 0.696 -0.115 25.2 22.673 27 53.1289437650565
"1567" "1986262WP11160-mmm" 1986262 "WP" "11160-mmm" 1986 9 25 0 120 -5.789 1.512 1.089 1.258 -0.4 0.198 19.7 9.333 47 120.426356857033
"1568" "1986264EP12221-ORL" 1986264 "EP" "12221-ORL" 1986 9 22 12 70 -6.495 0.336 0.372 -0.622 -0.693 -0.17 14.8 2.647 9 77.4850465620511
"1569" "1986271EP12267-PAI" 1986271 "EP" "12267-PAI" 1986 10 2 0 85 -1.979 1.323 1.229 0.397 0.094 0.322 22.5 16.727 17 69.7830706267596
"1570" "1986275WP11153-mmm" 1986275 "WP" "11153-mmm" 1986 10 5 18 100 -7.459 1.576 1.682 0.545 -0.14 -0.047 19.7 3.22 31 108.791042228623
"1571" "1986282WP15115-mmm" 1986282 "WP" "15115-mmm" 1986 10 9 12 45 3.215 1.894 0.046 -0.399 -0.021 0.091 16.3 19.553 5 41.5792679316477
"1572" "1986284WP11127-mmm" 1986284 "WP" "11127-mmm" 1986 10 14 12 80 -5.24 -0.954 1.227 -0.655 0.772 0.541 17.8 19.82 29 72.9601566267604
"1573" "1986289EP10267-ROS" 1986289 "EP" "10267-ROS" 1986 10 19 6 125 -7.135 1.428 1.237 0.864 -0.548 0.419 13.4 22.66 25 105.385090969049
"1574" "1986289WP16154-mmm" 1986289 "WP" "16154-mmm" 1986 10 17 6 110 -8.219 0.167 0.197 -0.606 -0.64 -0.27 19.4 15.62 13 88.7346787638866
"1575" "1986291WP12127-mmm" 1986291 "WP" "12127-mmm" 1986 10 18 18 55 -6.79 0.325 -2.181 0.699 -0.166 0.11 12.3 2.347 5 72.2762103493977
"1576" "1986312WP13121-mmm" 1986312 "WP" "13121-mmm" 1986 11 9 6 60 -8.624 1.197 -1.164 -0.145 0.089 -0.007 14 13.747 11 78.1833826854118
"1579" "1986315WP06134-mmm" 1986315 "WP" "06134-mmm" 1986 11 15 0 55 -7.35 -1.728 0.669 -0.177 0.496 0.18 17.8 7.613 22 82.553551447229
"1580" "1986323NA23297-FRA" 1986323 "NA" "23297-FRA" 1986 11 20 12 75 -3.044 1.278 -0.926 -1.445 -0.417 0.304 27.8 8.027 11 59.0759373132028
"1581" "1986323WP14128-mmm" 1986323 "WP" "14128-mmm" 1986 11 21 6 100 -8.504 4.048 0.951 1.288 -0.811 0.453 18.9 14.26 21 121.288553743627
"1582" "1986325SP10171-mmm" 1986325 "SP" "10171-mmm" 1986 11 24 0 55 -8.817 0.218 -0.491 0.255 0.442 0.091 -15.2 11.3 13 82.6740169017997
"1583" "1986332WP08163-mmm" 1986332 "WP" "08163-mmm" 1986 12 2 18 135 -11.52 3.494 0.302 0.262 -0.147 0.007 15.5 3.827 37 126.715294493949
"1584" "1986338WP08163-mmm" 1986338 "WP" "08163-mmm" 1986 12 4 6 40 -1.571 3.785 -0.45 -0.067 -0.064 0.246 8.3 16.753 3 51.6671989628007
"1585" "1986346SP12173-mmm" 1986346 "SP" "12173-mmm" 1986 12 15 18 55 -7.542 0.496 0.065 0.555 0.128 0.064 -16 5.087 9 82.6966824174065
"1586" "1986348WP07160-mmm" 1986348 "WP" "07160-mmm" 1986 12 20 6 95 -12.033 3.517 -0.729 0.007 0.091 -0.129 10.9 14.873 41 118.210222300570
"1587" "1986356WP09167-mmm" 1986356 "WP" "09167-mmm" 1986 12 29 0 90 -7.853 -0.159 1.074 0.153 0.355 -0.059 13.7 9.153 45 104.421257785250
"1590" "1987006SI06076-mmm" 1987006 "SI" "06076-mmm" 1987 1 10 18 45 4.075 -0.479 1.334 0.357 0.167 -0.11 -11.3 23.34 29 50.8845697058543
"1591" "1987007WP06162-mmm" 1987007 "WP" "06162-mmm" 1987 1 11 0 95 -5.98 -1.763 2.263 -0.143 -0.142 0.193 10.2 9.193 21 84.80237246847
"1592" "1987009SI08095-mmm" 1987009 "SI" "08095-mmm" 1987 1 10 18 55 -6.761 -0.682 -0.076 0.073 -0.351 -0.441 -9.9 0.527 9 77.0152840153908
"1594" "1987017SI13067-mmm" 1987017 "SI" "13067-mmm" 1987 1 18 6 75 -9.486 2.253 -0.56 -0.126 -0.123 -0.034 -17.2 10.593 15 90.625668995112
"1595" "1987017SI17122-mmm" 1987017 "SI" "17122-mmm" 1987 1 18 6 55 -8.261 1.297 -1.127 0.617 0.392 0.078 -18.2 14.013 5 78.2982886548643
"1597" "1987030IO06091-mmm" 1987030 "IO" "06091-mmm" 1987 2 2 6 55 0.229 -1.721 1.18 -0.727 -0.121 -0.315 13.5 11.827 9 50.9097465118386
"1598" "1987032SI15124-mmm" 1987032 "SI" "15124-mmm" 1987 2 3 18 50 1.982 3.064 0.121 -0.072 -0.35 0.097 -17.9 1.96 25 55.8504621082938
"1600" "1987035SP12160-mmm" 1987035 "SP" "12160-mmm" 1987 2 6 18 75 -11.288 2.474 0.963 0.354 -0.316 -0.056 -16.4 5.1 15 114.110936113510
"1601" "1987036SI12140-mmm" 1987036 "SI" "12140-mmm" 1987 2 11 0 65 -4.611 -0.155 0.585 -0.131 0.102 -0.15 -12.4 9.013 31 77.3597380965665
"1603" "1987042SI21054-mmm" 1987042 "SI" "21054-mmm" 1987 2 12 18 45 -7.717 1.079 0.085 0.081 0.312 0.183 -20.8 21.653 11 81.1673636276991
"1604" "1987053SI15127-mmm" 1987053 "SI" "15127-mmm" 1987 2 25 6 60 -7.107 0.73 -0.611 0.215 -0.026 0.108 -19.3 14.067 19 84.5892676454735
"1605" "1987058SP10173-mmm" 1987058 "SP" "10173-mmm" 1987 3 3 18 65 -6.759 0.864 -1.684 -0.176 -0.838 -0.149 -21.4 6.987 21 86.6847983717246
"1607" "1987062SI13072-mmm" 1987062 "SI" "13072-mmm" 1987 3 9 6 75 -5.428 1.484 -0.952 0.251 0.133 -0.094 -14 10.9 49 89.8623566066854
"1608" "1987065SP11164-mmm" 1987065 "SP" "11164-mmm" 1987 3 9 6 65 -2.356 -1.613 -0.744 0.536 0.218 0.349 -17.3 16.913 7 59.1120544945993
"1609" "1987093WP05155-mmm" 1987093 "WP" "05155-mmm" 1987 4 11 0 40 3.982 1.446 0.132 0.089 -0.246 0.21 9.3 9.527 3 40.9639144917342
"1610" "1987096SP11144-mmm" 1987096 "SP" "11144-mmm" 1987 4 12 18 65 -6.582 -1.297 0.496 -0.43 0.034 0.19 -14.3 2.14 39 89.8144416083846
"1611" "1987110SP10179-mmm" 1987110 "SP" "10179-mmm" 1987 4 24 0 55 -9.002 2.057 -0.671 0.212 0.363 0.031 -15.3 12.753 9 81.0527653086877
"1612" "1987110SI07073-mmm" 1987110 "SI" "07073-mmm" 1987 4 25 6 45 -6.894 0.146 0.682 -0.51 0.051 0.048 -14.3 10.993 9 73.6825167819105
"1613" "1987112SI26044-mmm" 1987112 "SI" "26044-mmm" 1987 4 24 6 75 3.777 -1.759 0.764 0.846 -0.147 -0.322 -29.2 8.867 17 56.0831847873431
"1614" "1987141SP10167-mmm" 1987141 "SP" "10167-mmm" 1987 5 23 12 45 -4.01 -1.27 -1.542 1.255 0.392 -0.08 -14.4 22.56 7 64.6268003853407
"1615" "1987150IO13095-mmm" 1987150 "IO" "13095-mmm" 1987 6 4 6 55 -7.632 2.653 -1.097 0.058 0.16 0.143 21.1 12.04 17 81.6578999585336
"1616" "1987155IO16061-mmm" 1987155 "IO" "16061-mmm" 1987 6 6 0 50 -1.193 -1.779 -1.045 0.779 -0.221 -0.458 16.1 4.233 13 61.4808669761827
"1617" "1987159EP12264-ADR" 1987159 "EP" "12264-ADR" 1987 6 8 6 40 -0.373 2.692 1.18 0.782 0.379 -0.173 12.3 23.46 3 54.678224005476
"1618" "1987168WP19117-mmm" 1987168 "WP" "19117-mmm" 1987 6 18 18 35 -0.265 -2.237 1.289 -0.286 -0.316 -0.081 20.8 1.52 1 55.4267106152586
"1619" "1987176WP10150-mmm" 1987176 "WP" "10150-mmm" 1987 6 28 18 75 -6.928 -0.817 -0.532 0.728 0.413 -0.126 16.4 2.947 15 80.0550033266375
"1621" "1987185EP13244-BEA" 1987185 "EP" "13244-BEA" 1987 7 5 12 45 0.958 -1.713 0.103 0.537 -0.308 0.043 16.5 3.9 11 56.0288115157903
"1622" "1987187EP13258-CAL" 1987187 "EP" "13258-CAL" 1987 7 8 12 55 -5.534 -1.952 0.403 -0.068 0.218 -0.043 14.8 4.267 19 74.5218078437799
"1623" "1987188WP10151-mmm" 1987188 "WP" "10151-mmm" 1987 7 11 12 130 -10.078 1.247 0.302 -0.208 0.163 0.231 17.8 20.587 25 100.060210574064
"1624" "1987196EP15258-DOR" 1987196 "EP" "15258-DOR" 1987 7 17 12 50 -1.698 -1.942 -0.106 -0.475 -0.243 0.014 17.9 4.507 17 60.4654584230885
"1625" "1987196WP09146-mmm" 1987196 "WP" "09146-mmm" 1987 7 19 12 65 -4.387 0.325 -1.01 0.417 0.572 0.074 18 20.353 19 67.4164729151502
"1626" "1987200WP04191-mmm" 1987200 "WP" "04191-mmm" 1987 7 26 6 125 -7.409 0.906 1.149 0.534 0.11 0.392 18.4 15.58 41 109.391263807792
"1627" "1987202WP09144-mmm" 1987202 "WP" "09144-mmm" 1987 7 25 12 65 -5.183 2.211 -1.036 -0.376 -0.172 0.006 18.4 20.293 19 71.479687383653
"1628" "1987203EP11263-EUG" 1987203 "EP" "11263-EUG" 1987 7 25 6 85 -6.734 0.312 -0.011 -0.029 0.404 0.202 18.5 23.027 21 79.3851714463805
"1629" "1987205EP12229-FER" 1987205 "EP" "12229-FER" 1987 7 26 0 55 -3.506 -3.571 0.614 0.154 0.318 -0.226 12.6 14.68 7 61.6903080696255
"1630" "1987209EP12259-GRE" 1987209 "EP" "12259-GRE" 1987 8 1 0 70 -4.053 1.202 -0.639 0.021 -0.428 -0.407 19.8 16.447 22 75.6588023715736
"1631" "1987213EP11268-HIL" 1987213 "EP" "11268-HIL" 1987 8 4 0 105 -7.79 1.103 -0.291 0.191 0.276 0.076 14.6 16.907 21 84.394425675151
"1632" "1987216EP10270-IRW" 1987216 "EP" "10270-IRW" 1987 8 6 18 55 -6.671 -0.544 0.258 -0.357 0.264 0.025 15.3 11.393 23 78.4982227398037
"1633" "1987219WP08134-mmm" 1987219 "WP" "08134-mmm" 1987 8 11 12 140 -9.367 2.873 0.426 1.654 -0.501 0.532 12.2 20.507 21 119.344805711470
"1634" "1987219WP08155-mmm" 1987219 "WP" "08155-mmm" 1987 8 17 6 85 -7.044 0.925 -0.913 0.56 0.127 -0.332 16.4 14.233 37 94.4311969257436
"1635" "1987220NA34283-ARL" 1987220 "NA" "34283-ARL" 1987 8 22 6 65 3.626 -0.282 1.53 0.158 -0.481 -0.21 36.5 3.133 85 96.0226537603101
"1636" "1987222NA26266-mmm" 1987222 "NA" "26266-mmm" 1987 8 10 0 40 2.983 1.739 -0.17 -0.152 0.397 0.336 28.4 17.707 3 42.8612783490075
"1637" "1987226EP13241-JOV" 1987226 "EP" "13241-JOV" 1987 8 17 18 90 -0.312 -2.922 -0.767 0.503 -0.136 0.023 14.1 9.187 27 62.3241428407715
"1638" "1987230NA15340-BRE" 1987230 "NA" "15340-BRE" 1987 8 20 6 45 1.581 0.847 2.655 -0.73 -0.505 0.036 15.7 3.633 13 55.0663196415083
"1639" "1987231WP10159-mmm" 1987231 "WP" "10159-mmm" 1987 8 26 0 130 -6.52 0.998 0.718 1.419 0.776 -0.36 17.9 8.68 35 98.2752788791278
"1640" "1987232WP07173-mmm" 1987232 "WP" "07173-mmm" 1987 8 26 18 35 -3.813 -4.562 1.983 -0.756 0.479 0.17 16.1 3.94 1 58.1655967434483
"1641" "1987238EP10213-OKA" 1987238 "EP" "10213-OKA" 1987 8 27 18 50 -6.133 -0.618 0.126 -0.599 -0.002 -0.137 11.6 7.633 13 69.7900934284554
"1642" "1987241EP10241-KNU" 1987241 "EP" "10241-KNU" 1987 8 29 6 35 -4.553 -2.065 0.663 -0.276 0.289 0.383 10.2 21.9 1 59.4649518722269
"1643" "1987242EP13257-LID" 1987242 "EP" "13257-LID" 1987 9 1 12 75 -4.319 -0.407 -1.228 -0.049 -0.357 0.093 17.4 4.38 21 72.155515692627
"1644" "1987244WP11177-mmm" 1987244 "WP" "11177-mmm" 1987 9 9 12 140 -10.633 2.563 -0.798 0.131 0.358 -0.356 18.6 22.393 33 105.597580063313
"1645" "1987247WP09150-mmm" 1987247 "WP" "09150-mmm" 1987 9 10 0 125 -7.416 2.808 1.507 0.701 0.514 0.157 17 9.167 39 105.039589579873
"1646" "1987247WP16127-mmm" 1987247 "WP" "16127-mmm" 1987 9 8 18 105 -8.311 5.273 3.292 1.642 -0.282 -0.247 20.6 2.16 33 141.353021048119
"1647" "1987249NA15329-CIN" 1987249 "NA" "15329-CIN" 1987 9 8 0 45 4.881 1.255 -0.494 0.115 -0.029 0.082 28.2 21.373 5 41.8683225350365
"1648" "1987252NA11342-DEN" 1987252 "NA" "11342-DEN" 1987 9 11 12 45 1.835 -0.007 -0.008 -0.408 -0.137 0.114 12.3 10.153 9 45.5753688476058
"1649" "1987253EP11260-MAX" 1987253 "EP" "11260-MAX" 1987 9 13 6 135 -7.337 0.565 1.111 -0.517 0.277 -0.253 15.1 22.213 27 85.2131405248968
"1650" "1987258EP15253-NOR" 1987258 "EP" "15253-NOR" 1987 9 17 12 65 2.84 -3.903 0.763 0.114 0.573 0.233 19.9 4.44 15 46.8341464235325
"1651" "1987263NA10309-EMI" 1987263 "NA" "10309-EMI" 1987 9 22 18 110 -7.62 1.656 -0.742 0.182 0.163 -0.05 16.7 13.393 17 81.7746583244011
"1652" "1987263EP10241-OTI" 1987263 "EP" "10241-OTI" 1987 9 22 6 100 -2.552 -1.792 0.22 -0.549 -1.055 -0.67 14.5 21.88 13 67.3043918649706
"1653" "1987264WP10190-PEK" 1987264 "WP" "10190-PEK" 1987 9 29 0 100 -5.135 0.077 0.267 1.124 0.338 0.054 25.2 11.813 53 108.659463401299
"1654" "1987266WP16148-mmm" 1987266 "WP" "16148-mmm" 1987 9 26 0 110 -5.197 1.69 -2.617 0.12 -0.471 -0.06 20.6 9.387 19 73.8845521157634
"1656" "1987270WP15160-mmm" 1987270 "WP" "15160-mmm" 1987 9 29 6 40 1.041 -1.171 -1.539 -0.087 -0.074 -0.144 25.2 16.333 3 47.1040160616157
"1657" "1987274EP21249-PIL" 1987274 "EP" "21249-PIL" 1987 10 1 6 35 3.731 -0.413 0.15 -0.648 -0.395 -0.227 22.4 22.607 1 41.7872075316755
"1658" "1987279EP12256-RAM" 1987279 "EP" "12256-RAM" 1987 10 9 6 120 -7.299 -0.829 -0.193 0.227 0.172 -0.474 15.1 22.373 29 89.0591934285879
"1659" "1987282NA15277-FLO" 1987282 "NA" "15277-FLO" 1987 10 12 12 65 -6.109 0.593 -1.51 0.394 0.344 0.406 24 6.473 17 75.895310799538
"1660" "1987283WP12137-mmm" 1987283 "WP" "12137-mmm" 1987 10 15 12 95 -6.132 1.874 1.193 -0.088 -0.094 0.285 26.7 20.787 43 104.844204474098
"1661" "1987287IO12089-mmm" 1987287 "IO" "12089-mmm" 1987 10 15 18 45 -3.753 -0.033 -0.447 0.224 0.263 -0.01 16 23.433 7 61.7796131030496
"1662" "1987288WP13168-mmm" 1987288 "WP" "13168-mmm" 1987 10 20 0 140 -9.906 2.093 1.104 0.401 0.112 0.359 17.3 9.407 33 115.801575358708
"1663" "1987300EP10239-SEL" 1987300 "EP" "10239-SEL" 1987 10 27 18 35 -5.92 1.575 -0.906 -0.277 -0.145 -0.179 11.7 9.707 1 63.7909523266114
"1664" "1987303IO06088-mmm" 1987303 "IO" "06088-mmm" 1987 11 1 12 55 -6.961 1.043 -0.473 0.199 0.617 0.21 13.9 17.573 9 70.2202941827911
"1666" "1987311WP10148-mmm" 1987311 "WP" "10148-mmm" 1987 11 17 6 45 -5.183 -0.749 -0.974 -0.077 -0.054 0.423 13.4 13.553 7 64.9455300819416
"1667" "1987312IO09095-mmm" 1987312 "IO" "09095-mmm" 1987 11 12 18 50 -7.654 2.254 -0.438 -0.306 0.081 0.031 15.3 23.413 9 74.8548619295633
"1668" "1987320WP03171-mmm" 1987320 "WP" "03171-mmm" 1987 11 25 12 145 -11.215 4.948 1.962 1.58 -0.504 0.557 13 20.3 47 168.954895090325
"1669" "1987325SI06050-mmm" 1987325 "SI" "06050-mmm" 1987 11 24 18 40 5.576 2.24 0.27 -0.708 0.278 0.358 -11.5 20.74 5 33.5562164529657
"1670" "1987325WP13126-mmm" 1987325 "WP" "13126-mmm" 1987 11 24 18 45 -4.979 -2.334 0.392 -0.356 -0.119 0.09 12.7 1.293 5 65.5516003809321
"1671" "1987336IO10085-mmm" 1987336 "IO" "10085-mmm" 1987 12 10 6 45 -5.417 2.907 -1.028 -0.387 -0.26 -0.005 14.3 10.707 15 69.4539642383133
"1672" "1987340SI07095-mmm" 1987340 "SI" "07095-mmm" 1987 12 11 0 55 -6.342 -0.195 -0.908 0.757 0.206 -0.175 -15.5 5.64 11 75.9692287686468
"1673" "1987343WP05154-mmm" 1987343 "WP" "05154-mmm" 1987 12 16 0 100 -10.034 1.169 0.19 -0.333 0.269 -0.102 11.8 8.32 22 91.5862621651189
"1674" "1987351IO09086-mmm" 1987351 "IO" "09086-mmm" 1987 12 20 12 35 -1.015 -2.031 0.626 -0.52 -0.042 -0.004 11.9 17.587 1 50.3413052596261
"1675" "1987353SP08177-mmm" 1987353 "SP" "08177-mmm" 1987 12 20 0 35 -7.233 2.202 -0.884 -1.163 -0.279 -0.062 -8.9 11.84 1 62.801018352576
"1677" "1988003SP12171-mmm" 1988003 "SP" "12171-mmm" 1988 1 13 18 70 -8.941 -1.103 1.641 -1.405 -0.294 -0.201 -17.2 4.58 42 105.214752811524
"1678" "1988005WP03174-mmm" 1988005 "WP" "03174-mmm" 1988 1 10 12 115 -11.67 2.467 -0.706 -0.259 0.101 -0.066 9.9 22.34 19 95.9862362199305
"1681" "1988021SI12080-mmm" 1988021 "SI" "12080-mmm" 1988 1 30 12 115 -4.998 0.274 0.159 -0.234 0.029 -0.348 -24.1 14.553 52 96.1365602584814
"1682" "1988029SI08098-mmm" 1988029 "SI" "08098-mmm" 1988 2 1 0 65 -3.03 -1.24 0.246 -0.11 -0.403 -0.246 -18.1 6.387 11 66.9918353886837
"1683" "1988039SI16102-mmm" 1988039 "SI" "16102-mmm" 1988 2 12 0 90 -5.516 -1.447 1.305 -0.487 -0.41 -0.317 -17.1 6.007 27 86.095334732433
"1684" "1988051SP15158-mmm" 1988051 "SP" "15158-mmm" 1988 2 23 0 45 -5.147 -0.202 -1.252 0.372 -0.085 -0.008 -14.6 10.373 17 72.6976267777945
"1685" "1988055SP10180-mmm" 1988055 "SP" "10180-mmm" 1988 3 1 12 105 -9.215 1.559 0.038 1.202 0.274 0.359 -18 23.267 51 129.066358839428
"1686" "1988055SI11050-mmm" 1988055 "SI" "11050-mmm" 1988 3 1 6 85 -1.525 -0.807 -0.212 -0.891 -0.062 0.162 -18.9 8.567 23 58.6756260773656
"1688" "1988072SI08088-mmm" 1988072 "SI" "08088-mmm" 1988 3 19 0 130 -7.964 1.98 -1.469 0.475 0.149 0.084 -16.3 4.2 25 87.9816342885915
"1689" "1988077SI12054-mmm" 1988077 "SI" "12054-mmm" 1988 3 19 0 45 -5.773 -0.162 -1.162 0.527 0.007 0.243 -10.8 3.5 11 71.0817076424128
"1690" "1988085SI14060-mmm" 1988085 "SI" "14060-mmm" 1988 3 27 12 40 -4.006 -1.374 1.052 -0.218 0.071 -0.057 -15.4 15.387 3 63.393823468597
"1691" "1988100SP15171-mmm" 1988100 "SP" "15171-mmm" 1988 4 12 6 70 -7.383 6.183 1.665 0.67 0.211 -0.017 -18.2 17.387 24 98.9661743834784
"1692" "1988129SI13064-mmm" 1988129 "SI" "13064-mmm" 1988 5 9 18 40 -6.423 -0.521 0.173 -0.297 -0.322 -0.144 -15 22.307 3 72.3975771666592
"1693" "1988139SI09091-mmm" 1988139 "SI" "09091-mmm" 1988 5 19 0 35 -8.233 3.193 -1.152 0.253 0.121 0.154 -12.7 6.433 1 73.3950874451987
"1694" "1988150WP19121-mmm" 1988150 "WP" "19121-mmm" 1988 6 1 12 80 -5.485 1.565 0.254 0.605 -0.349 -0.024 21.1 19.913 19 87.9391305184132
"1696" "1988160IO14074-mmm" 1988160 "IO" "14074-mmm" 1988 6 9 6 35 -4.76 1.744 -0.651 -0.314 0.025 0.143 16.9 10.713 1 60.8348183484294
"1697" "1988169EP14259-ALE" 1988169 "EP" "14259-ALE" 1988 6 18 0 60 -2.377 3.435 -0.313 0.025 -0.316 -0.212 16.1 17.227 9 61.7006910276917
"1698" "1988170WP05139-mmm" 1988170 "WP" "05139-mmm" 1988 6 22 12 70 -6.877 0.055 -1.546 0.208 -0.448 -0.015 16.7 20.32 21 84.5339188835782
"1699" "1988173EP12268-BUD" 1988173 "EP" "12268-BUD" 1988 6 22 6 45 -5.325 -0.461 -0.212 0.315 0.513 -0.095 15.1 23.48 7 66.1149362317733
"1700" "1988177WP07137-mmm" 1988177 "WP" "07137-mmm" 1988 6 27 6 45 -4.737 0.242 -0.496 0.545 0.474 -0.022 9.9 14.413 5 62.2695057671742
"1701" "1988191EP13256-CAR" 1988191 "EP" "13256-CAR" 1988 7 11 6 65 1.763 -2.197 0.531 -0.265 -0.308 0.077 17.3 22.367 15 52.0982371635884
"1702" "1988193WP09149-mmm" 1988193 "WP" "09149-mmm" 1988 7 17 0 115 -9.093 0.908 0.125 -0.424 0.208 0.06 16.5 8.467 33 96.2387634541113
"1703" "1988202EP15248-DAN" 1988202 "EP" "15248-DAN" 1988 7 24 0 55 5.199 -1.98 0.265 0.383 0.092 -0.046 22.2 15.447 33 50.6814134929912
"1704" "1988208WP27135-mmm" 1988208 "WP" "27135-mmm" 1988 7 30 0 45 -1.136 1.329 -0.86 0.518 0.611 -0.332 25.7 9.493 5 54.1004409244176
"1705" "1988210EP14251-EMI" 1988210 "EP" "14251-EMI" 1988 7 30 12 60 3.978 0.271 -0.918 -0.563 0.264 0.161 15.4 4.207 9 37.1915380127402
"1706" "1988211EP15225-GIL" 1988211 "EP" "15225-GIL" 1988 7 29 18 45 11.287 -0.119 0.256 0.092 -0.136 -0.029 15.9 8.92 5 28.7921686032093
"1707" "1988211EP12239-FAB" 1988211 "EP" "12239-FAB" 1988 8 3 12 120 0.634 -0.139 -1.66 -0.092 -0.115 -0.262 14.7 2.413 40 58.9303476634554
"1708" "1988213EP11262-HEC" 1988213 "EP" "11262-HEC" 1988 8 3 6 125 -1.447 -3.133 1.58 0.715 0.04 0.256 16.4 22.32 21 71.0718577439693
"1709" "1988218EP13264-IVA" 1988218 "EP" "13264-IVA" 1988 8 8 0 90 -5.154 -0.632 0.207 -0.219 -0.246 0.092 18 16.633 17 75.9002150057857
"1710" "1988218WP22129-mmm" 1988218 "WP" "22129-mmm" 1988 8 7 6 45 -4.311 -0.183 -0.422 0.162 0.086 -0.336 28.2 14.28 3 67.5032693414141
"1711" "1988219NA32283-ALB" 1988219 "NA" "32283-ALB" 1988 8 7 12 35 1.838 -1.756 -0.577 0.779 0.582 0.341 41.5 7.4 1 51.0675406650318
"1712" "1988220WP28167-mmm" 1988220 "WP" "28167-mmm" 1988 8 11 0 45 -4.122 -0.912 0.964 -0.167 0.284 0.093 28.5 10.687 7 68.9446828408733
"1713" "1988221NA30270-BER" 1988221 "NA" "30270-BER" 1988 8 9 0 45 3.919 2.964 0.491 -0.343 0.441 0.175 29.3 18.06 5 41.6820914591044
"1714" "1988226WP22173-mmm" 1988226 "WP" "22173-mmm" 1988 8 16 18 115 -5.115 0.166 1.782 -0.294 -0.665 -0.088 21.6 4.96 13 84.0859503923587
"1715" "1988230EP18254-JOH" 1988230 "EP" "18254-JOH" 1988 8 17 18 35 1.057 2.712 -0.104 -0.4 0.298 -0.024 19.1 10.813 1 44.0639800535012
"1716" "1988235NA15317-CHR" 1988235 "NA" "15317-CHR" 1988 8 28 12 45 -0.909 -1.011 -0.49 -0.359 -0.119 -0.183 30.8 6.613 4 55.7194944182945
"1717" "1988237WP30144-mmm" 1988237 "WP" "30144-mmm" 1988 9 2 6 75 -0.979 -3.392 -0.154 0.533 -0.198 0.328 34 16.247 31 77.271919616653
"1718" "1988237WP23154-mmm" 1988237 "WP" "23154-mmm" 1988 8 28 12 35 -6.289 -2.383 1.424 -0.7 0.305 0.154 21.9 22.547 1 69.0126387260854
"1719" "1988242EP12215-ULE" 1988242 "EP" "12215-ULE" 1988 9 2 0 110 -3.955 -2.172 0.63 -0.11 -0.121 -0.166 15.4 13.347 27 76.2257409320005
"1720" "1988242EP13262-KRI" 1988242 "EP" "13262-KRI" 1988 9 1 0 80 2.17 0.751 -0.756 -0.294 -0.13 -0.18 18.4 16.7 21 49.3870235773231
"1721" "1988245NA20269-DEB" 1988245 "NA" "20269-DEB" 1988 9 2 18 65 -2.356 1.766 -0.972 -0.05 -0.137 0.025 20.8 11.56 6 58.4733927372013
"1722" "1988246WP26134-mmm" 1988246 "WP" "26134-mmm" 1988 9 3 0 45 -1.002 -1.463 -0.663 -0.332 -0.34 -0.089 28.4 9.2 5 56.9333765599128
"1723" "1988247NA33300-ERN" 1988247 "NA" "33300-ERN" 1988 9 5 0 55 2.504 1.2 -0.987 -0.13 0.141 -0.13 43.1 22.02 11 50.6045992128910
"1724" "1988249WP18163-mmm" 1988249 "WP" "18163-mmm" 1988 9 11 12 105 -10.295 2.772 0.039 0.402 0.359 0.148 19.7 21.72 25 104.957963449832
"1725" "1988251NA13343-mmm" 1988251 "NA" "13343-mmm" 1988 9 8 12 50 -2.308 0.902 -0.03 -0.619 0.135 0.23 17.5 10.633 9 55.5599688760972
"1726" "1988251NA23268-FLO" 1988251 "NA" "23268-FLO" 1988 9 10 0 70 5.815 -0.157 -0.378 0.079 -0.199 -0.282 28.7 18.047 20 45.4127522974638
"1727" "1988253NA12306-GIL" 1988253 "NA" "12306-GIL" 1988 9 14 0 160 -10.713 2.113 0.42 0.187 -0.007 0.297 19.7 18.413 35 120.046547292269
"1728" "1988255WP21159-mmm" 1988255 "WP" "21159-mmm" 1988 9 13 12 55 -1.506 -0.889 0.764 -0.37 0.212 -0.041 25.2 22.527 15 60.9182532368873
"1729" "1988256WP16132-mmm" 1988256 "WP" "16132-mmm" 1988 9 14 12 45 -3.027 -2.909 -0.596 0.475 0.164 -0.326 18 21.213 5 61.1076168725532
"1730" "1988260WP15157-mmm" 1988260 "WP" "15157-mmm" 1988 9 21 18 55 -5.849 -1.617 -0.631 0.464 -0.054 -0.044 18.8 2.76 7 74.3838178864648
"1731" "1988263WP15126-mmm" 1988263 "WP" "15126-mmm" 1988 9 21 12 60 -8.773 1.776 0.738 -0.288 0.198 -0.364 21.4 19.8 15 89.1951731742611
"1732" "1988263WP19116-mmm" 1988263 "WP" "19116-mmm" 1988 9 22 12 45 -10.739 0.621 1.386 -0.853 0.315 0.202 17.9 19.507 5 86.74576672431
"1733" "1988264NA13328-HEL" 1988264 "NA" "13328-HEL" 1988 9 23 18 125 -5.246 0.891 0.572 1.057 -0.088 -0.208 15.3 14.927 29 92.525420319321
"1734" "1988265EP12218-WIL" 1988265 "EP" "12218-WIL" 1988 9 25 0 35 10.54 0.764 -0.111 -0.145 -0.125 -0.054 17 14.307 1 28.1564009512109
"1735" "1988265EP13263-LAN" 1988265 "EP" "13263-LAN" 1988 9 24 0 90 -1.463 2.613 -0.778 -0.242 0.039 0.135 17.2 16.653 19 57.8995761408562
"1736" "1988273NA09315-ISA" 1988273 "NA" "09315-ISA" 1988 10 1 0 40 -0.997 1.446 -1.45 -0.134 0.293 0.005 11.8 20.153 3 46.4979777189775
"1737" "1988274WP12142-mmm" 1988274 "WP" "12142-mmm" 1988 10 4 12 140 -9.333 2.564 2.359 0.985 -0.743 0.624 20 20.313 27 136.065581237468
"1738" "1988282WP17153-mmm" 1988282 "WP" "17153-mmm" 1988 10 14 12 90 -2.429 -2.719 -0.375 0.194 -0.054 0.274 23.6 20.727 25 70.9983024723482
"1739" "1988285NA09318-JOA" 1988285 "NA" "09318-JOA" 1988 10 22 6 125 -7.379 0.519 2.127 0.341 -0.313 0.304 11.9 0.453 89 159.513149488912
"1740" "1988290WP08145-mmm" 1988290 "WP" "08145-mmm" 1988 10 20 6 75 -11.828 1.432 0.142 -0.452 0.168 0.104 16.3 14.307 13 97.0451058915853
"1741" "1988291IO15095-mmm" 1988291 "IO" "15095-mmm" 1988 10 18 6 35 -3.746 0.698 -0.881 -0.232 -0.309 -0.073 18.4 12.12 1 60.4678437461087
"1742" "1988295WP10138-mmm" 1988295 "WP" "10138-mmm" 1988 10 24 12 125 -11.163 1.746 -0.491 0.058 -0.104 0.098 14.6 20.187 25 106.988578298593
"1743" "1988297EP12273-MIR" 1988297 "EP" "12273-MIR" 1988 10 24 0 60 0.871 0.725 0.489 0.653 -0.273 -0.172 13.1 18.033 7 54.9545930333288
"1744" "1988304SI08077-mmm" 1988304 "SI" "08077-mmm" 1988 11 2 18 75 -9.052 1.494 -0.463 -0.378 -0.266 -0.158 -11.9 23.227 23 90.6120830784881
"1745" "1988306WP15130-mmm" 1988306 "WP" "15130-mmm" 1988 11 5 12 65 -8.941 2.324 -0.913 -0.251 0.574 0.05 10.2 19.553 11 73.2368508047311
"1746" "1988308WP09140-mmm" 1988308 "WP" "09140-mmm" 1988 11 6 6 125 -13.02 3.821 -0.71 0.665 0.277 0.228 9.8 14.66 21 112.302531792534
"1747" "1988310SI08100-mmm" 1988310 "SI" "08100-mmm" 1988 11 16 6 100 -8.132 2.093 -0.531 0.464 0.174 0.064 -13.4 10.827 67 121.904547067562
"1748" "1988319IO08090-mmm" 1988319 "IO" "08090-mmm" 1988 11 18 12 55 -4.083 1.549 -0.401 -0.346 0.055 0.012 19.7 18.2 6 61.9641642820771
"1749" "1988323NA15286-KEI" 1988323 "NA" "15286-KEI" 1988 11 26 0 65 3.498 2.027 -0.481 0.263 0.214 -0.126 48 21.133 46 66.5504007460386
"1750" "1988327IO06100-mmm" 1988327 "IO" "06100-mmm" 1988 11 29 12 110 -4.564 1.215 0.459 -0.377 -0.025 -0.032 21.8 17.933 45 88.655896476241
"1751" "1988341IO08090-mmm" 1988341 "IO" "08090-mmm" 1988 12 7 12 45 1.359 0.393 0.021 -0.541 0.351 0.173 10.8 18.033 5 41.8814089229097
"1752" "1988347SI14126-mmm" 1988347 "SI" "14126-mmm" 1988 12 17 0 85 -5.276 -1.161 0.316 0.821 0.552 0.26 -18.3 7.687 29 84.0338953344381
"1753" "1988356WP05142-mmm" 1988356 "WP" "05142-mmm" 1988 12 24 0 55 -9.677 1.519 -0.501 0.053 0.324 -0.013 14.7 8.333 7 82.2982503111798
"1754" "1988364SP19147-mmm" 1988364 "SP" "19147-mmm" 1989 1 2 6 60 -4.116 1.215 0.118 -0.09 0.848 -0.082 -20.2 17 11 61.2341745695931
"1756" "1989006SI15044-mmm" 1989006 "SI" "15044-mmm" 1989 1 12 18 75 -6.307 1.197 -1.475 0.965 0.533 -0.355 -17.5 20.813 25 81.0129792446572
"1757" "1989010WP16212-mmm" 1989010 "WP" "16212-mmm" 1989 1 19 0 55 3.022 -5.204 -1.051 0.26 -0.328 -0.137 15.2 9.713 43 57.9136239157904
"1758" "1989018SI10082-mmm" 1989018 "SI" "10082-mmm" 1989 1 23 18 115 -7.323 1.055 -0.41 0.056 -0.058 -0.154 -19.5 23.42 27 90.3839491199554
"1759" "1989024SI11064-mmm" 1989024 "SI" "11064-mmm" 1989 1 28 18 90 -6.428 0.304 -0.089 0.078 -0.063 0.037 -19.6 21.84 25 86.3529332583687
"1760" "1989036SI11109-mmm" 1989036 "SI" "11109-mmm" 1989 2 9 6 75 -3.098 -3.504 1.537 0.231 0.67 0.166 -20.7 13.153 23 70.9843909187155
"1761" "1989037SP16164-mmm" 1989037 "SP" "16164-mmm" 1989 2 14 12 130 -4.962 0.378 1.958 0.912 0.524 -0.215 -19 22.527 51 105.301840061411
"1762" "1989045SI13101-mmm" 1989045 "SI" "13101-mmm" 1989 2 22 12 125 -7.67 0.634 -0.228 0.201 -0.016 -0.403 -13.8 17.493 41 100.145604163829
"1763" "1989048SI14076-mmm" 1989048 "SI" "14076-mmm" 1989 2 20 0 65 -7.33 0.833 -0.613 -0.12 -0.223 0.062 -18.6 4.833 17 83.3365910262639
"1764" "1989053SP15170-mmm" 1989053 "SP" "15170-mmm" 1989 2 27 0 100 -9.088 0.906 0.341 -0.383 -0.311 -0.283 -21.3 11.387 25 101.067506960368
"1766" "1989054SI17117-mmm" 1989054 "SI" "17117-mmm" 1989 2 24 0 45 -5.403 -0.965 0.218 0.251 0.203 -0.08 -20 7.82 3 69.8344177726477
"1768" "1989060SI09097-mmm" 1989060 "SI" "09097-mmm" 1989 3 3 6 35 -2.086 -0.824 -0.854 0.028 -0.412 -0.559 -17.7 12.627 1 57.294945551323
"1769" "1989067SI17041-mmm" 1989067 "SI" "17041-mmm" 1989 3 9 0 35 -5.798 -0.487 0.214 -0.219 0.13 -0.018 -22.3 2.767 1 68.6115924836257
"1770" "1989080SI16066-mmm" 1989080 "SI" "16066-mmm" 1989 3 26 12 65 -7.553 1.583 -0.197 0.413 0.448 -0.078 -19.5 15.34 13 81.327093166785
"1771" "1989084SI18122-mmm" 1989084 "SI" "18122-mmm" 1989 3 28 18 100 1.053 -4.457 0.441 0.691 -0.485 0.138 -20.3 1.273 19 63.509446304667
"1773" "1989089SP11158-mmm" 1989089 "SP" "11158-mmm" 1989 4 3 12 120 -6.649 -0.995 -0.036 -0.09 0.497 0.248 -17.9 21.92 21 77.2785493394048
"1775" "1989094SI05086-mmm" 1989094 "SI" "05086-mmm" 1989 4 7 0 45 -9.052 2.093 -0.496 0.185 0.265 0.128 -12.8 4.807 7 80.3552790939763
"1776" "1989096SP13159-mmm" 1989096 "SP" "13159-mmm" 1989 4 9 18 110 -7.035 -1.726 0.297 0.714 0.562 -0.165 -18 4.987 21 86.091573972939
"1777" "1989103WP07154-mmm" 1989103 "WP" "07154-mmm" 1989 4 21 0 140 -10.299 2.287 0.695 0.582 -0.629 0.249 12.6 9.727 29 122.959217607976
"1778" "1989106SI11128-mmm" 1989106 "SI" "11128-mmm" 1989 4 22 6 140 -7.375 0.852 1.276 0.511 -0.418 0.316 -17.4 13.747 33 109.965198065204
"1779" "1989122SP09162-mmm" 1989122 "SP" "09162-mmm" 1989 5 6 6 50 -7.419 1.891 -0.623 -0.057 0.338 0.126 -15.1 16.4 15 75.8622229213362
"1780" "1989126SP13178-mmm" 1989126 "SP" "13178-mmm" 1989 5 8 0 35 -9.558 1.535 0.113 -0.78 -0.365 -0.381 -12.2 11.073 1 79.56351273624
"1781" "1989134WP07138-mmm" 1989134 "WP" "07138-mmm" 1989 5 19 18 75 -4.192 -1.156 -0.104 0.322 0.356 0.325 19.8 1.68 29 76.5371819839787
"1782" "1989142WP12114-mmm" 1989142 "WP" "12114-mmm" 1989 5 24 12 75 -6.204 1.789 0.371 0.112 -0.103 0.206 15.8 19.28 17 81.1222521948892
"1783" "1989143IO17090-mmm" 1989143 "IO" "17090-mmm" 1989 5 26 12 55 -5.276 0.525 -0.168 -0.209 0.018 -0.012 21.3 17.82 19 75.25255369707
"1784" "1989152EP10246-ADO" 1989152 "EP" "10246-ADO" 1989 6 2 0 55 -5.73 0.648 -0.765 0.064 0.109 0.124 11.3 16.033 7 66.272131495876
"1785" "1989153WP04144-mmm" 1989153 "WP" "04144-mmm" 1989 6 9 0 100 -8.754 0.279 -0.295 0.449 0.239 0.117 16.6 7.573 29 98.121529411075
"1786" "1989159IO17072-mmm" 1989159 "IO" "17072-mmm" 1989 6 12 6 35 -5.949 0.084 0.765 -0.773 0.019 0.077 21.4 10.38 1 67.595288896184
"1787" "1989167EP13253-BAR" 1989167 "EP" "13253-BAR" 1989 6 18 6 70 -3.018 -1.383 -0.049 0.48 -0.056 -0.295 16.2 22.647 13 67.36287241551
"1788" "1989169EP13265-COS" 1989169 "EP" "13265-COS" 1989 6 22 0 75 -4.746 2.355 0.367 -0.925 0.32 0.213 15.6 17.38 17 63.9830863956343
"1789" "1989169WP16142-mmm" 1989169 "WP" "16142-mmm" 1989 6 23 0 35 -6.663 1.033 0.144 -0.529 0.243 -0.136 21 8.453 1 68.016013710061
"1791" "1989187WP15132-mmm" 1989187 "WP" "15132-mmm" 1989 7 8 12 60 -7.191 -0.879 0.118 0.079 0.656 0.34 16.9 20.16 11 73.9730600505411
"1793" "1989190WP20160-mmm" 1989190 "WP" "20160-mmm" 1989 7 15 6 140 -9.562 3.296 1.483 0.971 -0.274 0.493 17 14.34 27 122.818849264756
"1794" "1989191NA13322-BAR" 1989191 "NA" "13322-BAR" 1989 7 12 0 45 -1.811 -1.463 -0.828 0.226 -0.117 0.031 21.4 20.46 9 60.0366025330486
"1795" "1989193EP10251-DAL" 1989193 "EP" "10251-DAL" 1989 7 16 12 80 -3.749 -1.828 0.196 0.197 0.338 0.133 13.9 2.947 31 73.4666296522146
"1796" "1989194SI06095-mmm" 1989194 "SI" "06095-mmm" 1989 7 15 6 35 -3.213 -0.352 -0.142 -0.178 -0.367 -0.005 -15.2 12.28 1 60.2905119092224
"1797" "1989194WP13149-mmm" 1989194 "WP" "13149-mmm" 1989 7 18 18 55 -4.206 -1.067 -0.245 -0.641 -0.895 -0.33 25.8 2.347 17 76.9055499265364
"1798" "1989199WP05139-mmm" 1989199 "WP" "05139-mmm" 1989 7 23 18 55 -7.542 0.935 -0.7 -0.019 -0.161 -0.114 18.6 1.087 21 86.6039210433749
"1799" "1989200EP12236-ERI" 1989200 "EP" "12236-ERI" 1989 7 20 0 35 -0.28 -3.279 0.017 -0.006 0.122 0.23 14.9 15.3 1 49.4476359977647
"1800" "1989201WP11145-mmm" 1989201 "WP" "11145-mmm" 1989 7 25 12 95 -5.985 0.977 0.002 1.505 0.11 0.181 23.9 21.2 21 95.1560229191102
"1801" "1989205EP13260-FLO" 1989205 "EP" "13260-FLO" 1989 7 24 6 35 2.539 -0.378 -0.741 -0.556 -0.142 0.123 14.3 23.18 1 40.0618979494135
"1803" "1989210WP22132-mmm" 1989210 "WP" "22132-mmm" 1989 7 31 6 50 5.276 3.027 0.161 0.082 0.289 -0.156 29 14.833 10 42.004556137728
"1804" "1989211EP14259-GIL" 1989211 "EP" "14259-GIL" 1989 8 1 0 75 -2.968 1.719 -0.309 0.112 -0.053 -0.033 18.7 16.773 10 63.5659149885747
"1805" "1989211WP24153-mmm" 1989211 "WP" "24153-mmm" 1989 8 3 18 80 -1.16 1.085 1.919 0.646 -0.067 -0.417 26.5 3.667 19 74.6315071469443
"1806" "1989212NA23270-CHA" 1989212 "NA" "23270-CHA" 1989 8 1 6 70 -2.053 -3.035 -0.061 0.479 -0.011 -0.358 28.7 23.767 9 66.315661094988
"1807" "1989212NA15318-DEA" 1989212 "NA" "15318-DEA" 1989 8 7 0 90 -4.447 2.121 -0.377 0.221 0.294 -0.156 34 19.673 47 94.278669926529
"1808" "1989216WP06159-mmm" 1989216 "WP" "06159-mmm" 1989 8 14 12 75 -4.723 -0.788 0.242 0.325 -0.491 -0.093 23.7 22.12 17 83.5370485252442
"1809" "1989221WP10149-mmm" 1989221 "WP" "10149-mmm" 1989 8 13 18 75 -2.599 -0.175 -1.692 -0.786 -0.469 0.206 27.6 4.347 13 60.7967778453603
"1810" "1989227EP13261-ISM" 1989227 "EP" "13261-ISM" 1989 8 19 18 105 0.607 -4.313 0.413 0.349 0.402 0.194 18.7 10.213 33 61.4713314986556
"1811" "1989227WP16145-mmm" 1989227 "WP" "16145-mmm" 1989 8 16 12 35 1.261 -2.782 -1.423 -0.27 0.002 -0.218 21.5 21.913 1 43.9136133750269
"1812" "1989227EP13235-HEN" 1989227 "EP" "13235-HEN" 1989 8 16 12 45 -1.894 0.358 -1.586 -0.238 -0.465 0.109 17 3.187 9 56.7890275787195
"1814" "1989230NA14338-ERI" 1989230 "NA" "14338-ERI" 1989 8 24 12 90 -1.651 -1.443 -0.152 0.015 0.057 0.032 34.1 9.033 39 78.042389831494
"1815" "1989234EP16244-JUL" 1989234 "EP" "16244-JUL" 1989 8 23 0 55 0.369 -1.252 -0.395 -0.112 0.374 -0.347 18.9 16.027 7 48.0001678064469
"1816" "1989235WP26122-mmm" 1989235 "WP" "26122-mmm" 1989 8 27 0 50 -0.832 -0.502 -0.393 -0.012 -0.236 0.08 33.3 8.94 17 65.1148361791522
"1818" "1989238EP22253-KIK" 1989238 "EP" "22253-KIK" 1989 8 27 0 105 1.383 -3.11 -0.629 2.346 -0.705 0.359 23.5 16.713 11 69.5786647626132
"1819" "1989238NA17339-FEL" 1989238 "NA" "17339-FEL" 1989 9 5 18 75 -2.744 -0.722 0.876 -0.791 -0.127 0.219 36.7 14.78 46 87.122531095406
"1821" "1989241EP13265-MAN" 1989241 "EP" "13265-MAN" 1989 8 30 12 40 -6.432 -1.321 0.994 -1.295 -0.043 -0.001 14.9 5.24 7 67.3918546220134
"1824" "1989246WP16159-mmm" 1989246 "WP" "16159-mmm" 1989 9 11 12 125 -7.959 1.718 1.296 0.628 -0.403 0.182 23.3 20.133 39 123.804241170735
"1825" "1989252WP18152-mmm" 1989252 "WP" "18152-mmm" 1989 9 13 0 50 -3.547 -1.173 0.797 -1.145 -0.434 -0.082 36.6 10.6 25 78.3520009771854
"1826" "1989252EP11260-OCT" 1989252 "EP" "11260-OCT" 1989 9 13 0 115 -3.63 0.551 0.861 0.61 -0.576 0.644 20.9 16.413 23 86.3315165890826
"1827" "1989254NA13340-HUG" 1989254 "NA" "13340-HUG" 1989 9 15 18 140 -8.211 1.344 1.247 0.499 -0.359 0.645 14.6 14.36 33 112.132007946584
"1828" "1989254WP17145-mmm" 1989254 "WP" "17145-mmm" 1989 9 13 6 50 -8.322 -0.423 0.968 -1.068 -0.358 -0.304 20.8 15.167 7 82.0957435193612
"1829" "1989260NA11316-IRI" 1989260 "NA" "11316-IRI" 1989 9 19 12 60 -9.547 0.468 -0.174 0.115 0.541 0.086 19.2 8.12 13 86.8668222442079
"1830" "1989260WP22127-mmm" 1989260 "WP" "22127-mmm" 1989 9 19 0 65 -6.957 0.128 0.196 -0.514 -0.033 -0.208 30.3 8.573 9 80.1475016949397
"1833" "1989268EP14261-RAY" 1989268 "EP" "14261-RAY" 1989 10 1 0 125 -5.658 -1.279 1.534 -0.314 -0.39 0.174 17 16.44 35 94.0541534730362
"1834" "1989271WP14168-mmm" 1989271 "WP" "14168-mmm" 1989 10 5 12 80 -5.849 -0.16 1.283 0.663 0.228 0.429 21.9 21.587 29 94.5381445025726
"1835" "1989271WP12142-mmm" 1989271 "WP" "12142-mmm" 1989 10 5 6 130 -8.003 1.9 2.956 0.656 -0.397 0.363 18.1 14.26 45 135.209980783654
"1836" "1989272WP19120-mmm" 1989272 "WP" "19120-mmm" 1989 10 2 12 80 -7.873 3.714 2.486 0.254 0.279 -0.048 18.4 19.367 15 94.0220460280543
"1837" "1989279WP07151-mmm" 1989279 "WP" "07151-mmm" 1989 10 12 6 70 -8.922 1.486 -0.216 0.114 0.211 0.024 16.7 13.487 28 95.7906374609259
"1840" "1989286WP14137-mmm" 1989286 "WP" "14137-mmm" 1989 10 18 18 140 -8.752 3.893 3.388 0.529 -0.705 -0.388 16.4 2.273 35 135.815653297099
"1841" "1989291WP05158-mmm" 1989291 "WP" "05158-mmm" 1989 10 27 0 95 -6.945 6.522 2.422 0.609 0.468 -0.36 22.7 9.18 37 108.065174520864
"1842" "1989302SI05079-mmm" 1989302 "SI" "05079-mmm" 1989 10 31 0 35 -7.689 0.861 0.15 -0.447 -0.14 -0.07 -7.8 5.64 1 70.577571199322
"1843" "1989305WP07104-mmm" 1989305 "WP" "07104-mmm" 1989 11 8 18 140 -7.348 -1.123 0.21 -0.148 0.217 -0.075 14.8 23.36 55 104.437435933212
"1844" "1989309SI07100-mmm" 1989309 "SI" "07100-mmm" 1989 11 10 12 65 -5.925 0.793 -0.188 -0.535 -0.013 -0.157 -13.3 18.4 11 68.3144237159363
"1845" "1989314WP10152-mmm" 1989314 "WP" "10152-mmm" 1989 11 19 6 90 -8.316 4.688 1.183 1.893 0.008 -0.086 14.6 14.467 13 107.147349979930
"1846" "1989324WP17174-mmm" 1989324 "WP" "17174-mmm" 1989 11 30 0 140 -11.361 3.428 0.612 0.468 -0.287 0.017 13.2 8.947 29 123.337413504464
"1849" "1989346SI10133-mmm" 1989346 "SI" "10133-mmm" 1989 12 15 6 60 -4.322 -1.3 -0.212 0.269 0.177 0.157 -16.3 15.367 4 64.0852476321551
"1850" "1989349SI08065-mmm" 1989349 "SI" "08065-mmm" 1989 12 20 18 135 -8.979 1.881 -0.314 0.029 0.1 0.04 -10.9 21.707 23 89.8368396247274
"1851" "1989354WP05155-mmm" 1989354 "WP" "05155-mmm" 1989 12 25 18 125 -8.579 0.971 2.078 0.587 -0.537 0.61 13.7 3.88 21 111.727079144770
"1852" "1989364SI05095-mmm" 1989364 "SI" "05095-mmm" 1990 1 5 12 85 -7.031 3.315 1.761 0.359 0.081 -0.453 -18.2 17.627 23 95.3844478036916
"1853" "1990008WP01172-mmm" 1990008 "WP" "01172-mmm" 1990 1 15 0 75 -3.891 -0.287 -0.85 0.485 -0.276 -0.157 15.5 9.72 15 70.9245200448134
"1854" "1990012SI13128-mmm" 1990012 "SI" "13128-mmm" 1990 1 15 18 50 -4.424 -0.941 -0.709 0.475 -0.083 -0.159 -15.9 1.533 15 71.7762227323853
"1855" "1990024SI15115-mmm" 1990024 "SI" "15115-mmm" 1990 1 26 18 45 -3.127 0.653 -0.488 -0.1 -0.208 0.096 -18.6 1.493 7 62.1466541882565
"1856" "1990027SP18156-mmm" 1990027 "SP" "18156-mmm" 1990 1 31 18 65 -4.638 -4.016 1.97 -0.854 0.631 0.567 -21.2 4.707 23 71.0673215132866
"1861" "1990056SI11125-mmm" 1990056 "SI" "11125-mmm" 1990 3 4 12 70 -4.438 2.378 1.544 0.745 0.153 -0.093 -22.8 19.307 19 84.3930987524301
"1862" "1990058SI16075-mmm" 1990058 "SI" "16075-mmm" 1990 3 6 6 100 -6.666 0.863 0.864 -0.259 0.408 0.041 -20.8 10.08 35 89.7300615915502
"1864" "1990060SP15170-mmm" 1990060 "SP" "15170-mmm" 1990 3 6 18 60 -12.032 1.077 0.239 -0.387 0.321 0.184 -19.4 4.493 19 103.323611939832
"1866" "1990065SI07083-mmm" 1990065 "SI" "07083-mmm" 1990 3 9 0 45 3.054 1.241 -0.478 0.047 -0.114 -0.005 -15 5.073 8 43.9986365171865
"1867" "1990070SI12098-mmm" 1990070 "SI" "12098-mmm" 1990 3 18 0 110 -4.848 1.63 1.571 -0.127 0.129 -0.102 -16.5 5.447 35 85.8096141012591
"1868" "1990073SP13170-mmm" 1990073 "SP" "13170-mmm" 1990 3 18 6 75 -11.898 1.521 -0.051 -0.823 -0.108 -0.084 -13.9 15.847 15 96.4286300040365
"1869" "1990074SI12115-mmm" 1990074 "SI" "12115-mmm" 1990 3 20 0 130 -5.142 0.399 2.569 -0.265 -0.879 -0.007 -17 6.687 31 99.2917212717333
"1870" "1990076SP12165-mmm" 1990076 "SP" "12165-mmm" 1990 3 23 18 40 -10.686 1.726 -0.617 0.171 0.339 0.268 -23.3 6.2 15 97.1070825494795
"1871" "1990101SI07048-mmm" 1990101 "SI" "07048-mmm" 1990 4 12 18 45 -4.31 -0.322 0.178 -0.683 -0.027 0.203 -12 21.073 5 59.688787816917
"1872" "1990102SI11092-mmm" 1990102 "SI" "11092-mmm" 1990 4 15 12 40 -4.576 -1.197 0.697 -0.53 -0.128 -0.139 -16.6 18.073 3 64.442701800368
"1874" "1990117WP04152-mmm" 1990117 "WP" "04152-mmm" 1990 4 28 18 35 -4.031 -1.507 0.068 -0.703 -0.299 -0.293 8 4.093 1 57.4171325186902
"1875" "1990124IO09088-mmm" 1990124 "IO" "09088-mmm" 1990 5 8 6 125 -6.041 2.897 0.081 0.592 -0.184 0.231 13.5 11.44 25 87.9320037903823
"1876" "1990129WP05138-mmm" 1990129 "WP" "05138-mmm" 1990 5 17 12 90 -6.382 -0.268 0.011 -0.477 -0.574 -0.208 17.1 19.513 15 80.1390133596149
"1877" "1990130SI03081-mmm" 1990130 "SI" "03081-mmm" 1990 5 17 12 55 -9.465 2.486 -1.035 0.002 0.13 0.07 -8.2 15.633 43 100.838148326013
"1878" "1990133EP09259-ALM" 1990133 "EP" "09259-ALM" 1990 5 16 6 75 -2.214 -3.59 1.273 -0.599 -0.04 -0.055 13.4 22.193 19 62.7692582460665
"1879" "1990154EP11260-BOR" 1990154 "EP" "11260-BOR" 1990 6 5 12 80 -5.097 -0.204 -0.907 0.366 -0.194 0.149 16.7 4.44 13 73.3348977617297
"1880" "1990160EP12250-CRI" 1990160 "EP" "12250-CRI" 1990 6 12 6 55 -2.993 -3.608 0.815 0.374 0.275 -0.255 15 22.407 23 70.6279774532678
"1881" "1990163WP08133-mmm" 1990163 "WP" "08133-mmm" 1990 6 17 12 55 -6.949 -1.233 -0.239 -0.092 0.422 0.244 19 19.42 9 72.6354238653022
"1883" "1990166WP06141-mmm" 1990166 "WP" "06141-mmm" 1990 6 22 18 90 -6.146 1.259 -1.687 -0.413 0.239 0.168 21.3 2.113 39 81.1929881340736
"1884" "1990170EP14260-DOU" 1990170 "EP" "14260-DOU" 1990 6 21 0 55 -3.095 -0.81 -0.01 0.35 0.424 0.098 16.7 17.087 11 62.2556339921208
"1885" "1990171WP11148-mmm" 1990171 "WP" "11148-mmm" 1990 6 25 6 115 -8.163 1.144 0.115 0.234 -0.051 0.022 12.4 14.667 33 98.5923504784698
"1886" "1990177EP14257-ELI" 1990177 "EP" "14257-ELI" 1990 6 28 6 70 -2.608 -1.389 -1.344 -0.016 -0.308 0.397 18.6 22.613 13 62.075470948337
"1887" "1990180WP09159-mmm" 1990180 "WP" "09159-mmm" 1990 7 9 12 45 -4.338 -0.612 -0.157 0.125 0.015 -0.154 23.2 20.26 9 69.699213372738
"1888" "1990187EP13258-FAU" 1990187 "EP" "13258-FAU" 1990 7 8 18 75 -1.37 2.67 -0.281 0.366 -0.651 0.112 18.9 10.66 15 66.9401065764184
"1889" "1990191EP10266-GEN" 1990191 "EP" "10266-GEN" 1990 7 15 12 90 0.797 -3.967 0.352 0.878 0.017 0.052 20.2 4.2 31 66.7785593630845
"1890" "1990201EP12254-HER" 1990201 "EP" "12254-HER" 1990 7 23 12 135 -4.034 0.292 0.235 0.576 -0.004 -0.167 17.3 4.187 21 76.966560538194
"1892" "1990203NA09318-ART" 1990203 "NA" "09318-ART" 1990 7 25 18 60 -4.111 -0.886 -0.705 0.491 0.174 -0.176 13.1 13.753 11 65.4777120583344
"1893" "1990203WP16127-mmm" 1990203 "WP" "16127-mmm" 1990 7 30 18 55 -7.151 1.153 -0.526 -0.526 -0.013 0.012 22.5 1.7 19 80.3413081359668
"1894" "1990205WP16141-mmm" 1990205 "WP" "16141-mmm" 1990 7 28 6 115 -5.779 -1.024 0.413 0.267 -0.17 0.122 22.9 15.66 19 85.9108291522786
"1895" "1990206NA34285-BER" 1990206 "NA" "34285-BER" 1990 7 31 0 70 3.161 3.18 0.991 -0.392 0.597 0.265 36.6 19.533 25 52.0094109643801
"1896" "1990208WP18132-mmm" 1990208 "WP" "18132-mmm" 1990 8 1 6 95 -4.697 1.176 2.388 1.429 -0.737 0.483 24.7 15.28 25 112.084720313038
"1897" "1990212NA10338-CES" 1990212 "NA" "10338-CES" 1990 8 2 6 45 0.669 -3.84 0.285 1.071 0.493 -0.323 16.1 3.767 3 51.5749925970675
"1898" "1990215NA38337-EDO" 1990215 "NA" "38337-EDO" 1990 8 3 18 40 6.254 1.928 -0.009 0.164 0.428 0.023 39.5 16.407 3 39.5860330456263
"1899" "1990216NA13281-DIA" 1990216 "NA" "13281-DIA" 1990 8 7 18 85 -8.489 2.784 -1.339 -0.182 0.227 -0.007 20.9 11.547 23 85.425943319794
"1900" "1990216WP29125-mmm" 1990216 "WP" "29125-mmm" 1990 8 9 12 65 -2.936 0.042 0.56 0.454 -0.58 0.243 32.3 21.16 19 83.8702453230742
"1901" "1990219EP10214-AKA" 1990219 "EP" "10214-AKA" 1990 8 10 6 45 -9.005 1.63 -0.876 -0.056 0.105 0.107 11.1 19.127 14 81.7470027365687
"1902" "1990221WP07162-mmm" 1990221 "WP" "07162-mmm" 1990 8 18 0 90 -6.034 2.682 -2.25 -0.922 -0.169 0.837 21.8 8.313 31 74.6813756903278
"1904" "1990224NA09328-FRA" 1990224 "NA" "09328-FRA" 1990 8 13 18 35 -3.213 0.351 0.096 -0.108 -0.257 0.117 9 14.427 1 58.3897502887617
"1905" "1990228WP15141-mmm" 1990228 "WP" "15141-mmm" 1990 8 21 6 100 -1.96 -0.347 1.614 1.16 0.056 -0.119 28.3 14.987 28 85.882931344931
"1906" "1990229EP11261-JUL" 1990229 "EP" "11261-JUL" 1990 8 21 6 100 -4.58 -0.613 2.156 0.395 -0.121 0.581 16.7 22.033 25 87.9232020804086
"1907" "1990232WP13141-mmm" 1990232 "WP" "13141-mmm" 1990 8 27 12 70 -7.627 2.281 -0.251 0.696 -0.452 -0.117 17.7 19.76 21 98.3086841568394
"1908" "1990234EP14248-KEN" 1990234 "EP" "14248-KEN" 1990 8 26 0 75 -2.314 -2.514 -0.775 0.262 0.026 0.15 15.8 15.38 31 69.0031832509172
"1909" "1990235WP10152-mmm" 1990235 "WP" "10152-mmm" 1990 8 30 0 90 -6.49 8.541 1.95 -0.575 1.349 -0.334 25.2 8.32 41 85.7378048494973
"1910" "1990236EP14264-LOW" 1990236 "EP" "14264-LOW" 1990 8 27 6 65 -1.095 -2.616 -0.577 -0.651 -0.315 -0.067 19.5 22.5 13 55.783816540276
"1912" "1990237NA13325-HOR" 1990237 "NA" "13325-HOR" 1990 8 28 6 55 -6.676 -1.506 1.561 -1.153 0.076 0.248 21.7 3.093 17 78.0130262526353
"1913" "1990245WP16149-mmm" 1990245 "WP" "16149-mmm" 1990 9 6 18 75 -6.461 2.638 1.389 0.317 -0.716 0.007 21 2.36 21 100.376039372733
"1914" "1990245WP20123-mmm" 1990245 "WP" "20123-mmm" 1990 9 4 12 45 0.117 -2.785 -1.04 -0.241 0.137 0.281 27.2 20.013 5 49.7695971355084
"1915" "1990247NA07337-ISI" 1990247 "NA" "07337-ISI" 1990 9 7 12 85 -4.592 -0.937 1.35 -0.708 0.088 -0.023 18.5 9.493 17 70.7834163338269
"1916" "1990250WP13157-mmm" 1990250 "WP" "13157-mmm" 1990 9 16 18 90 -7.185 0.964 -0.806 -0.496 0.364 -0.214 16 1.533 45 88.1506469893245
"1917" "1990251EP12238-MAR" 1990251 "EP" "12238-MAR" 1990 9 11 0 120 -6 0.883 1.977 1.128 -0.619 0.666 14.8 15.193 21 103.814512430685
"1918" "1990251WP06171-mmm" 1990251 "WP" "06171-mmm" 1990 9 17 6 145 -7.928 2.217 1.584 1.067 -0.869 0.67 25.6 14.593 31 132.717848785013
"1920" "1990261WP12141-mmm" 1990261 "WP" "12141-mmm" 1990 9 26 18 80 -3.957 -2.205 1.014 -0.295 -0.205 -0.41 24.7 2.407 23 78.8006431811861
"1922" "1990264NA14328-JOS" 1990264 "NA" "14328-JOS" 1990 10 5 18 75 -4.273 1.929 -0.178 1.17 -0.194 -0.091 34.1 15.44 48 110.973224853143
"1923" "1990267EP13252-ODI" 1990267 "EP" "13252-ODI" 1990 9 26 12 125 -8.086 1.954 1.414 0.123 -0.256 0.04 15.2 3.86 20 97.5827482959105
"1924" "1990270EP14261-RAC" 1990270 "EP" "14261-RAC" 1990 10 2 0 55 -4.689 -1.559 0.004 -0.649 -0.138 -0.046 20.3 16.527 15 69.2602621101023
"1925" "1990271WP13153-mmm" 1990271 "WP" "13153-mmm" 1990 10 4 0 90 -7.106 0.377 0.176 -0.658 -0.39 -0.232 22.1 8.833 21 86.4768431023432
"1927" "1990272WP11121-mmm" 1990272 "WP" "11121-mmm" 1990 10 2 12 35 -3.645 4.456 -0.303 0.194 0.56 -0.067 13.5 19.473 1 56.0766398648613
"1928" "1990277NA16301-KLA" 1990277 "NA" "16301-KLA" 1990 10 5 12 70 -5.519 -1.94 -0.2 0.623 0.248 -0.29 17.2 7.92 15 76.3449861305206
"1929" "1990279NA36316-LIL" 1990279 "NA" "36316-LIL" 1990 10 11 0 65 4.532 -1.126 2.118 0.482 0.166 0.462 31.2 20.273 39 62.5054904230144
"1930" "1990282EP15250-SIM" 1990282 "EP" "15250-SIM" 1990 10 11 12 60 1.862 -3.484 -0.647 0.425 -0.405 -0.268 17.9 4 13 52.8785118861006
"1932" "1990283WP15129-mmm" 1990283 "WP" "15129-mmm" 1990 10 13 18 35 -2.911 -2.39 -0.275 0.03 0.121 0.188 13.1 1.34 1 55.9582871253568
"1933" "1990287WP13156-mmm" 1990287 "WP" "13156-mmm" 1990 10 19 0 90 -6.547 -1.083 0.409 0.073 0.581 0.131 19.9 9.567 19 78.5587289410676
"1935" "1990288WP15118-mmm" 1990288 "WP" "15118-mmm" 1990 10 18 0 40 -10.711 2.856 -1.054 -0.454 -0.087 -0.025 13.7 7.333 5 83.4201282881743
"1936" "1990289NA22300-NAN" 1990289 "NA" "22300-NAN" 1990 10 18 6 75 3.336 2.174 -0.582 0.288 -0.613 0.205 24.1 1.747 13 51.348405302564
"1937" "1990289EP10261-TRU" 1990289 "EP" "10261-TRU" 1990 10 20 12 135 -6.465 2.116 1.327 0.498 -0.609 0.322 15.5 4.6 25 100.297928358075
"1938" "1990295EP11261-VAN" 1990295 "EP" "11261-VAN" 1990 10 26 0 85 -6.013 -1.138 0.218 0.357 0.78 0.122 17.9 16.807 25 78.3566318107501
"1940" "1990309WP08167-mmm" 1990309 "WP" "08167-mmm" 1990 11 26 12 140 -11.531 5.48 1.168 0.875 0.05 -0.068 13.1 20.6 37 134.608347759901
"1941" "1990310WP07152-mmm" 1990310 "WP" "07152-mmm" 1990 11 10 18 150 -10.183 1.048 0.482 0.126 0.263 0.183 7.9 2.94 23 96.4814862855567
"1942" "1990312WP12121-mmm" 1990312 "WP" "12121-mmm" 1990 11 11 12 50 -1.105 -0.016 -1.67 0.841 -0.426 0.466 12.7 19.44 5 57.0061535099693
"1943" "1990319WP07197-mmm" 1990319 "WP" "07197-mmm" 1990 11 27 6 140 -9.888 2.248 0.799 1.169 -0.401 0.621 8.2 16.133 49 139.878658104377
"1944" "1990327SP07175-mmm" 1990327 "SP" "07175-mmm" 1990 11 27 0 125 -7.198 1.61 1.39 1.807 -0.255 0.827 -16.6 11.653 17 108.486802308391
"1945" "1990334SI08078-mmm" 1990334 "SI" "08078-mmm" 1990 12 3 6 55 -7.607 1.505 -0.916 0.251 -0.127 0.018 -14.8 11.28 4 76.4166827021732
"1946" "1990343SI10128-mmm" 1990343 "SI" "10128-mmm" 1990 12 11 18 35 -3.369 -0.6 -1.244 0.389 -0.594 -0.364 -13.9 2.527 1 62.7080683659641
"1947" "1990347WP05173-mmm" 1990347 "WP" "05173-mmm" 1990 12 19 6 125 -9.053 3.042 1.365 0.764 0.021 0.095 11.2 15.96 39 118.186584023102
"1948" "1990348IO04087-mmm" 1990348 "IO" "04087-mmm" 1990 12 16 18 45 -5.525 0.994 -0.735 0.316 0.408 0.048 14.8 23.753 9 67.067539712588
"1949" "1990350SP11165-mmm" 1990350 "SP" "11165-mmm" 1990 12 23 0 90 -6.543 1.565 0.535 1.062 0.165 0.06 -16 9.773 29 96.4408506603393
"1950" "1991009SI08081-mmm" 1991009 "SI" "08081-mmm" 1991 1 15 0 65 -7.03 0.713 -0.639 0.396 0.368 0.234 -13.4 5.42 11 74.4885295777676
"1951" "1991013SI04096-mmm" 1991013 "SI" "04096-mmm" 1991 1 29 18 130 -8.796 2.296 0.05 -0.053 0.414 -0.153 -17.7 22.12 55 112.344693421237
"1952" "1991015IO02087-mmm" 1991015 "IO" "02087-mmm" 1991 1 17 12 35 0.109 1.288 -1.039 -0.044 0.11 0.156 3.7 17.033 1 43.3191588351472
"1953" "1991046SP18150-mmm" 1991046 "SP" "18150-mmm" 1991 2 23 18 60 -2.458 -1.256 -1.299 0.574 -0.084 -0.061 -20.5 1.587 11 63.413259666223
"1954" "1991047SI15119-mmm" 1991047 "SI" "15119-mmm" 1991 2 18 12 50 -7.11 -0.824 -0.518 0.134 -0.068 -0.076 -15.5 19.973 13 79.4318720447973
"1955" "1991047SI16041-mmm" 1991047 "SI" "16041-mmm" 1991 2 17 12 50 -8.483 1.977 -0.462 -0.379 -0.208 -0.095 -19.8 14.947 7 81.4510594821727
"1956" "1991054SI24037-mmm" 1991054 "SI" "24037-mmm" 1991 2 26 6 90 -2.596 -0.519 1.816 -0.687 0.291 -0.165 -25.5 8.52 18 66.34374502234
"1957" "1991056SP12145-mmm" 1991056 "SP" "12145-mmm" 1991 2 25 18 55 1.72 -0.214 -0.129 -0.202 0.157 -0.107 -16.5 4.033 7 45.325511606678
"1958" "1991057SI12086-mmm" 1991057 "SI" "12086-mmm" 1991 2 28 0 60 -2.742 -1.752 0.179 0.228 0.175 -0.033 -16.1 5.853 11 62.5422154962194
"1960" "1991062WP04156-mmm" 1991062 "WP" "04156-mmm" 1991 3 9 18 60 -9.72 0.275 0.001 -0.305 -0.009 -0.141 6.2 3.22 21 89.2028345553852
"1962" "1991077WP03165-mmm" 1991077 "WP" "03165-mmm" 1991 3 23 18 70 -5.112 1.779 3.172 0.863 -0.115 0.171 16.6 4.193 19 94.7865416241548
"1963" "1991080SI06092-mmm" 1991080 "SI" "06092-mmm" 1991 3 26 12 90 -6.911 -0.26 0.791 -0.468 0.174 0.086 -11.8 17.373 31 84.4189272339241
"1964" "1991083SI10100-mmm" 1991083 "SI" "10100-mmm" 1991 3 25 18 110 -7.692 1.288 -0.255 -0.306 -0.698 -0.221 -10.5 0.66 9 81.1241132524906
"1965" "1991099SI10132-mmm" 1991099 "SI" "10132-mmm" 1991 4 13 18 95 -7.949 0.622 0.029 0.275 0.082 0.238 -14.1 1.987 21 88.9184764728868
"1966" "1991105SI12103-mmm" 1991105 "SI" "12103-mmm" 1991 4 18 0 55 -6.636 1.059 -0.492 -0.515 -0.251 0.156 -15.7 6.82 11 73.3560348291781
"1967" "1991111WP04145-mmm" 1991111 "WP" "04145-mmm" 1991 4 26 18 45 2.357 -3.875 -1.478 -0.025 -0.911 -0.517 12.7 1.613 7 47.0913359963753
"1968" "1991113IO10091-mmm" 1991113 "IO" "10091-mmm" 1991 4 29 12 140 -5.206 3.355 0.952 0.541 0.035 -0.08 20.6 18.047 39 97.081448054725
"1969" "1991124WP05152-mmm" 1991124 "WP" "05152-mmm" 1991 5 12 6 140 -9.08 4.643 1.398 1.635 -0.719 0.333 14.8 14.707 43 149.041818839545
"1970" "1991127SP07155-mmm" 1991127 "SP" "07155-mmm" 1991 5 10 6 80 -8.222 -0.021 -0.151 -0.347 0.256 0.085 -15.6 16.44 15 79.5784575864455
"1971" "1991136EP11238-AND" 1991136 "EP" "11238-AND" 1991 5 17 12 55 -2.581 -2.16 0.682 -0.176 0.052 -0.132 10.7 3.8 5 57.4126578684441
"1972" "1991150IO14091-mmm" 1991150 "IO" "14091-mmm" 1991 6 2 0 50 -3.548 2.023 0.919 -0.893 -0.14 -0.069 22.1 6.067 7 63.0802051276724
"1973" "1991158SI09080-mmm" 1991158 "SI" "09080-mmm" 1991 6 9 18 40 -4.41 0.01 -0.22 -0.359 -0.098 0.176 -10.4 22.66 5 60.9353209580797
"1974" "1991163WP11127-mmm" 1991163 "WP" "11127-mmm" 1991 6 14 6 105 -1.635 -1.183 -1.353 -0.118 -0.315 0.262 14.5 14.24 15 57.7813274447012
"1975" "1991166EP10257-BLA" 1991166 "EP" "10257-BLA" 1991 6 20 0 55 -1.902 -1.805 -0.294 0.353 -0.053 -0.084 12.6 15.9 25 66.0608446582575
"1977" "1991174EP13259-DEL" 1991174 "EP" "13259-DEL" 1991 6 25 18 75 2.011 -4.355 0.764 0.437 0.253 -0.311 17.8 10.887 15 52.049311630718
"1978" "1991181NA26282-ANA" 1991181 "NA" "26282-ANA" 1991 7 4 6 45 4.112 -1.006 0.758 0.082 -0.075 0.213 37.1 1.48 4 48.2211280929004
"1979" "1991187WP06139-mmm" 1991187 "WP" "06139-mmm" 1991 7 12 18 80 -7.358 -0.599 -0.423 0.606 0.576 0.26 18.4 1.387 19 82.9093994361701
"1980" "1991194WP11147-mmm" 1991194 "WP" "11147-mmm" 1991 7 18 12 125 -9.23 2.274 -1.376 0.875 0.006 -0.123 20.5 20.16 21 99.8189217858805
"1981" "1991196WP06153-mmm" 1991196 "WP" "06153-mmm" 1991 7 22 6 70 -8.059 1.738 -0.419 -0.273 0.276 -0.04 17.6 14.133 11 77.0465612200832
"1982" "1991197EP09248-ENR" 1991197 "EP" "09248-ENR" 1991 7 17 6 65 -6.675 -1.298 0.04 0.181 0.597 0.193 12.6 21.9 11 71.1997099782817
"1983" "1991200WP05157-mmm" 1991200 "WP" "05157-mmm" 1991 7 27 18 95 -6.11 0.458 -0.268 -0.452 -0.215 -0.113 27.1 2.447 33 89.9386880726228
"1984" "1991210EP11253-FEF" 1991210 "EP" "11253-FEF" 1991 8 2 0 105 -4.166 -1.517 1.221 0.445 -0.165 -0.047 16.6 15.82 27 84.6283844267903
"1986" "1991219WP25165-mmm" 1991219 "WP" "25165-mmm" 1991 8 9 12 35 0.876 -0.784 -0.767 -0.835 -0.072 0.019 29.8 22.553 1 46.1174652648359
"1988" "1991220WP20160-mmm" 1991220 "WP" "20160-mmm" 1991 8 14 18 85 0.314 -5.259 0.094 0.342 -0.396 -0.059 26.2 3.127 37 73.0845277442801
"1989" "1991220WP10133-mmm" 1991220 "WP" "10133-mmm" 1991 8 16 0 95 -7.013 2.034 -0.832 -0.384 0.234 0.451 20.2 7.353 21 77.4756359523762
"1991" "1991226WP18159-mmm" 1991226 "WP" "18159-mmm" 1991 8 21 6 65 -4.414 0.747 -1.09 0.225 -0.174 -0.329 29 14.667 37 87.695712472779
"1994" "1991239WP20133-mmm" 1991239 "WP" "20133-mmm" 1991 8 30 6 40 -1.94 -0.735 0.145 -0.042 -0.077 -0.101 31.2 15.047 3 61.865746696437
"1995" "1991243WP05172-mmm" 1991243 "WP" "05172-mmm" 1991 9 7 6 115 -5.655 1.009 -0.098 1.032 -0.769 0.043 26.3 15.267 35 110.994219688822
"1996" "1991244WP19126-mmm" 1991244 "WP" "19126-mmm" 1991 9 6 12 55 -6.305 1.532 -1.171 0.039 0.258 0.239 22.6 19.687 13 73.2141548681021
"1997" "1991248NA27304-CLA" 1991248 "NA" "27304-CLA" 1991 9 7 12 115 -3.306 -2.461 2.381 -0.323 -0.244 0.26 27.2 7.887 17 78.5513176322097
"1998" "1991250NA10334-DAN" 1991250 "NA" "10334-DAN" 1991 9 9 6 45 -1.857 -0.181 0.341 -0.408 -0.225 0.062 11.8 3.36 7 56.1774791832173
"1999" "1991251WP12138-mmm" 1991251 "WP" "12138-mmm" 1991 9 13 0 90 -7.386 1.149 0.712 -0.004 -0.288 0.47 26.8 8.52 17 94.537641828769
"2000" "1991252NA24311-ERI" 1991252 "NA" "24311-ERI" 1991 9 10 12 50 1.81 -2.756 0.606 0.45 0.306 0.006 34.7 8.927 7 54.0907556387054
"2001" "1991253SI09080-mmm" 1991253 "SI" "09080-mmm" 1991 9 12 6 45 -2.597 -1.048 -0.003 0.293 -0.248 -0.299 -11.3 11.4 7 61.8160858738708
"2002" "1991256WP14148-mmm" 1991256 "WP" "14148-mmm" 1991 9 17 6 50 5.555 2.409 -0.813 0.343 0.175 0.125 24 14.747 17 42.2100583588939
"2003" "1991257WP12172-mmm" 1991257 "WP" "12172-mmm" 1991 9 22 12 130 -6.594 2.114 1.071 0.706 0.011 0.225 16.3 20.873 55 117.253891647190
"2004" "1991258WP20124-mmm" 1991258 "WP" "20124-mmm" 1991 9 22 6 110 -3.908 -1.253 0.791 -0.25 0.489 0.278 21.7 14.233 47 83.5165182444551
"2005" "1991259EP14258-IGN" 1991259 "EP" "14258-IGN" 1991 9 17 12 55 -4.954 -0.88 -0.645 0.05 0.149 0.246 17.5 5.1 7 65.7418910301191
"2006" "1991264EP10260-JIM" 1991264 "EP" "10260-JIM" 1991 9 23 18 115 -5.434 -1.187 0.898 -0.259 -0.138 -0.401 13.4 10.74 17 75.9643602138466
"2007" "1991268EP12264-KEV" 1991268 "EP" "12264-KEV" 1991 10 1 0 125 -6.128 0.497 2.745 -0.513 -0.172 -0.143 17.6 16.533 43 102.908297454576
"2008" "1991274WP14149-mmm" 1991274 "WP" "14149-mmm" 1991 10 7 6 115 -7.831 3.387 1.669 1.133 0.066 0.032 19.5 14.733 31 114.531650615834
"2009" "1991274WP08164-mmm" 1991274 "WP" "08164-mmm" 1991 10 8 6 125 -6.889 1.882 -0.303 -0.226 0.355 0.166 18.4 16.08 25 80.197819249014
"2010" "1991277EP13251-LIN" 1991277 "EP" "13251-LIN" 1991 10 5 18 105 -2.399 -1.008 -0.212 0.319 0.197 -0.198 16.7 10.76 15 62.7200993574121
"2011" "1991281EP12265-MAR" 1991281 "EP" "12265-MAR" 1991 10 11 12 70 -4.441 -2.448 0.253 0.788 1.054 0.111 17.3 4.773 23 71.4208700265944
"2012" "1991285SI08064-mmm" 1991285 "SI" "08064-mmm" 1991 10 18 0 35 -2.852 -1.969 0.659 -0.01 0.221 -0.135 -11.1 3.493 1 56.4450561718563
"2013" "1991288NA19274-FAB" 1991288 "NA" "19274-FAB" 1991 10 15 18 40 -2.03 -0.698 -0.757 -0.054 -0.174 0.24 21.2 12.46 3 57.129880075316
"2014" "1991289WP06156-mmm" 1991289 "WP" "06156-mmm" 1991 10 24 6 145 -8.376 2.992 1.603 2.053 -0.527 0.799 14.7 14.953 27 131.430275726297
"2015" "1991299NA27295-GRA" 1991299 "NA" "27295-GRA" 1991 10 29 12 85 0.181 -2.325 -0.934 -0.012 -0.438 -0.177 31.5 7.787 27 65.638548879224
"2016" "1991300WP06149-mmm" 1991300 "WP" "06149-mmm" 1991 11 4 12 45 -1.998 -2.578 -0.19 0.004 -0.242 -0.102 12.1 20.427 5 57.0774575322784
"2017" "1991301WP08173-mmm" 1991301 "WP" "08173-mmm" 1991 11 3 18 130 -8.712 2.54 0.708 0.524 -0.278 0.181 15.9 3.68 23 104.866668962163
"2019" "1991307WP06177-mmm" 1991307 "WP" "06177-mmm" 1991 11 8 18 55 -7.965 -1.363 0.97 -0.436 0.386 0.115 16.4 3.907 13 79.5001686027811
"2020" "1991311EP10256-NOR" 1991311 "EP" "10256-NOR" 1991 11 9 18 90 -1.74 -1.707 0.078 1.017 -0.377 0.38 13.3 10.447 19 71.2571936642843
"2021" "1991313IO10095-mmm" 1991313 "IO" "10095-mmm" 1991 11 14 18 40 -3.394 -0.309 0.027 0.035 0.391 0.137 11 23.353 7 58.0206938332906
"2022" "1991317SP07164-mmm" 1991317 "SP" "07164-mmm" 1991 11 18 6 95 -9.292 -0.049 0.294 -0.978 -0.154 -0.262 -13.4 17.267 29 92.6534563458884
"2023" "1991317WP09141-mmm" 1991317 "WP" "09141-mmm" 1991 11 16 0 45 -6.541 -2.337 0.903 0.004 0.719 0.222 12.7 8.347 9 69.9916581522389
"2024" "1991320WP06171-mmm" 1991320 "WP" "06171-mmm" 1991 11 27 6 150 -10.295 3.99 1.016 1.345 -0.166 0.462 11.6 15.7 31 127.989650786085
"2025" "1991324SI08074-mmm" 1991324 "SI" "08074-mmm" 1991 11 23 18 45 -8.791 1.637 -0.398 -0.022 0.165 0.055 -14.2 22.793 9 80.6812155364315
"2026" "1991329WP04181-mmm" 1991329 "WP" "04181-mmm" 1991 11 30 12 80 -5.427 -2.747 0.383 0.305 0.511 -0.086 11.2 22.633 21 73.5945932545611
"2027" "1991335SI04095-mmm" 1991335 "SI" "04095-mmm" 1991 12 6 0 120 -4.543 -0.617 0.864 0.598 0.129 0.109 -11.1 6.513 27 80.6778699319061
"2031" "1991352SI08066-mmm" 1991352 "SI" "08066-mmm" 1991 12 22 12 105 -8.381 1.669 -0.787 -0.033 0.147 0.12 -16.8 17.28 21 85.862279477552
"2032" "1991365SI14059-mmm" 1991365 "SI" "14059-mmm" 1992 1 1 6 45 0.298 -1.753 -1.532 0.99 -0.165 -0.371 -14.9 9.573 9 54.3780679031093
"2033" "1992003WP03176-mmm" 1992003 "WP" "03176-mmm" 1992 1 8 0 70 -7.33 -0.94 1.309 -0.308 0.234 -0.021 5.9 11.187 17 77.958188545988
"2034" "1992005SP07172-mmm" 1992005 "SP" "07172-mmm" 1992 1 9 6 95 -8.691 2.918 0.151 0.325 0.301 0.171 -16.8 17.12 23 93.7108984227034
"2035" "1992006SI13134-mmm" 1992006 "SI" "13134-mmm" 1992 1 9 18 55 -0.55 -1.825 -1.53 0.018 0.22 0.465 -13.4 3.4 11 49.5006850391802
"2037" "1992027EP05206-EKE" 1992027 "EP" "05206-EKE" 1992 2 2 0 100 -6.244 -0.804 0.466 -0.573 0.069 0.182 9.2 12.42 35 81.6120690227412
"2042" "1992050SP19155-mmm" 1992050 "SP" "19155-mmm" 1992 2 20 6 35 3.17 2.032 -0.368 -0.049 0.439 0.027 -22.3 16.127 1 40.2631250650709
"2043" "1992053SI19071-mmm" 1992053 "SI" "19071-mmm" 1992 2 23 6 35 -4.089 0.704 0.074 -0.535 -0.144 -0.191 -20.6 10.787 1 61.7401700209289
"2044" "1992055SI12084-mmm" 1992055 "SI" "12084-mmm" 1992 2 28 18 120 -8.471 1.251 -0.289 -0.126 0.174 0.058 -18.9 23.047 29 93.2108530716689
"2045" "1992055SI12119-mmm" 1992055 "SI" "12119-mmm" 1992 3 1 18 115 -0.348 -3.881 1.803 1.248 -0.269 0.559 -17.8 1.78 31 80.2118957080191
"2046" "1992055SP13169-mmm" 1992055 "SP" "13169-mmm" 1992 2 29 6 130 -9.776 2.314 -0.443 0.255 0.41 -0.092 -13.7 16.627 25 94.5857777172386
"2047" "1992056SI11102-mmm" 1992056 "SI" "11102-mmm" 1992 3 1 12 120 -6.679 2.31 1.802 1.006 -0.646 0.451 -15.1 17.96 37 118.901752670943
"2048" "1992058SI15060-mmm" 1992058 "SI" "15060-mmm" 1992 2 27 6 35 -3.565 3.048 -1.018 -0.504 -0.28 0.07 -15.2 10.08 1 56.6750559950181
"2052" "1992088EP05188-HAL" 1992088 "EP" "05188-HAL" 1992 3 29 18 45 -1.478 2.291 0.169 -0.274 0.031 -0.37 5.9 6.387 4 50.7508202701564
"2053" "1992096SI08132-mmm" 1992096 "SI" "08132-mmm" 1992 4 9 0 120 -3.318 -1.907 0.75 0.601 0.255 -0.013 -11.4 8.567 23 72.0223762507535
"2054" "1992096SI05101-mmm" 1992096 "SI" "05101-mmm" 1992 4 14 12 120 -5.262 -0.328 0.989 -0.2 -0.356 -0.414 -14.6 17.82 51 100.08562790529
"2055" "1992113NA24301-SUB" 1992113 "NA" "24301-SUB" 1992 4 22 6 45 5.293 0.112 -0.935 -0.186 -0.205 0.032 24.9 1.9 2 38.2937857994762
"2056" "1992118SP10179-mmm" 1992118 "SP" "10179-mmm" 1992 4 29 18 65 -4.802 -1.727 -1.203 1.098 0.272 -0.303 -13.4 5.3 9 68.9853830510226
"2057" "1992136IO10090-mmm" 1992136 "IO" "10090-mmm" 1992 5 19 0 65 -5.987 1.134 -0.435 -0.536 0.013 0.05 18 6.213 17 72.4519285859806
"2058" "1992154EP11258-AGA" 1992154 "EP" "11258-AGA" 1992 6 2 18 60 -7.715 1.527 -0.412 -0.32 0.011 0.012 15 11.153 7 74.5505573682482
"2059" "1992155IO10070-mmm" 1992155 "IO" "10070-mmm" 1992 6 6 0 35 3.43 0.601 0.189 0.211 -0.082 0.045 10.3 4.26 1 41.6030628541073
"2060" "1992167IO12088-mmm" 1992167 "IO" "12088-mmm" 1992 6 17 18 45 4.466 1.627 -0.008 -0.216 -0.036 0.084 20.4 23.8 3 39.9191836067433
"2061" "1992172WP07144-mmm" 1992172 "WP" "07144-mmm" 1992 6 26 18 120 -6.798 0.678 -0.341 0.78 0.052 -0.33 19.1 2.307 23 90.6059147106026
"2062" "1992174WP13126-mmm" 1992174 "WP" "13126-mmm" 1992 6 28 0 80 -8.259 0.929 0.406 -0.054 0.231 0.082 18.3 7.333 23 90.6578875121092
"2063" "1992175EP16249-BLA" 1992175 "EP" "16249-BLA" 1992 6 23 0 35 -1.826 -1.412 0.727 -0.153 0.336 0.192 16.5 16.48 1 53.6540315716339
"2064" "1992175EP12269-CEL" 1992175 "EP" "12269-CEL" 1992 6 27 6 125 -7.072 -0.348 2.245 -0.177 -0.583 0.348 14.7 22.62 29 102.843085367316
"2065" "1992176WP06145-mmm" 1992176 "WP" "06145-mmm" 1992 7 2 6 40 -3.37 -0.366 -0.594 -0.352 -0.502 -0.321 19.1 14.54 7 63.6087143144326
"2066" "1992185EP13265-DAR" 1992185 "EP" "13265-DAR" 1992 7 6 6 105 -4.163 2.721 0.834 0.698 -0.462 -0.391 19.9 22.467 23 87.7699513283477
"2067" "1992188WP07156-mmm" 1992188 "WP" "07156-mmm" 1992 7 11 0 75 -10.885 1.648 -0.48 -0.094 0.172 -0.002 15.9 8.153 11 91.5021120170534
"2068" "1992191EP12252-EST" 1992191 "EP" "12252-EST" 1992 7 13 18 120 -3.884 -1.043 2.7 0.211 -0.641 0.634 16.8 9.847 33 96.175617094091
"2069" "1992194WP07140-mmm" 1992194 "WP" "07140-mmm" 1992 7 18 0 55 0.707 -1.709 -0.402 0.512 0.013 -0.322 22.3 7.587 7 53.5062557126456
"2070" "1992195EP14254-FRA" 1992195 "EP" "14254-FRA" 1992 7 18 6 125 -4.955 1.195 3.636 0.984 -0.716 -0.199 15.9 21.96 35 116.748140739410
"2071" "1992197EP11266-GEO" 1992197 "EP" "11266-GEO" 1992 7 17 18 95 -6.994 0.442 -0.547 0.066 -0.102 0.081 14.8 10.867 21 82.89433878255
"2072" "1992198WP13135-mmm" 1992198 "WP" "13135-mmm" 1992 7 22 12 65 -3.083 1.874 0.582 0.137 0.426 0.124 20.5 19.42 15 65.6487450754623
"2073" "1992206WP25161-mmm" 1992206 "WP" "25161-mmm" 1992 7 26 6 45 -4.447 1.09 0.299 -0.544 0.062 0.389 27.2 16.493 3 65.1682315096625
"2074" "1992207IO18090-mmm" 1992207 "IO" "18090-mmm" 1992 7 26 18 40 -1.232 -1.08 -0.41 0.054 0.137 0.152 20.3 23.76 3 53.7007101312633
"2075" "1992208EP13246-HOW" 1992208 "EP" "13246-HOW" 1992 7 28 6 55 -0.443 -2.989 -1.516 0.292 -0.56 -0.035 12.7 21.853 7 54.0502284287343
"2076" "1992210EP14254-ISI" 1992210 "EP" "14254-ISI" 1992 7 30 18 55 0.229 -4.936 -0.064 0.481 -0.108 -0.055 20.7 10.253 17 59.9806945125749
"2077" "1992212WP20135-mmm" 1992212 "WP" "20135-mmm" 1992 8 4 0 80 3.118 3.095 0.221 -0.003 0.214 -0.433 32.5 8.933 17 50.7995043592434
"2078" "1992212WP05154-mmm" 1992212 "WP" "05154-mmm" 1992 8 6 0 115 -8.971 2.559 -1.791 0.625 -0.181 -0.141 21.9 8.873 19 95.9575695962415
"2079" "1992213EP12256-JAV" 1992213 "EP" "12256-JAV" 1992 8 5 18 70 -2.866 -2.812 1.295 -0.076 0.51 0.286 18.4 9.427 29 70.6945545998795
"2080" "1992216WP06182-mmm" 1992216 "WP" "06182-mmm" 1992 8 11 12 130 -8.124 1.331 -0.496 -0.261 0.093 0.029 21.3 21.847 45 102.618028648744
"2081" "1992227WP13130-mmm" 1992227 "WP" "13130-mmm" 1992 8 17 18 40 5.458 4.29 -1.094 -0.099 -0.676 -0.633 20 3.08 7 40.6492214031204
"2082" "1992227WP17112-mmm" 1992227 "WP" "17112-mmm" 1992 8 17 6 50 -4.567 2.458 -1.265 -1.057 -0.404 0.12 21.9 13.84 9 62.5722249760009
"2083" "1992229WP24162-mmm" 1992229 "WP" "24162-mmm" 1992 8 19 18 45 3.048 -3.982 -0.157 0.305 0.342 -0.234 31.6 4.373 5 46.5290512950771
"2084" "1992230NA11325-AND" 1992230 "NA" "11325-AND" 1992 8 23 18 150 -5.837 0.028 0.323 -0.624 -0.441 -0.397 25.4 12.947 51 103.405144691177
"2085" "1992231EP19249-KAY" 1992231 "EP" "19249-KAY" 1992 8 19 12 45 -0.083 -5.242 1.723 -0.002 0.964 0.435 19.1 4.107 5 49.8920303870522
"2086" "1992233EP16254-LES" 1992233 "EP" "16254-LES" 1992 8 22 18 70 -3.712 1.022 2.488 0.922 -0.277 0.355 24 10.393 17 90.0911107371526
"2087" "1992233WP07173-mmm" 1992233 "WP" "07173-mmm" 1992 8 29 18 130 -11.106 3.374 -1.031 0.248 0.072 -0.183 14.7 3.367 41 116.452960513129
"2088" "1992237WP14144-mmm" 1992237 "WP" "14144-mmm" 1992 8 29 6 50 -7.204 3.879 -0.772 -0.21 0.118 0.072 22.8 14.18 23 83.4199051805232
"2089" "1992241EP13237-MAD" 1992241 "EP" "13237-MAD" 1992 8 28 18 45 -3.254 -1.337 -0.004 -0.231 0.145 0.2 14.3 9.407 7 58.851413039647
"2090" "1992241EP11253-NEW" 1992241 "EP" "11253-NEW" 1992 8 29 18 45 -1.513 -3.728 1.035 -0.231 0.311 0.178 13 10.013 13 56.7793348369854
"2091" "1992242WP13166-mmm" 1992242 "WP" "13166-mmm" 1992 9 7 0 115 -6.992 0.983 -0.373 0.466 0.136 -0.12 24.8 9.947 51 110.466908819418
"2092" "1992247EP10258-ORL" 1992247 "EP" "10258-ORL" 1992 9 6 0 125 -5.486 1.172 0.874 1.711 -0.281 0.501 14 15.887 25 100.215227964617
"2093" "1992248WP19166-mmm" 1992248 "WP" "19166-mmm" 1992 9 11 18 110 -7.506 1.661 -0.588 -0.025 0.118 -0.274 26.3 4.54 35 96.7052308843386
"2094" "1992250EP12227-INI" 1992250 "EP" "12227-INI" 1992 9 11 18 125 -8.414 2.089 -0.513 -0.188 -0.144 -0.048 19.5 7.333 31 96.8917945905537
"2095" "1992255EP19247-PAI" 1992255 "EP" "19247-PAI" 1992 9 13 18 65 -2.432 -1.723 1.246 -0.218 -0.192 0.01 17.8 9.813 17 67.9172639944493
"2096" "1992258EP17249-ROS" 1992258 "EP" "17249-ROS" 1992 9 23 6 85 0.898 -3.083 -0.06 0.643 -0.96 -0.294 18.9 21.013 71 94.9945999565125
"2097" "1992259WP11159-mmm" 1992259 "WP" "11159-mmm" 1992 9 21 18 65 -2.84 2.075 0.131 0.707 0.787 -0.39 20.5 2.127 25 69.023874936059
"2098" "1992262EP17252-SEY" 1992262 "EP" "17252-SEY" 1992 9 20 12 75 -1.813 -1.556 -0.518 0.114 -0.144 0.183 22.3 4.38 21 66.0679637750814
"2099" "1992262EP10262-TIN" 1992262 "EP" "10262-TIN" 1992 9 30 12 130 -6.04 1.044 3.549 -0.487 -0.523 -0.25 17.3 4.153 96 161.441077728535
"2100" "1992262NA34301-BON" 1992262 "NA" "34301-BON" 1992 9 21 18 95 -0.922 -2.675 0.292 0.27 0.245 -0.376 37.5 14.513 29 72.750358111536
"2101" "1992263WP05175-mmm" 1992263 "WP" "05175-mmm" 1992 9 26 0 55 -3.309 -1.064 -1.002 0.175 0.614 0.329 25.7 10.207 11 60.9753579318083
"2103" "1992266NA30327-CHA" 1992266 "NA" "30327-CHA" 1992 9 24 18 95 -0.71 -0.365 0.501 -0.621 0.598 0.203 36.1 15.727 19 58.6756740019881
"2104" "1992267NA33285-DAN" 1992267 "NA" "33285-DAN" 1992 9 25 12 55 2.34 -0.105 -0.6 0.292 -0.197 -0.092 35.9 6.987 24 59.458060829216
"2105" "1992268WP11193-mmm" 1992268 "WP" "11193-mmm" 1992 10 2 12 95 -6.363 1.997 1.912 0.462 -1.23 -0.123 24 22.867 45 133.261963168495
"2106" "1992269SI05087-mmm" 1992269 "SI" "05087-mmm" 1992 9 28 0 65 -8.799 1.199 -0.693 0.075 0.074 -0.143 -9.2 5.82 11 80.2514158025968
"2107" "1992271NA26291-EAR" 1992271 "NA" "26291-EAR" 1992 10 1 18 55 3.193 1.411 0.133 0.499 -0.033 0.13 28.4 13.313 19 54.1712053042182
"2108" "1992273IO12077-mmm" 1992273 "IO" "12077-mmm" 1992 10 2 6 55 -4.414 0.175 0.035 -0.324 -0.069 -0.132 17.9 10.087 9 66.1484014125079
"2109" "1992275EP14260-VIR" 1992275 "EP" "14260-VIR" 1992 10 3 0 115 -6.502 -0.344 -0.54 0.09 -0.198 0.052 15.9 17.16 11 76.7866286172952
"2110" "1992277WP16140-mmm" 1992277 "WP" "16140-mmm" 1992 10 13 18 155 -8.758 1.99 1.944 0.496 -0.756 -0.146 19.2 2.627 45 139.770470065417
"2111" "1992279IO10097-mmm" 1992279 "IO" "10097-mmm" 1992 10 8 6 45 3.863 1.668 -2.106 0.03 -0.58 -0.089 14.3 11.58 5 40.5469220897412
"2112" "1992279WP08175-mmm" 1992279 "WP" "08175-mmm" 1992 10 13 18 40 8.34 1.88 0.713 -0.985 0.188 0.332 24 4.233 8 31.7654810844549
"2113" "1992281EP11263-WIN" 1992281 "EP" "11263-WIN" 1992 10 9 12 100 -7.785 -0.988 1.451 -0.964 0.028 0.196 17.5 5.047 19 83.7218669055856
"2114" "1992286WP12115-mmm" 1992286 "WP" "12115-mmm" 1992 10 19 6 90 -10.111 1.829 -0.924 0.062 0.105 0.011 12 13.613 19 91.2820017804548
"2115" "1992288EP10253-XAV" 1992288 "EP" "10253-XAV" 1992 10 14 0 40 2.94 -3.444 -0.198 0.475 0.288 -0.003 10.2 16.827 2 41.4571023269166
"2117" "1992289WP09171-mmm" 1992289 "WP" "09171-mmm" 1992 10 22 18 95 -6.854 -1.503 0.201 0.096 0.027 0.011 19 3.353 41 98.930444072451
"2118" "1992289WP08135-mmm" 1992289 "WP" "08135-mmm" 1992 10 20 6 80 -8.11 0.217 -0.484 -0.175 0.454 0.329 14.4 14.68 17 77.9539230713633
"2119" "1992290EP11253-YOL" 1992290 "EP" "11253-YOL" 1992 10 18 18 55 -6.052 0.843 -1.193 0.138 0.177 -0.327 15.7 9.387 21 74.9021782760978
"2120" "1992292SI09083-mmm" 1992292 "SI" "09083-mmm" 1992 10 20 0 45 -1.208 -2.451 0.743 -0.117 0.295 -0.195 -11.7 5.42 9 53.9372308062893
"2121" "1992297NA26299-FRA" 1992297 "NA" "26299-FRA" 1992 10 24 12 75 -1.794 3.39 1.524 0.285 0.133 -0.432 30.6 8.08 16 71.5889826465952
"2122" "1992298WP10187-mmm" 1992298 "WP" "10187-mmm" 1992 10 28 0 110 -10.328 2.253 -0.699 0.144 -0.199 0.053 18.6 11.14 21 102.880692393061
"2123" "1992300EP13249-ZEK" 1992300 "EP" "13249-ZEK" 1992 10 29 18 45 -0.963 -0.162 -0.726 -0.212 -0.128 -0.032 19.3 10.34 24 60.6570771738402
"2124" "1992302WP06150-mmm" 1992302 "WP" "06150-mmm" 1992 11 5 6 145 -8.912 4.832 2.76 1.275 -0.205 0.087 17.9 15.013 51 152.470107099344
"2126" "1992306IO12093-mmm" 1992306 "IO" "12093-mmm" 1992 11 5 12 55 -3.461 -0.409 -0.52 0.576 0.334 -0.199 16.5 17.733 17 66.9985741256948
"2127" "1992311IO06107-mmm" 1992311 "IO" "06107-mmm" 1992 11 13 6 70 -7.012 1.374 -0.452 -0.104 0.222 0.046 7.8 11.207 17 73.447018104755
"2128" "1992314WP08141-mmm" 1992314 "WP" "08141-mmm" 1992 11 20 0 125 -7.721 0.004 0.836 -0.371 -0.162 0.021 18.5 5.933 59 117.956699323109
"2129" "1992318WP06182-mmm" 1992318 "WP" "06182-mmm" 1992 11 21 0 160 -12.2 3.675 0.224 0.574 0.543 0.213 11.2 10.387 45 128.016445771039
"2130" "1992318WP11160-mmm" 1992318 "WP" "11160-mmm" 1992 11 20 0 125 -8.655 0.199 0.6 -0.204 -0.143 0.006 19 9.293 27 99.6044385639315
"2133" "1992335IO03077-mmm" 1992335 "IO" "03077-mmm" 1992 12 2 0 50 7.193 -0.046 -0.058 0.198 -0.12 -0.091 5.3 5.12 11 35.1426060069261
"2134" "1992338SP04173-mmm" 1992338 "SP" "04173-mmm" 1992 12 10 0 110 -5.779 -1.24 0.627 0.097 0.04 -0.012 -16.8 11.773 35 89.8074966534876
"2135" "1992352SI11100-mmm" 1992352 "SI" "11100-mmm" 1992 12 19 18 45 0.366 -1.303 -0.4 -0.738 -0.146 0.081 -13 0.347 5 45.8811711509383
"2136" "1992354IO03075-mmm" 1992354 "IO" "03075-mmm" 1992 12 23 12 50 1.691 -2.847 1.454 -0.961 -0.12 0.073 7.6 15.553 23 49.6261001409256
"2137" "1992357SP13143-mmm" 1992357 "SP" "13143-mmm" 1993 1 1 12 75 -7.111 -0.611 -0.727 1.2 0.33 -0.135 -11.6 22.707 66 118.651265773193
"2138" "1992358SP07161-mmm" 1992358 "SP" "07161-mmm" 1992 12 29 6 120 -12.77 2.228 -0.56 0.021 0.639 0.099 -14.1 17.507 21 102.371098111884
"2141" "1993012SI09074-mmm" 1993012 "SI" "09074-mmm" 1993 1 19 12 95 -8.11 2.244 0.607 0.336 -0.316 -0.011 -20 15.68 39 114.264722887801
"2142" "1993016SI06091-mmm" 1993016 "SI" "06091-mmm" 1993 1 24 12 110 -8.461 3.125 0.234 -0.008 0.29 -0.108 -14.7 16.633 33 95.4173678045213
"2143" "1993017SI16042-mmm" 1993017 "SI" "16042-mmm" 1993 1 19 12 35 -5.016 0.929 -0.276 0.1 -0.328 -0.088 -19.8 14.76 1 69.43519352271
"2144" "1993023SI14120-mmm" 1993023 "SI" "14120-mmm" 1993 1 26 0 55 -7.591 0.673 -0.136 0.001 0.033 -0.044 -16.2 7.873 15 82.2238880236994
"2145" "1993025SI12136-mmm" 1993025 "SI" "12136-mmm" 1993 1 26 18 35 -5.665 2.957 -0.384 -0.258 0.201 0.087 -14.2 3.047 1 62.5965268970587
"2146" "1993029SP11178-mmm" 1993029 "SP" "11178-mmm" 1993 2 2 0 90 -9.256 0.907 -0.648 -0.051 -0.077 -0.096 -19.2 12.787 17 91.6354988517185
"2148" "1993034SP12151-mmm" 1993034 "SP" "12151-mmm" 1993 2 7 18 115 -4.806 -0.282 1.847 0.965 0.13 0.435 -17.4 4.127 25 90.469725366859
"2149" "1993041SI16052-mmm" 1993041 "SI" "16052-mmm" 1993 2 14 6 75 -5.711 0.523 -0.46 0.25 0.145 -0.015 -26.2 9.653 10 75.6479756822896
"2151" "1993045SP13170-mmm" 1993045 "SP" "13170-mmm" 1993 2 17 0 50 -5.634 -1.02 -1.083 0.758 0.053 -0.062 -19.4 11.867 7 73.5295363346975
"2152" "1993053SP12161-mmm" 1993053 "SP" "12161-mmm" 1993 2 28 6 100 -6.963 5.114 2.59 0.075 -0.082 -0.038 -19.1 16.673 27 101.003684837779
"2154" "1993064WP03174-mmm" 1993064 "WP" "03174-mmm" 1993 3 13 18 55 -10.618 2.737 -0.565 0.466 -0.058 0.031 10.3 4.373 9 93.4187978678136
"2155" "1993069SP08164-mmm" 1993069 "SP" "08164-mmm" 1993 3 15 0 55 -9.177 -1.029 0.459 -0.05 0.291 -0.412 -18.7 10.373 19 92.3807875840221
"2157" "1993091SI13092-mmm" 1993091 "SI" "13092-mmm" 1993 4 6 0 125 -7.963 4.047 0.904 0.419 0.629 -0.216 -18.1 5.053 23 90.7799985051274
"2159" "1993099SI13105-mmm" 1993099 "SI" "13105-mmm" 1993 4 11 0 50 -1.282 -3.466 -0.192 0.595 -0.321 -0.51 -16.7 7.047 4 59.9622121714504
"2162" "1993131SP04158-mmm" 1993131 "SP" "04158-mmm" 1993 5 14 0 45 -3.339 0.004 0.017 -0.143 0.173 -0.147 -8.5 10.2 5 56.7438288487923
"2163" "1993134WP04160-mmm" 1993134 "WP" "04160-mmm" 1993 5 20 0 35 4.031 -1.319 -1.569 -0.236 -0.429 0.02 12.5 10.347 1 37.7893636883114
"2164" "1993162EP10245-ADR" 1993162 "EP" "10245-ADR" 1993 6 16 0 75 1.345 -3.244 -1.391 0.843 -0.55 -0.106 13 16.027 31 61.8075042910978
"2165" "1993164WP04160-mmm" 1993164 "WP" "04160-mmm" 1993 6 24 6 130 -9.24 1.827 0.177 0.48 -0.013 -0.407 13.6 14.64 59 129.420311421309
"2167" "1993169NA21268-ARL" 1993169 "NA" "21268-ARL" 1993 6 19 12 35 1.185 -1.739 1.55 0.084 0.35 0.421 25.9 5.607 1 50.9039457586319
"2168" "1993169EP13265-BEA" 1993169 "EP" "13265-BEA" 1993 6 19 18 55 -2.154 0.769 -0.809 0.051 0.007 -0.311 15.9 11.48 11 58.2109817650737
"2169" "1993185WP09137-mmm" 1993185 "WP" "09137-mmm" 1993 7 10 6 85 -8.03 0.185 0.627 -1.584 -0.355 0.04 18 13.467 19 81.0119095561269
"2170" "1993186EP13262-CAL" 1993186 "EP" "13262-CAL" 1993 7 7 12 95 -8.209 1 -0.275 -0.424 -0.216 0.115 18.2 5.06 21 88.2128789200032
"2171" "1993193WP08144-mmm" 1993193 "WP" "08144-mmm" 1993 7 14 18 45 -3.333 -3.405 0.902 0.623 1.548 0.748 12.4 2.74 7 55.4888601977821
"2172" "1993196EP11241-DOR" 1993196 "EP" "11241-DOR" 1993 7 16 18 115 -3.778 -1.468 1.509 -0.013 -0.555 0.448 13.8 9.467 17 77.1572201618216
"2173" "1993197EP11247-EUG" 1993197 "EP" "11247-EUG" 1993 7 19 12 110 -3.252 -2.179 0.916 0.812 -0.113 0.519 14.9 3.847 25 79.9980850260583
"2174" "1993199WP10156-mmm" 1993199 "WP" "10156-mmm" 1993 7 24 6 70 -2.713 -1.464 -0.257 -0.493 -0.193 -0.058 29.7 15.193 35 76.516631182429
"2175" "1993205WP15137-mmm" 1993205 "WP" "15137-mmm" 1993 7 26 0 45 -4.88 -2.391 -0.723 0.536 -0.206 -0.313 24.5 8.947 5 73.5090483404521
"2176" "1993207WP19130-mmm" 1993207 "WP" "19130-mmm" 1993 7 29 12 65 -2.769 -2.096 -0.722 0.257 -0.099 0.134 31.7 20.647 11 68.3880150801784
"2177" "1993211WP07161-mmm" 1993211 "WP" "07161-mmm" 1993 8 7 12 120 -6.666 1.165 -1.902 0.466 0.132 0.204 21 20.793 43 94.0589388764036
"2178" "1993215WP08154-mmm" 1993215 "WP" "08154-mmm" 1993 8 10 6 65 -7.645 -0.74 0.121 -0.828 -0.306 -0.104 16.7 15.18 27 87.4378156065163
"2179" "1993217NA10320-BRE" 1993217 "NA" "10320-BRE" 1993 8 6 6 50 8.344 1.571 -0.656 0.078 -0.337 0.016 10.1 2.473 11 33.5867978356775
"2180" "1993221EP11216-KEO" 1993221 "EP" "11216-KEO" 1993 8 17 0 100 -7.667 2.002 1.466 0.676 -0.331 0.285 15.5 12.56 43 120.270037479529
"2181" "1993221EP13256-FER" 1993221 "EP" "13256-FER" 1993 8 12 0 125 -6.917 2.622 2.603 1.7 -0.06 0.365 14.8 15.74 19 109.051849913361
"2183" "1993224WP07153-mmm" 1993224 "WP" "07153-mmm" 1993 8 20 6 80 -6.096 -0.64 -0.165 0.09 -0.019 -0.298 20.6 13.553 31 88.3323551503331
"2184" "1993227NA14301-CIN" 1993227 "NA" "14301-CIN" 1993 8 16 12 40 3.606 2.317 0.97 -0.434 -0.148 0.235 17.3 7.38 15 46.2878294807786
"2185" "1993227EP15258-GRE" 1993227 "EP" "15258-GRE" 1993 8 19 12 115 -2.942 -2.068 3.013 0.956 -1.483 0.257 18.2 4.28 33 111.814229399534
"2186" "1993229WP10159-mmm" 1993229 "WP" "10159-mmm" 1993 8 24 18 80 -6.568 1.385 0.289 -0.892 0.04 0 26.1 3.833 23 81.0475223347173
"2187" "1993229EP13265-HIL" 1993229 "EP" "13265-HIL" 1993 8 21 12 105 -3.995 -0.421 -0.473 0.48 -0.079 0.887 18.6 4.807 29 79.4405219056102
"2188" "1993231WP09134-mmm" 1993231 "WP" "09134-mmm" 1993 8 24 6 45 -5.143 0.331 1.182 -0.11 0.159 0.041 14.3 13.793 9 70.2867616540491
"2189" "1993233EP13260-IRW" 1993233 "EP" "13260-IRW" 1993 8 22 0 60 -1.995 0.844 -0.897 0.241 0.194 0.265 16.7 17.14 5 55.1041241006004
"2190" "1993235NA20307-EMI" 1993235 "NA" "20307-EMI" 1993 8 31 18 100 -4.721 0.375 2.157 -0.181 -0.439 0.392 34.5 12.987 51 115.856292733267
"2191" "1993236NA14329-DEN" 1993236 "NA" "14329-DEN" 1993 8 25 0 45 4.381 -1.765 0.75 -0.101 -0.399 0.289 16.4 21.613 5 43.4805352296903
"2192" "1993240WP17142-mmm" 1993240 "WP" "17142-mmm" 1993 9 2 6 130 -7.338 3.206 1.449 1.843 -0.633 0.803 25.9 14.42 25 128.718284161190
"2193" "1993241EP14264-JOV" 1993241 "EP" "14264-JOV" 1993 9 1 6 115 -2.06 -3.07 1.408 -0.024 -0.087 0.32 17.5 22.94 21 69.2613526723857
"2194" "1993246WP16129-mmm" 1993246 "WP" "16129-mmm" 1993 9 8 18 55 -3.098 -3.925 1.025 0.353 0.501 -0.135 32.9 2.953 19 74.836079159175
"2195" "1993249EP12253-KEN" 1993249 "EP" "12253-KEN" 1993 9 11 6 130 -5.95 -0.954 1.808 0.059 -0.43 0.232 17.2 22.027 41 105.364962261734
"2196" "1993250WP17119-mmm" 1993250 "WP" "17119-mmm" 1993 9 13 6 110 -3.138 -0.641 2.305 1.473 -0.68 0.307 22.2 13.867 29 103.803727666622
"2197" "1993251NA25293-FLO" 1993251 "NA" "25293-FLO" 1993 9 12 12 70 4.145 2.65 -0.48 -0.195 0.049 0.01 48 11.5 39 59.6322784520574
"2198" "1993252EP11265-LID" 1993252 "EP" "11265-LID" 1993 9 11 6 130 -8.035 2.803 1.868 1.977 -0.386 0.554 16.7 22.973 20 122.453840921396
"2199" "1993253WP06150-mmm" 1993253 "WP" "06150-mmm" 1993 9 16 18 65 -6.607 0.234 0.051 -0.777 -0.694 -0.132 20.8 1.687 13 80.613086017737
"2200" "1993258NA11279-GER" 1993258 "NA" "11279-GER" 1993 9 20 18 85 -8.579 2.761 -0.121 0.207 -0.127 -0.29 21.3 11.533 21 97.1275997783681
"2201" "1993261WP11131-mmm" 1993261 "WP" "11131-mmm" 1993 9 26 0 80 -2.974 -0.837 1.34 0.301 -1.1 0.549 21.1 7.493 13 82.1257987004853
"2202" "1993262NA27298-HAR" 1993262 "NA" "27298-HAR" 1993 9 20 18 65 2.718 3.217 -2.353 1.039 0.374 -0.055 35.6 14.32 5 47.3013349607932
"2203" "1993263WP11168-mmm" 1993263 "WP" "11168-mmm" 1993 9 25 18 100 -9.93 2.608 -1.639 0.493 -0.219 -0.112 22.8 3.647 19 101.402835366785
"2204" "1993270WP07153-mmm" 1993270 "WP" "07153-mmm" 1993 10 4 12 140 -9.593 2.79 1.57 0.717 -0.086 0.137 19.8 20.853 33 124.655933247777
"2205" "1993271WP14134-mmm" 1993271 "WP" "14134-mmm" 1993 10 4 0 70 -10.505 2.529 0.149 -0.132 -0.012 -0.152 16.5 8.18 17 98.2855709445934
"2206" "1993273EP11245-MAX" 1993273 "EP" "11245-MAX" 1993 10 2 0 40 -3.158 -2.317 -0.166 0.147 -0.082 -0.462 11 16.22 6 60.5429726642866
"2207" "1993275WP04159-mmm" 1993275 "WP" "04159-mmm" 1993 10 8 18 35 3.885 3.939 -0.026 -0.135 0.359 -0.106 16.9 2.953 1 38.1643175172539
"2208" "1993276EP13249-NOR" 1993276 "EP" "13249-NOR" 1993 10 4 0 45 -3.682 0.833 -0.965 -0.321 -0.123 0.109 17.5 16.373 5 59.5009393713022
"2210" "1993285WP12192-mmm" 1993285 "WP" "12192-mmm" 1993 10 23 12 50 4.384 3.506 -1.267 0.282 0.121 -0.002 25 22.3 23 46.3270054784929
"2211" "1993298WP11154-mmm" 1993298 "WP" "11154-mmm" 1993 10 31 12 120 -8.479 2.98 0.247 -0.263 0.415 0.129 15.6 20.32 25 87.0926851696315
"2212" "1993306WP10168-mmm" 1993306 "WP" "10168-mmm" 1993 11 10 6 50 -6.617 -2.761 1.225 -0.48 0.579 0.192 20.4 15.067 15 75.3284018512309
"2213" "1993309IO06072-mmm" 1993309 "IO" "06072-mmm" 1993 11 14 12 80 -3.56 -0.141 -0.276 0.443 0.19 0.046 20.9 16.28 17 70.1292504383568
"2214" "1993312SI06080-mmm" 1993312 "SI" "06080-mmm" 1993 11 10 18 60 -7.669 2.071 -1.462 0.359 -0.277 -0.271 -11.2 23.307 11 79.4424761771068
"2217" "1993322WP09137-mmm" 1993322 "WP" "09137-mmm" 1993 11 23 6 95 -8.394 1.213 0.13 0.509 -0.209 -0.005 12.8 13.367 29 102.050514401155
"2218" "1993327SI07093-mmm" 1993327 "SI" "07093-mmm" 1993 11 27 18 55 -2.809 -1.514 0.094 -0.702 -0.558 -0.268 -15.8 23.16 15 64.1732637448999
"2219" "1993331IO07108-mmm" 1993331 "IO" "07108-mmm" 1993 12 3 18 75 -7.533 2.226 -0.578 -0.258 0.068 -0.057 9.9 23.407 17 76.3534194439184
"2220" "1993331WP05172-mmm" 1993331 "WP" "05172-mmm" 1993 12 8 12 105 -7.238 -0.515 0.683 0.91 -0.152 0.127 11.3 19.367 47 114.249816173463
"2221" "1993336WP05164-mmm" 1993336 "WP" "05164-mmm" 1993 12 9 12 120 -4.064 -2.516 2.148 0.19 -0.391 0.393 13.3 20.427 41 95.16504965954
"2222" "1993345SI08083-mmm" 1993345 "SI" "08083-mmm" 1993 12 18 0 85 -3.166 -2.07 0.75 0.006 0.324 0.147 -17.2 4.007 41 78.3520785729318
"2223" "1993348SI13120-mmm" 1993348 "SI" "13120-mmm" 1993 12 17 0 55 -3.702 -1.713 0.021 -0.183 0.187 0.112 -18.5 8.093 7 61.7971333332459
"2224" "1993353WP05159-mmm" 1993353 "WP" "05159-mmm" 1993 12 26 0 70 -10.159 1.175 -0.517 0.559 0.213 0.072 9.2 8.453 19 95.0217813891676
"2225" "1993360SP04171-mmm" 1993360 "SP" "04171-mmm" 1994 1 2 18 125 -7.766 0.206 -0.48 0.307 -0.597 -0.088 -17.9 4.267 43 112.426452347184
"2226" "1993363SI12129-mmm" 1993363 "SI" "12129-mmm" 1994 1 1 12 40 -0.867 -0.929 0.676 0.74 -0.159 -0.17 -14.2 20.227 5 60.0519220526306
"2229" "1994009SI16058-mmm" 1994009 "SI" "16058-mmm" 1994 1 13 12 95 -5.375 0.49 -0.101 0.234 0.697 0.175 -19.4 15.293 29 77.3315893582094
"2230" "1994010SI17124-mmm" 1994010 "SI" "17124-mmm" 1994 1 17 12 95 1.022 -3.566 0.99 -0.611 -0.281 -0.558 -16.4 18.22 47 66.4611522914124
"2231" "1994012SI09075-mmm" 1994012 "SI" "09075-mmm" 1994 1 14 18 50 -4.667 -0.605 0.471 -0.308 0.263 0.291 -13.5 22.553 7 63.1053888773563
"2232" "1994019SP17174-mmm" 1994019 "SP" "17174-mmm" 1994 1 23 18 100 -8.157 3.626 0.546 1.049 0.379 0.135 -14.2 4.767 15 91.7623605513152
"2233" "1994022SI12113-mmm" 1994022 "SI" "12113-mmm" 1994 1 26 18 75 -1.426 -1.434 -0.214 0.136 -0.485 0.134 -17 0.973 11 61.9675532493127
"2234" "1994026SI11078-mmm" 1994026 "SI" "11078-mmm" 1994 1 31 6 145 -8.317 1.839 -0.96 0.562 0.042 -0.1 -14.5 9.82 35 99.5614853861714
"2235" "1994028SI11136-mmm" 1994028 "SI" "11136-mmm" 1994 1 30 12 35 -7.188 1.51 0.322 -0.341 -0.462 -0.218 -15 21.387 1 75.8711113694341
"2236" "1994036SI09075-mmm" 1994036 "SI" "09075-mmm" 1994 2 11 0 105 -7.338 1.26 -0.327 -0.201 0.125 0.058 -20.5 3.773 31 89.4569591791082
"2237" "1994037SI12095-mmm" 1994037 "SI" "12095-mmm" 1994 2 17 6 100 -6.059 2.325 0.616 -0.749 0.187 -0.016 -23.8 10.16 59 101.425233947068
"2238" "1994047SI16124-mmm" 1994047 "SI" "16124-mmm" 1994 2 19 12 35 -7.468 -0.904 -0.253 0.226 0.124 0.006 -18.1 20.107 1 75.2216976304468
"2239" "1994053SP08155-mmm" 1994053 "SP" "08155-mmm" 1994 2 26 0 115 -8.991 0.23 0.635 -0.534 0.143 0.384 -15.7 10.627 22 89.8076894387076
"2240" "1994064SI13099-mmm" 1994064 "SI" "13099-mmm" 1994 3 13 18 130 -6.089 0.858 1.68 0.341 -0.214 0.339 -17.9 21.747 49 112.312194607157
"2241" "1994065SI14052-mmm" 1994065 "SI" "14052-mmm" 1994 3 8 6 50 -6.014 1.056 -0.406 -0.252 0.131 -0.06 -20.9 9.5 15 73.8156359017103
"2242" "1994067SI14109-mmm" 1994067 "SI" "14109-mmm" 1994 3 12 12 90 -1.145 -4.029 1.039 -0.243 0.272 0.181 -15.1 17.513 17 58.1731760957412
"2243" "1994072SI10118-mmm" 1994072 "SI" "10118-mmm" 1994 3 16 0 110 -6.59 -0.535 0.555 -0.149 0.155 -0.104 -17.3 7.507 17 79.4192212321179
"2244" "1994077SI13074-mmm" 1994077 "SI" "13074-mmm" 1994 3 22 0 120 -8.536 3.312 0.189 1.298 -0.435 0.5 -12.9 3.693 17 105.482952946126
"2245" "1994078IO06096-mmm" 1994078 "IO" "06096-mmm" 1994 3 23 6 40 -1.826 -0.493 0.538 -0.663 -0.322 -0.21 13.3 12.02 5 55.4949222094093
"2247" "1994081SP11154-mmm" 1994081 "SP" "11154-mmm" 1994 3 26 12 55 -6.996 -0.715 0.331 -0.701 -0.188 -0.031 -17.1 23.253 13 77.13735285898
"2248" "1994086SI08092-mmm" 1994086 "SI" "08092-mmm" 1994 4 11 6 105 -8.611 2.991 -0.173 0.664 -0.243 0.042 -15.9 10 95 168.966623534076
"2249" "1994088SI12115-mmm" 1994088 "SI" "12115-mmm" 1994 3 31 0 40 3.661 -2.886 -1.001 0.021 0.142 -0.311 -11.5 7.22 5 38.5867653743578
"2250" "1994088WP09148-mmm" 1994088 "WP" "09148-mmm" 1994 4 3 18 75 -9.023 0.733 0.959 -0.607 -0.233 -0.151 10.3 2.42 21 91.4054654041042
"2251" "1994095SI08129-mmm" 1994095 "SI" "08129-mmm" 1994 4 9 0 70 -3.559 -2.154 0.034 0.145 -0.003 -0.151 -14.4 7.907 16 67.6123129574968
"2253" "1994116SI05095-mmm" 1994116 "SI" "05095-mmm" 1994 4 29 12 40 -2.433 -2.078 0.599 0.109 0.124 -0.069 -11.4 18.407 3 57.2815682820116
"2254" "1994117IO07096-mmm" 1994117 "IO" "07096-mmm" 1994 5 2 6 125 -4.74 1.229 1.803 0.104 -0.563 0.092 19.7 12.113 25 91.2536159540772
"2255" "1994128WP04155-mmm" 1994128 "WP" "04155-mmm" 1994 5 15 6 90 -7.977 0.988 -0.84 0.093 -0.101 0.105 20.3 15.16 23 90.6045481230015
"2257" "1994153WP19113-mmm" 1994153 "WP" "19113-mmm" 1994 6 6 6 55 -5.829 1.849 -0.767 0.7 0.044 -0.146 19.5 13.7 15 79.3889005079109
"2258" "1994157IO18074-mmm" 1994157 "IO" "18074-mmm" 1994 6 7 18 45 -1.259 -0.322 -0.361 -0.609 -0.301 0.058 18.9 22.193 7 54.3842469881227
"2259" "1994169WP06152-mmm" 1994169 "WP" "06152-mmm" 1994 6 23 18 45 -5.046 -0.083 -0.709 0.589 0.504 -0.103 17.3 1.74 3 64.573382711313
"2260" "1994169EP13240-ALE" 1994169 "EP" "13240-ALE" 1994 6 20 0 45 -2.16 0.117 -0.865 0.464 0.455 -0.212 13.8 15.72 7 54.9640288894405
"2261" "1994178EP16248-BUD" 1994178 "EP" "16248-BUD" 1994 6 28 0 40 0.618 -1.087 0.031 -0.226 0.234 -0.254 16 16.367 3 46.3938505792126
"2262" "1994180EP12255-CAR" 1994180 "EP" "12255-CAR" 1994 6 30 12 90 -4.583 -0.692 0.923 0.326 -0.003 -0.325 16.6 4.473 13 74.9364325179835
"2264" "1994181NA22276-ALB" 1994181 "NA" "22276-ALB" 1994 7 3 12 55 -1.209 -2.598 -0.755 1.352 0.267 -0.636 29.9 6.22 13 67.1321160419445
"2265" "1994186WP09139-mmm" 1994186 "WP" "09139-mmm" 1994 7 10 6 125 -9.577 2.671 -0.401 0.512 -0.088 0.565 21.9 14.167 23 105.786806664735
"2266" "1994189WP16117-mmm" 1994189 "WP" "16117-mmm" 1994 7 10 6 45 -7.706 0.945 -1.206 -0.523 -0.223 -0.022 15.5 13.833 11 74.9959401235234
"2267" "1994190EP13239-DAN" 1994190 "EP" "13239-DAN" 1994 7 9 18 55 -5.063 -1.338 0.647 -0.028 0.552 0.279 11.5 9.48 7 63.6926287301948
"2268" "1994191WP08141-mmm" 1994191 "WP" "08141-mmm" 1994 7 22 6 65 0.981 4.211 0.909 -0.408 -0.537 -0.063 28.6 16.3 23 63.2639779855381
"2269" "1994192WP05139-mmm" 1994192 "WP" "05139-mmm" 1994 7 19 6 130 -10.299 2.953 0.791 0.419 -0.332 0.123 21.6 14.88 27 121.443541247060
"2270" "1994197EP09229-EMI" 1994197 "EP" "09229-EMI" 1994 7 19 6 135 -6.874 1.106 -0.375 -0.936 -0.16 -0.141 11.3 20.2 23 75.1610617112664
"2271" "1994197WP14115-mmm" 1994197 "WP" "14115-mmm" 1994 7 18 18 45 -3.726 -0.886 -0.071 -0.456 0.088 0.01 17.4 1.987 5 59.4959136326811
"2272" "1994200EP13235-FAB" 1994200 "EP" "13235-FAB" 1994 7 19 18 40 -6.143 1.042 0.052 -0.454 -0.065 -0.115 14.1 9.473 3 67.2670311627435
"2273" "1994202EP11238-GIL" 1994202 "EP" "11238-GIL" 1994 7 24 18 140 -5.402 0.497 1.214 1.088 -0.226 0.374 12.1 8.447 23 92.1108601597367
"2275" "1994206WP14131-mmm" 1994206 "WP" "14131-mmm" 1994 7 31 12 50 -5.622 0.937 -0.588 0.059 0.049 -0.123 31.7 20.367 9 76.1754876094509
"2276" "1994208WP20112-mmm" 1994208 "WP" "20112-mmm" 1994 7 30 0 40 -5.217 -1.085 -0.366 0.589 0.336 -0.259 18.9 7.153 3 68.166664097561
"2277" "1994210WP16144-mmm" 1994210 "WP" "16144-mmm" 1994 8 3 6 60 -6.706 4.915 -0.006 -0.465 0.046 -0.082 22.5 14.127 7 73.5483156246013
"2278" "1994211WP12152-mmm" 1994211 "WP" "12152-mmm" 1994 8 5 18 140 -8.607 5.022 2.456 1.353 -0.742 -0.058 16.8 2.567 25 131.916772644033
"2279" "1994215WP30149-mmm" 1994215 "WP" "30149-mmm" 1994 8 12 12 80 -2.952 3.174 2.503 1.048 -0.583 -0.964 28.7 20.853 37 107.762207290740
"2280" "1994215EP11220-LIm" 1994215 "EP" "11220-LIm" 1994 8 12 12 65 -4.814 -0.732 -0.484 -0.148 -0.045 -0.113 12.6 0.073 34 77.7161861258622
"2281" "1994219EP19252-HEC" 1994219 "EP" "19252-HEC" 1994 8 8 12 55 -1.852 -3.074 0.248 0.57 0.323 0.107 21.9 4.553 9 61.8700830981988
"2282" "1994223EP15253-ILE" 1994223 "EP" "15253-ILE" 1994 8 12 18 65 -4.761 -1.742 0.706 -0.112 0.633 0.53 21 10.587 11 66.964406405029
"2283" "1994223EP11263-JOH" 1994223 "EP" "11263-JOH" 1994 8 23 6 150 -6.432 1.614 2.772 1.093 -0.968 0.322 14.2 19.66 93 190.064457919743
"2284" "1994224WP20152-mmm" 1994224 "WP" "20152-mmm" 1994 8 19 12 130 -6.885 3.197 2.573 1.967 -0.407 0.742 22.1 20.407 37 138.159063542178
"2285" "1994227NA29273-BER" 1994227 "NA" "29273-BER" 1994 8 16 0 50 -0.018 1.428 0.723 1.295 0.137 -0.526 30 18.293 5 64.046762894333
"2286" "1994229NA11321-CHR" 1994229 "NA" "11321-CHR" 1994 8 19 0 70 -5.128 -1.378 0.449 -0.199 0.101 -0.156 17 20.627 17 73.0397932988504
"2287" "1994231WP12157-mmm" 1994231 "WP" "12157-mmm" 1994 9 1 0 105 -4.557 -0.262 1.08 -1.382 -0.465 0.198 24.2 8.153 65 101.606209910561
"2288" "1994232WP10144-mmm" 1994232 "WP" "10144-mmm" 1994 8 27 6 60 -9.248 1.51 -0.484 -0.079 0.276 -0.1 20.3 13.427 13 86.0659005374824
"2289" "1994237WP24167-mmm" 1994237 "WP" "24167-mmm" 1994 8 31 0 75 -2.148 -2.017 0.988 0.529 -0.367 0.123 28.1 10.593 25 81.785721263429
"2290" "1994241EP14236-KRI" 1994241 "EP" "14236-KRI" 1994 9 1 0 90 -1.918 -4.529 1.216 -0.327 0.1 0.121 16.5 14.393 15 61.5543942061226
"2291" "1994242WP12112-mmm" 1994242 "WP" "12112-mmm" 1994 9 6 12 45 -3.736 3.853 -1.091 -0.504 -0.18 0.049 19 19.247 13 62.6568050142634
"2292" "1994244WP07151-mmm" 1994244 "WP" "07151-mmm" 1994 9 10 6 85 -0.864 -2.128 3.356 0.946 -0.75 0.734 30.5 15.28 37 101.914259318735
"2293" "1994247EP18251-LAN" 1994247 "EP" "18251-LAN" 1994 9 6 18 115 0.478 -3.995 2.069 0.946 0.074 0.468 18.4 9.74 21 67.3836472402849
"2294" "1994249EP11200-MEL" 1994249 "EP" "11200-MEL" 1994 9 7 0 35 -1.415 -1.104 -0.202 0.304 0.536 -0.077 11.6 13 1 50.0627232090338
"2295" "1994249WP12136-mmm" 1994249 "WP" "12136-mmm" 1994 9 12 6 50 -5.868 -0.169 -0.427 -0.14 0.369 -0.2 19.5 13.48 9 68.2733006577356
"2296" "1994251WP10180-mmm" 1994251 "WP" "10180-mmm" 1994 9 15 12 135 -10.507 3.152 0.942 0.327 -0.372 0.007 20.2 22.633 35 129.247184000749
"2297" "1994253NA13303-DEB" 1994253 "NA" "13303-DEB" 1994 9 10 6 60 3.981 2.489 0.976 0.295 0.202 -0.261 14.1 1.893 4 42.4152262532977
"2298" "1994257WP13139-mmm" 1994257 "WP" "13139-mmm" 1994 9 17 0 45 -1.199 2.757 0.008 0.229 0.644 0.021 16.3 10.213 17 56.2429236269118
"2299" "1994259EP14244-MIR" 1994259 "EP" "14244-MIR" 1994 9 18 6 40 1.741 -2.696 -1.056 0.049 -0.29 -0.083 16.3 21.593 9 47.8246763188538
"2300" "1994259WP12128-mmm" 1994259 "WP" "12128-mmm" 1994 9 25 0 135 -8.175 3.271 1.36 1.468 -0.4 0.741 20.3 9.12 47 142.08650589857
"2301" "1994262EP16249-NOR" 1994262 "EP" "16249-NOR" 1994 9 20 0 35 0.109 -4.488 -0.677 0.315 -0.326 -0.243 18.1 16.353 1 52.2955537813168
"2302" "1994263WP17170-mmm" 1994263 "WP" "17170-mmm" 1994 9 23 6 95 -6.584 1.078 -0.352 0.855 0.072 0.199 22 16.84 17 87.6575127794914
"2303" "1994265NA10330-ERN" 1994265 "NA" "10330-ERN" 1994 9 23 0 50 -1.726 -1.212 -0.738 -0.601 -0.868 0.159 13.1 21.973 5 56.2690436800704
"2304" "1994265EP13251-OLI" 1994265 "EP" "13251-OLI" 1994 9 25 12 130 -7.381 0.419 0.742 0.414 -0.008 0.2 17.8 4.013 23 94.4281792951856
"2305" "1994268EP15232-PAU" 1994268 "EP" "15232-PAU" 1994 9 27 0 40 -0.636 -3.567 1.278 -0.19 -0.091 -0.248 15.6 15.447 11 57.8162734937274
"2307" "1994273WP08176-mmm" 1994273 "WP" "08176-mmm" 1994 10 7 12 120 -8.393 2.602 -0.565 2.093 0.12 0.65 17.6 20.493 35 119.442086401493
"2308" "1994282EP17247-ROS" 1994282 "EP" "17247-ROS" 1994 10 14 0 90 -6.706 2.227 -0.869 0.095 0.231 0.086 19.8 16.833 19 78.5382738376335
"2309" "1994287WP08176-mmm" 1994287 "WP" "08176-mmm" 1994 10 23 18 115 -5.863 2.389 2.097 0.734 -1.022 0.097 18.1 2.673 49 130.173554940309
"2310" "1994287WP14156-mmm" 1994287 "WP" "14156-mmm" 1994 10 20 6 80 -8.019 -0.777 0.682 -0.443 0.236 0.207 15.3 14.3 25 86.7788615501664
"2311" "1994291WP12170-mmm" 1994291 "WP" "12170-mmm" 1994 10 23 18 125 -11.048 2.502 -0.526 -0.197 -0.138 -0.143 16.4 3.98 27 106.505291203620
"2312" "1994294EP13203-NON" 1994294 "EP" "13203-NON" 1994 10 25 12 35 -8.024 0.438 0.031 -0.806 -0.506 -0.168 12 0.773 1 73.9839902377704
"2313" "1994295WP25188-mmm" 1994295 "WP" "25188-mmm" 1994 10 23 18 35 6.708 0.293 1.57 0.225 0.241 -0.134 24.3 5.207 1 38.4728619745544
"2314" "1994298WP25161-mmm" 1994298 "WP" "25161-mmm" 1994 11 4 6 135 -8.64 3.037 2.117 1.323 -1.011 0.929 18.3 15.427 49 160.617636592538
"2315" "1994302IO11086-mmm" 1994302 "IO" "11086-mmm" 1994 10 31 0 45 -3.08 0.271 -0.544 -0.13 -0.286 -0.258 12.8 5.34 5 59.3886355927716
"2316" "1994306NA23313-FLO" 1994306 "NA" "23313-FLO" 1994 11 8 0 95 -0.336 -1.759 2.39 0.134 0.004 0.048 37 20.673 40 84.4852571001058
"2317" "1994313NA12278-GOR" 1994313 "NA" "12278-GOR" 1994 11 18 0 75 2.3 2.579 0.448 -0.013 0.067 0.156 33.1 19.053 59 73.7444048316277
"2318" "1994315SP07168-mmm" 1994315 "SP" "07168-mmm" 1994 11 15 12 60 -1.293 -2.38 -0.293 -0.138 0.192 0.064 -17.1 23.2 19 58.0196250100284
"2319" "1994317IO08070-mmm" 1994317 "IO" "08070-mmm" 1994 11 19 0 55 -4.863 -0.245 0.426 -0.334 0.418 0.285 8 3.62 23 67.5922299690988
"2320" "1994325SI06076-mmm" 1994325 "SI" "06076-mmm" 1994 11 27 6 115 -9.605 3.071 -0.303 0.732 -0.166 0.109 -11.1 10.76 31 109.296660837096
"2321" "1994344SI09112-mmm" 1994344 "SI" "09112-mmm" 1994 12 18 0 110 -5.114 0.497 1.452 0.614 -1.359 0.333 -18.2 8.013 31 110.393190808418
"2322" "1994345WP06165-mmm" 1994345 "WP" "06165-mmm" 1994 12 20 12 115 -8.429 1.129 1.612 1.055 -0.053 0.82 11.1 20.567 33 114.924515582855
"2323" "1994347SP09167-mmm" 1994347 "SP" "09167-mmm" 1994 12 15 12 35 -8.526 3.403 -0.632 0.251 0.708 0.049 -15.5 23.98 1 71.9448483295759
"2324" "1994348WP04175-mmm" 1994348 "WP" "04175-mmm" 1994 12 21 12 50 1.754 1.793 -1.03 -0.144 -0.385 0.251 13.6 22.307 27 53.1326445037186
"2326" "1994365SI06063-mmm" 1994365 "SI" "06063-mmm" 1995 1 5 6 55 -10.142 1.938 -0.343 -0.085 0.078 -0.022 -17.9 9.933 19 95.8471961835928
"2328" "1995005SI11054-mmm" 1995005 "SI" "11054-mmm" 1995 1 7 0 40 -9.998 2.375 -0.696 -0.14 0.053 0.068 -16.5 3.853 3 82.7732682210571
"2329" "1995017SI10078-mmm" 1995017 "SI" "10078-mmm" 1995 1 22 0 100 -6.629 -0.012 0.367 -0.527 0.318 0.112 -17.5 5.1 15 73.5140670331902
"2330" "1995020SI20038-mmm" 1995020 "SI" "20038-mmm" 1995 1 24 6 45 -4.096 0.39 -0.163 0.467 0.603 -0.424 -22.2 8.727 5 63.8824487220673
"2331" "1995032SI13072-mmm" 1995032 "SI" "13072-mmm" 1995 2 7 12 75 -6.994 -0.109 -0.274 0.081 0.047 -0.2 -16.2 16.527 17 80.7701060654766
"2332" "1995032SI10095-mmm" 1995032 "SI" "10095-mmm" 1995 2 6 0 40 0.646 -2.279 0.813 -0.605 -0.395 0 -18.5 5.56 5 51.3466530368475
"2333" "1995049SI11133-mmm" 1995049 "SI" "11133-mmm" 1995 2 24 12 110 -5.083 -0.81 -0.159 0.324 0.057 -0.092 -21.3 19.7 25 81.5927290974412
"2334" "1995053SI14065-mmm" 1995053 "SI" "14065-mmm" 1995 2 28 0 100 -8.738 1.427 -0.087 -0.151 -0.043 -0.026 -24.6 3.98 31 102.455860842108
"2335" "1995059SP11155-mmm" 1995059 "SP" "11155-mmm" 1995 3 5 12 75 -7.807 -1.421 1.909 -0.7 0.132 0.404 -22.3 22.547 19 89.0281073602044
"2336" "1995063SP13141-mmm" 1995063 "SP" "13141-mmm" 1995 3 5 12 55 -8.57 -1.129 -0.489 0.7 -0.2 -0.878 -16.3 21.287 9 90.446356470374
"2337" "1995064SI13042-mmm" 1995064 "SI" "13042-mmm" 1995 3 9 18 65 -2.809 -2.805 1.2 0.189 0.071 0.384 -13.9 20.86 19 69.1565453828722
"2338" "1995064SI13055-mmm" 1995064 "SI" "13055-mmm" 1995 3 12 0 85 -4.045 -1.261 -0.584 0.391 -0.223 -0.092 -15.8 3.807 33 81.0099377198905
"2340" "1995088SI10078-mmm" 1995088 "SI" "10078-mmm" 1995 4 3 18 125 -9.511 2.368 -0.3 -0.381 0.01 0.079 -16.4 22.627 31 98.0834024647775
"2341" "1995089SI09131-mmm" 1995089 "SI" "09131-mmm" 1995 4 7 12 125 -4.242 -1.694 -0.21 0.733 0.001 0.309 -15 20.247 17 74.3864285320783
"2343" "1995106SP09144-mmm" 1995106 "SP" "09144-mmm" 1995 4 19 0 110 -2.681 -0.585 2.52 0.36 -0.982 0.561 -12.9 9.847 15 81.5468701865421
"2344" "1995113WP06169-mmm" 1995113 "WP" "06169-mmm" 1995 4 29 0 35 1.053 2.112 -1.317 -0.102 0.996 0.067 5.7 10.893 1 36.5891345083106
"2345" "1995148WP07150-mmm" 1995148 "WP" "07150-mmm" 1995 6 3 6 50 -9.208 2.339 -0.765 -0.539 0.14 -0.14 13.9 13.94 7 76.170987567591
"2346" "1995150WP05156-mmm" 1995150 "WP" "05156-mmm" 1995 6 4 6 40 -4.569 -0.676 -0.328 -0.213 -0.061 0.074 13.3 15.587 3 61.9389085461225
"2347" "1995154NA17276-ALL" 1995154 "NA" "17276-ALL" 1995 6 4 12 65 -4.888 -2.458 0.27 0.695 0.664 0.048 24.7 6.253 9 71.9688730739442
"2348" "1995167EP11254-ADO" 1995167 "EP" "11254-ADO" 1995 6 18 6 115 -2.194 -2.489 0.788 1.215 -0.462 0.202 17.1 22.813 19 79.3112469258853
"2349" "1995186NA32288-BAR" 1995186 "NA" "32288-BAR" 1995 7 7 18 60 5.091 0.224 -0.27 0.571 -0.086 0.209 33.2 13.32 5 45.3320034979185
"2350" "1995189EP11257-BAR" 1995189 "EP" "11257-BAR" 1995 7 13 18 120 -2.417 -3.043 2.175 -0.049 -0.248 0.222 14.2 9.7 45 86.4044731003397
"2351" "1995193NA17305-CHA" 1995193 "NA" "17305-CHA" 1995 7 17 0 60 -2.391 -2.238 -1.028 0.714 -0.116 0.09 27.2 19.373 25 74.6719097877333
"2352" "1995193WP06156-mmm" 1995193 "WP" "06156-mmm" 1995 7 21 12 105 -6.165 0.42 1.509 0.133 -0.569 -0.127 25.4 20.453 37 109.906169941286
"2353" "1995198EP17252-COS" 1995198 "EP" "17252-COS" 1995 7 19 18 65 0.4 -3.339 0.416 0.164 -0.151 -0.092 20.8 10.307 13 57.4617820442824
"2354" "1995206EP13252-DAL" 1995206 "EP" "13252-DAL" 1995 7 28 18 55 -5.359 -1.641 0.017 0.497 0.512 0.139 16.2 10.273 29 80.125544584665
"2355" "1995206WP15133-mmm" 1995206 "WP" "15133-mmm" 1995 7 28 0 35 -1.749 4.264 -1.367 0.519 0.911 0.401 17.3 8.16 1 48.8411067309174
"2356" "1995208WP19120-mmm" 1995208 "WP" "19120-mmm" 1995 7 30 6 65 -6.828 2.954 -1.379 0.313 0.126 0.094 19.5 13.833 15 77.7417913749881
"2357" "1995210NA26273-DEA" 1995210 "NA" "26273-DEA" 1995 7 31 0 40 2.62 2.488 -1.007 -0.746 -0.036 0.035 29 17.667 3 42.1134915533633
"2358" "1995212NA22287-ERI" 1995212 "NA" "22287-ERI" 1995 8 3 12 80 -4.939 -1.117 1.508 -0.543 -0.229 0.234 29.8 6.227 29 89.2175847007997
"2359" "1995214EP15249-ERI" 1995214 "EP" "15249-ERI" 1995 8 5 0 55 -2.896 -0.619 0.06 -0.211 -0.153 -0.372 17.2 16.053 7 61.211704195602
"2360" "1995215WP12145-mmm" 1995215 "WP" "12145-mmm" 1995 8 12 0 70 -3.392 0.102 -0.81 -0.625 0.425 0.623 22.4 7.64 25 63.2630129445506
"2361" "1995220EP15256-FLO" 1995220 "EP" "15256-FLO" 1995 8 10 12 70 -7.302 0.838 -0.656 -0.185 0.266 0.094 20 4.713 15 77.1195372782243
"2362" "1995220NA14329-FEL" 1995220 "NA" "14329-FEL" 1995 8 12 18 120 -6.999 1.948 -0.218 0.765 -0.507 -0.047 24.3 13.933 33 109.071382721917
"2363" "1995222NA24265-GAB" 1995222 "NA" "24265-GAB" 1995 8 11 18 60 -7.174 1.025 -1.222 0.193 0.276 0.148 23.6 11.5 11 76.939064164267
"2364" "1995225WP12124-mmm" 1995225 "WP" "12124-mmm" 1995 8 19 0 60 0.085 -3.705 -0.108 0.368 0.348 -0.544 19.5 7.433 13 54.3863721817186
"2365" "1995229WP12144-mmm" 1995229 "WP" "12144-mmm" 1995 8 24 12 55 -4.296 0.68 -1.2 -0.565 -0.322 0.065 27.5 20.14 25 74.3437278964526
"2366" "1995233EP16261-GIL" 1995233 "EP" "16261-GIL" 1995 8 24 12 55 -4.029 -2.491 0.198 0.194 -0.071 -0.597 19.7 4.353 29 80.007824437922
"2368" "1995233WP16115-mmm" 1995233 "WP" "16115-mmm" 1995 8 28 0 65 -8.462 1.341 -0.063 -0.814 0.083 0.04 18.3 7.333 13 79.0239173841491
"2369" "1995234NA13327-HUM" 1995234 "NA" "13327-HUM" 1995 8 24 18 95 -7.985 0.641 -0.493 0.196 0.488 0.094 15.7 15.12 21 82.895475982372
"2370" "1995235NA13311-IRI" 1995235 "NA" "13311-IRI" 1995 9 1 6 95 -4.187 -0.895 1.03 -0.805 0.142 0.098 25.5 2.08 77 106.999465891554
"2371" "1995235NA24281-JER" 1995235 "NA" "24281-JER" 1995 8 23 12 35 1.138 0.314 -0.147 0.597 -0.617 -0.177 26.4 6.687 1 56.5916231892936
"2372" "1995236WP10134-mmm" 1995236 "WP" "10134-mmm" 1995 8 29 12 130 -8.313 1.738 -0.914 1.392 0.373 -0.442 19.1 20.267 29 102.274831986835
"2373" "1995239NA15327-KAR" 1995239 "NA" "15327-KAR" 1995 8 28 18 45 2.052 -0.561 0.009 0.354 0.272 -0.407 17.4 15.093 5 46.2419256009185
"2374" "1995240NA11337-LUI" 1995240 "NA" "11337-LUI" 1995 9 3 6 120 -6.455 2.79 2.784 0.889 -1.066 0.305 17.4 2.547 43 134.934993999853
"2375" "1995240WP24151-mmm" 1995240 "WP" "24151-mmm" 1995 9 1 6 95 2.203 -4.253 -0.44 0.315 -0.136 0.137 34.9 16.72 17 56.7597327509151
"2376" "1995244EP16256-HEN" 1995244 "EP" "16256-HEN" 1995 9 4 12 85 -3.827 -0.369 0.281 1.313 -0.182 -0.572 22.6 4.687 17 84.1086165774336
"2377" "1995244WP08139-mmm" 1995244 "WP" "08139-mmm" 1995 9 6 18 45 4.204 0.225 -0.221 0.098 0.317 0.246 19.9 1.46 31 48.1674078775908
"2379" "1995250WP09161-mmm" 1995250 "WP" "09161-mmm" 1995 9 15 6 140 -8.184 3.411 1.693 2.001 -0.367 0.185 24.1 15.16 23 130.560752684429
"2380" "1995252WP08142-mmm" 1995252 "WP" "08142-mmm" 1995 9 18 12 90 -6.529 0.416 -0.013 -0.906 -0.126 0.251 23 21.193 31 84.6515589968649
"2381" "1995255IO14104-mmm" 1995255 "IO" "14104-mmm" 1995 9 16 18 45 -4.684 -0.676 0.156 -0.012 0.318 0.04 21.6 23.827 3 64.8993328560757
"2382" "1995256NA12309-MAR" 1995256 "NA" "12309-MAR" 1995 9 16 18 100 -5.143 -0.021 -0.59 -0.131 -0.049 0.265 19.7 13.573 31 80.4644149450304
"2383" "1995256EP15253-ISM" 1995256 "EP" "15253-ISM" 1995 9 14 12 70 -5.527 0.016 -0.612 0.315 -0.104 -0.293 20.8 4.767 13 76.5471770950673
"2384" "1995258WP14115-mmm" 1995258 "WP" "14115-mmm" 1995 9 21 18 130 -9.113 3.376 1.089 0.844 -0.163 0.262 20.9 1.98 45 133.319359427494
"2385" "1995260EP15255-JUL" 1995260 "EP" "15255-JUL" 1995 9 20 12 130 -6.435 1.507 1.292 0.698 -0.936 0.488 17.8 4.433 25 107.691373068629
"2387" "1995264WP06174-mmm" 1995264 "WP" "06174-mmm" 1995 9 30 12 95 -9.471 1.963 -1.023 0.098 0.067 -0.07 13.8 20.113 17 88.1895467787384
"2388" "1995270NA10322-NOE" 1995270 "NA" "10322-NOE" 1995 9 28 18 65 -4.523 -0.596 -0.337 0.17 0.063 -0.021 15.2 15.16 11 67.5969170208962
"2389" "1995271NA19273-OPA" 1995271 "NA" "19273-OPA" 1995 10 4 12 130 -8.772 1.217 -1.021 0.461 0.358 -0.026 27.3 6.1 33 102.702881183690
"2392" "1995277WP07141-mmm" 1995277 "WP" "07141-mmm" 1995 10 12 0 75 -7.288 0.071 0.057 -0.626 -0.031 0.035 17.8 7.26 17 79.0320370485919
"2393" "1995278NA08329-PAB" 1995278 "NA" "08329-PAB" 1995 10 6 0 50 -2.298 2.373 0.993 0.112 0.678 0.189 11.5 21.207 5 54.7547389227354
"2394" "1995279WP15153-mmm" 1995279 "WP" "15153-mmm" 1995 10 10 18 45 -4.466 -1.67 0.378 -0.213 0.086 0.02 24.8 3.347 7 68.4531202002771
"2395" "1995281NA14278-ROX" 1995281 "NA" "14278-ROX" 1995 10 11 0 100 -10.031 2.343 -1.051 -0.202 0.212 0.007 20 18.2 17 89.6376594028344
"2396" "1995284IO17074-mmm" 1995284 "IO" "17074-mmm" 1995 10 13 12 50 7.072 2.951 -0.213 0.047 0.087 0.136 17.1 16.553 8 35.3133910890573
"2397" "1995287WP08163-mmm" 1995287 "WP" "08163-mmm" 1995 10 19 12 140 -8.793 0.334 1.356 -0.989 -0.137 -0.119 21 20.98 23 94.130194304395
"2398" "1995292WP08150-mmm" 1995292 "WP" "08150-mmm" 1995 10 26 0 65 -9.748 0.745 -0.505 -0.063 0.1 0.064 13.6 7.28 19 90.8660709890522
"2399" "1995293WP05177-mmm" 1995293 "WP" "05177-mmm" 1995 11 1 0 155 -10.776 2.181 1.623 0.343 -0.457 0.644 12.7 8.64 49 144.623390906259
"2400" "1995294NA14306-SEB" 1995294 "NA" "14306-SEB" 1995 10 22 18 55 7.086 3.152 -0.202 -0.324 0.011 0.174 21.5 14.1 15 37.0076627390033
"2401" "1995294WP05163-mmm" 1995294 "WP" "05163-mmm" 1995 10 30 12 120 -9.551 1.075 -1.157 0.529 0.15 -0.083 13.8 19.647 35 103.381077999418
"2402" "1995300NA25301-TAN" 1995300 "NA" "25301-TAN" 1995 10 30 18 75 -0.039 -1.424 0.741 -0.075 -0.136 0.191 33.8 14.547 27 69.1579702133714
"2403" "1995302WP17174-mmm" 1995302 "WP" "17174-mmm" 1995 11 2 12 50 -1.228 -5.322 1.405 0.384 0.541 -0.109 26.1 22.147 7 60.6006966833698
"2404" "1995310IO09096-mmm" 1995310 "IO" "09096-mmm" 1995 11 8 18 70 -8.912 2.684 -0.76 -0.224 0.189 0.149 16.5 23.613 13 81.4403589653045
"2405" "1995314WP25186-mmm" 1995314 "WP" "25186-mmm" 1995 11 12 6 35 9.084 1.41 0.279 -0.057 0.379 0.072 16.3 17.853 1 29.2191303428876
"2406" "1995319SI05092-mmm" 1995319 "SI" "05092-mmm" 1995 11 21 6 150 -7.168 2.086 1.475 0.733 -0.568 0.407 -12.8 11.627 33 111.303936046742
"2407" "1995323IO05097-mmm" 1995323 "IO" "05097-mmm" 1995 11 24 6 105 -6.821 2.793 -0.488 -0.125 0.303 0.041 15.1 11.713 15 73.6881476924874
"2409" "1995337SI14102-mmm" 1995337 "SI" "14102-mmm" 1995 12 8 18 40 2.839 1.919 -0.25 0.176 0.097 0.143 -9.4 0.16 3 41.4520474050741
"2410" "1995340SI10116-mmm" 1995340 "SI" "10116-mmm" 1995 12 10 6 115 -7.247 3.84 1.955 0.407 -0.032 -0.195 -19.9 13.653 23 100.144301356968
"2412" "1995348SI16135-mmm" 1995348 "SI" "16135-mmm" 1995 12 20 12 75 0.282 -1.738 -0.384 1.046 0.058 -0.019 -21.2 20.167 21 63.0784073334811
"2413" "1995357WP07139-mmm" 1995357 "WP" "07139-mmm" 1995 12 27 18 55 -12.034 2.749 -1.29 0.308 0.366 0.104 9.9 2.56 6 89.1472638453564
"2414" "1995366SI08075-mmm" 1995366 "SI" "08075-mmm" 1996 1 9 12 135 -7.97 2.85 0.595 0.441 -0.058 -0.148 -18.7 15.62 27 101.088088706481
"2415" "1996002SI15133-mmm" 1996002 "SI" "15133-mmm" 1996 1 5 6 80 -5.172 -1.701 -0.028 -0.004 -0.887 -0.36 -16.1 15.393 7 76.7644064477883
"2416" "1996007SI11099-mmm" 1996007 "SI" "11099-mmm" 1996 1 9 0 75 -2.826 -2.98 1.107 0.057 0.283 -0.042 -13.3 6.16 13 63.275849674059
"2418" "1996021SP16152-mmm" 1996021 "SP" "16152-mmm" 1996 1 27 0 65 -5.395 1.175 1.63 -0.749 -0.285 -0.057 -19.6 9.88 5 72.1759985960333
"2419" "1996025SI14125-mmm" 1996025 "SI" "14125-mmm" 1996 1 29 0 45 -4.186 1.063 -0.407 -0.301 0.268 -0.082 -13.1 7.827 5 58.2577112754388
"2420" "1996026SP14143-mmm" 1996026 "SP" "14143-mmm" 1996 2 3 18 90 -10.516 1.11 -0.33 -0.1 0.022 -0.26 -17.9 1.82 25 102.685497300063
"2422" "1996037SI09095-mmm" 1996037 "SI" "09095-mmm" 1996 2 7 6 35 5.693 1.728 0.89 0.192 0.109 0.018 -10.8 12.213 1 37.0506402108276
"2423" "1996042SI13139-mmm" 1996042 "SI" "13139-mmm" 1996 2 16 6 45 -3.369 -1.772 -0.049 -1.035 -0.502 0.174 -13.1 15.74 24 66.2808130855368
"2424" "1996043SI07053-mmm" 1996043 "SI" "07053-mmm" 1996 2 17 6 75 -6.198 0.774 -0.509 -0.188 -0.66 -0.199 -10.7 8.827 19 80.0931178838942
"2425" "1996046SI14087-mmm" 1996046 "SI" "14087-mmm" 1996 2 15 18 35 9.047 1.623 -0.218 0.238 0.045 -0.148 -15.3 23.527 1 30.6134088756021
"2426" "1996049SI10068-mmm" 1996049 "SI" "10068-mmm" 1996 2 26 18 95 -3.898 0.947 0.34 -0.075 -0.057 -0.344 -20.4 21.253 34 80.7888860532943
"2428" "1996057SI12074-mmm" 1996057 "SI" "12074-mmm" 1996 2 28 18 115 -5.826 0.147 0.038 0.241 -0.077 -0.033 -16.9 22.407 13 77.3861018610148
"2429" "1996064SP12155-mmm" 1996064 "SP" "12155-mmm" 1996 3 12 6 55 -2.966 -3.046 -0.862 0.605 -0.2 -0.294 -22 17.42 13 69.1505824611072
"2430" "1996066SI17129-mmm" 1996066 "SI" "17129-mmm" 1996 3 11 18 100 -6.992 -0.41 -0.133 0.631 0.046 -0.226 -19.9 1.98 27 94.130239810457
"2431" "1996067SI16138-mmm" 1996067 "SI" "16138-mmm" 1996 3 9 18 45 -0.965 1.939 -0.692 -0.018 -0.183 0.294 -12.6 3.46 9 53.9772843068115
"2432" "1996069SP21167-mmm" 1996069 "SP" "21167-mmm" 1996 3 10 6 40 -4.989 -0.029 -1.531 0.342 0.195 -0.173 -24.3 17.62 3 65.6082821255829
"2433" "1996078SI14070-mmm" 1996078 "SI" "14070-mmm" 1996 3 22 6 35 0.241 -3.906 1.644 -0.392 -0.098 0.164 -18.5 9.847 1 52.0200820158737
"2434" "1996079SP12170-mmm" 1996079 "SP" "12170-mmm" 1996 3 26 18 105 -10.098 1.611 -0.246 0.183 0.25 0.111 -19.6 4.98 31 106.109824419233
"2435" "1996090WP04150-mmm" 1996090 "WP" "04150-mmm" 1996 4 6 18 40 -3.823 0.636 -0.127 0.231 0.549 0.048 10.2 2.447 26 67.180840497787
"2436" "1996093SI17075-mmm" 1996093 "SI" "17075-mmm" 1996 4 6 6 95 -6.256 0.664 0.082 0.068 0.398 0.364 -19.9 10.247 27 82.5447340545175
"2437" "1996095SI09133-mmm" 1996095 "SI" "09133-mmm" 1996 4 10 0 125 -8.712 2.044 -0.299 0.64 0.224 -0.07 -18.6 7.653 40 109.306122650042
"2438" "1996098SI13085-mmm" 1996098 "SI" "13085-mmm" 1996 4 14 0 140 -6.6 3.475 1.689 0.105 0.157 -0.435 -15 4.233 43 101.498073692583
"2441" "1996122SI05093-mmm" 1996122 "SI" "05093-mmm" 1996 5 5 0 60 -9.481 1.008 -0.177 -0.275 0.054 0.057 -14.2 5.96 15 87.2283993805074
"2442" "1996122IO08092-mmm" 1996122 "IO" "08092-mmm" 1996 5 7 18 40 1.161 -1.679 -0.827 0.069 -0.321 0.059 20.4 0.06 3 49.1811822119813
"2443" "1996128WP07138-mmm" 1996128 "WP" "07138-mmm" 1996 5 14 0 125 -7.69 3.529 2.398 1.651 -0.969 0.368 15.7 8.387 33 139.598445222601
"2444" "1996134EP11246-mmm" 1996134 "EP" "11246-mmm" 1996 5 14 6 45 0.726 -1.243 -0.758 -1.061 -0.193 -0.078 12.1 22.08 4 42.6327171741931
"2445" "1996137WP13111-mmm" 1996137 "WP" "13111-mmm" 1996 5 22 18 60 -7.176 -1.112 -0.044 -0.101 0.288 -0.117 20.6 2.133 21 82.783711830747
"2446" "1996161IO17063-mmm" 1996161 "IO" "17063-mmm" 1996 6 11 0 40 -3.868 0.956 -0.603 0.2 0.19 -0.018 18.6 3.913 3 61.3381522172255
"2447" "1996163IO08088-mmm" 1996163 "IO" "08088-mmm" 1996 6 13 0 45 -7.673 3.493 -1.195 -0.228 0.194 0.176 12.2 5.58 5 68.844278740109
"2449" "1996170NA27282-ART" 1996170 "NA" "27282-ART" 1996 6 21 18 45 -5.582 2.111 -0.449 -0.468 -0.297 -0.135 37.8 14.253 14 81.272186331821
"2450" "1996172EP13261-ALM" 1996172 "EP" "13261-ALM" 1996 6 23 12 90 -5.422 0.03 -0.347 -0.192 -0.182 0.112 17.2 5.147 23 77.7075210705921
"2451" "1996179EP13266-BOR" 1996179 "EP" "13266-BOR" 1996 6 29 12 80 -8.304 0.968 -0.457 0.164 0.457 -0.084 16.6 5.28 9 78.0358225532962
"2452" "1996184EP09271-CRI" 1996184 "EP" "09271-CRI" 1996 7 3 6 60 -6.616 0.11 -0.617 0.387 0.464 0.043 15.3 23.607 11 72.7477466746868
"2453" "1996186WP19156-mmm" 1996186 "WP" "19156-mmm" 1996 7 9 0 75 -7.561 0.009 -0.085 -0.073 0.274 0.159 25.5 9.367 21 87.1710223392657
"2454" "1996187NA10326-BER" 1996187 "NA" "10326-BER" 1996 7 9 6 100 -7.018 0.621 0.407 -0.828 0.373 0.157 20.3 1.487 31 82.4877311630894
"2455" "1996190SI07096-mmm" 1996190 "SI" "07096-mmm" 1996 7 10 18 35 -2.511 1.381 -1.315 0.212 -0.1 0.136 -11.8 0.14 1 54.4417527235111
"2456" "1996192WP19152-mmm" 1996192 "WP" "19152-mmm" 1996 7 16 0 140 -6.887 0.646 -0.222 -0.077 -0.892 -0.164 24 9.02 21 95.881532988683
"2457" "1996201WP07137-mmm" 1996201 "WP" "07137-mmm" 1996 7 24 12 90 -9.909 0.874 -0.786 0.273 0.251 -0.029 17.8 20.227 21 95.4789155720252
"2458" "1996202WP17115-mmm" 1996202 "WP" "17115-mmm" 1996 7 23 12 90 -7.477 3.078 -0.737 -0.292 -0.087 0.205 20.1 19.147 15 80.2892244161138
"2459" "1996203WP12152-mmm" 1996203 "WP" "12152-mmm" 1996 7 30 18 140 -5.916 3.258 3.336 2.398 0.205 0.16 23.1 2.407 53 147.485501181957
"2460" "1996207NA12297-CES" 1996207 "NA" "12297-CES" 1996 7 27 12 70 -6.507 4.341 -1.811 -0.781 0.4 -0.085 11.6 6.7 18 63.4238121310492
"2461" "1996208WP20165-mmm" 1996208 "WP" "20165-mmm" 1996 8 1 18 75 0.24 -1.328 -0.817 -0.626 -1.106 0.064 30.7 4.127 25 66.0064201997567
"2462" "1996209WP12144-mmm" 1996209 "WP" "12144-mmm" 1996 7 29 6 40 -0.587 1.611 -0.432 0.608 0.127 0.227 19 15.413 11 57.5991359691642
"2463" "1996210WP05156-mmm" 1996210 "WP" "05156-mmm" 1996 8 12 6 95 -4.425 5.223 2.655 0.469 0.799 -0.654 26.4 14.52 55 104.491021612146
"2464" "1996211EP13270-DOU" 1996211 "EP" "13270-DOU" 1996 8 1 0 115 -4.853 0.512 0.364 0.75 -0.018 0.571 17.6 16.8 25 84.9899933273878
"2465" "1996217WP16111-mmm" 1996217 "WP" "16111-mmm" 1996 8 5 18 40 -3.785 0.22 -1.311 -0.662 -0.238 -0.017 19 1.653 3 57.4852254068986
"2467" "1996225WP23108-mmm" 1996225 "WP" "23108-mmm" 1996 8 13 18 50 0.004 0.61 -0.14 0.788 0.112 -0.283 20.3 1.12 5 55.6280329664844
"2469" "1996227WP08156-mmm" 1996227 "WP" "08156-mmm" 1996 8 21 18 95 -6.834 -1.782 1.216 -0.014 1.071 0.597 18.1 1.353 29 81.7901619721786
"2470" "1996227WP15176-mmm" 1996227 "WP" "15176-mmm" 1996 8 25 6 115 -5.801 0.97 0.837 1.081 -0.357 0.994 24.7 15.82 23 101.107527476434
"2471" "1996228SI05084-mmm" 1996228 "SI" "05084-mmm" 1996 8 18 0 45 -0.614 -3.588 0.044 0.148 -0.341 -0.268 -11.6 5.733 9 56.356477302796
"2472" "1996232WP21170-mmm" 1996232 "WP" "21170-mmm" 1996 8 25 0 65 2.349 -2.8 -1.186 0.52 -0.087 -0.592 34.2 10.593 15 54.3403838334990
"2474" "1996233NA12340-EDO" 1996233 "NA" "12340-EDO" 1996 8 25 6 125 -6.531 0.21 0.781 -0.957 0.223 -0.222 15.4 2.867 25 76.5279220351038
"2475" "1996237NA14339-FRA" 1996237 "NA" "14339-FRA" 1996 9 4 12 105 -5.977 0.54 0.449 -0.814 0.122 -0.032 27 7.02 65 106.719972363794
"2477" "1996239NA13337-GUS" 1996239 "NA" "13337-GUS" 1996 8 29 0 40 -2.375 -2.87 0.666 -0.025 0.293 0.245 12.5 21.653 7 57.2637367004155
"2478" "1996240WP22168-mmm" 1996240 "WP" "22168-mmm" 1996 8 27 12 35 -0.628 0.69 -1.927 -0.408 0.074 -0.008 22.8 23.267 1 46.8861845097725
"2479" "1996244EP13257-ELI" 1996244 "EP" "13257-ELI" 1996 9 4 0 55 -3.015 -0.903 0.59 -0.256 -0.051 -0.315 21.7 16.547 15 67.2527999501629
"2480" "1996246WP08148-mmm" 1996246 "WP" "08148-mmm" 1996 9 7 18 140 -10.677 2.584 -0.974 -0.153 0.137 -0.289 19.1 2.1 19 95.3423239337278
"2481" "1996247SI09084-mmm" 1996247 "SI" "09084-mmm" 1996 9 7 6 40 2.762 0.003 -0.364 -0.191 0.085 0.186 -8.7 11.107 3 39.8307808645908
"2482" "1996248NA15319-HOR" 1996248 "NA" "15319-HOR" 1996 9 13 0 120 -3.738 -0.551 0.229 1.036 0.36 0.083 25.9 19.233 47 95.651954312705
"2483" "1996250WP08148-mmm" 1996250 "WP" "08148-mmm" 1996 9 12 6 45 -1.24 4.216 -1.301 -0.469 0.362 0.227 15.8 13.333 5 47.1690870084334
"2484" "1996252WP11162-mmm" 1996252 "WP" "11162-mmm" 1996 9 15 18 75 -7.095 -0.387 -0.484 0.092 0.063 0.284 21.4 3.673 27 88.9230745357069
"2485" "1996254WP13138-mmm" 1996254 "WP" "13138-mmm" 1996 9 15 18 130 -7.369 2.64 1.858 2.475 -0.329 1.212 19.3 2.44 29 133.285695382355
"2486" "1996254EP14258-FAU" 1996254 "EP" "14258-FAU" 1996 9 12 6 105 -3.033 -1.381 1.105 0.998 -0.655 0.339 19.8 22.7 13 82.0898925983786
"2488" "1996260WP19107-mmm" 1996260 "WP" "19107-mmm" 1996 9 19 6 65 -5.122 -0.202 0.361 0.038 0.217 -0.34 19.9 13.433 15 73.5833662380162
"2489" "1996261WP08184-mmm" 1996261 "WP" "08184-mmm" 1996 9 25 0 130 -8.612 0.561 0.415 -0.028 -0.275 0.092 15.9 9.853 19 94.7073606185938
"2490" "1996265WP06154-mmm" 1996265 "WP" "06154-mmm" 1996 9 28 0 110 -6.276 0.228 1.454 -0.385 -0.353 -0.212 22.9 8.353 29 94.94806614229
"2491" "1996269NA09337-ISI" 1996269 "NA" "09337-ISI" 1996 9 28 0 100 -4.253 0.56 -0.792 0.139 0.052 0.106 15.8 21.14 23 71.2567506082388
"2492" "1996272EP16250-GEN" 1996272 "EP" "16250-GEN" 1996 9 28 18 45 -2.949 -2.05 -0.297 -0.086 -0.21 -0.012 15.4 10.427 7 61.0316258682699
"2493" "1996274EP13261-HER" 1996274 "EP" "13261-HER" 1996 10 2 12 75 -9.404 1.973 -1.276 -0.026 -0.177 -0.03 17.9 5.127 15 89.3476891340052
"2494" "1996279NA23264-JOS" 1996279 "NA" "23264-JOS" 1996 10 7 12 60 -5.689 -1.154 -1.246 1.336 0.164 -0.216 26.9 6.18 7 79.8683604549222
"2495" "1996282WP11162-mmm" 1996282 "WP" "11162-mmm" 1996 10 17 12 90 -6.215 -1.979 1.045 -0.836 0.045 -0.027 17.7 20.187 25 79.7890235464522
"2496" "1996283WP12133-mmm" 1996283 "WP" "12133-mmm" 1996 10 12 12 50 2.362 3.03 -0.46 -0.244 0.358 -0.374 17.7 19.967 3 41.0152582904135
"2498" "1996286NA17274-KYL" 1996286 "NA" "17274-KYL" 1996 10 11 18 45 0.976 -1.852 -1.618 1.148 -0.532 -0.318 16.9 12.193 2 53.477093903435
"2500" "1996289NA13280-LIL" 1996289 "NA" "13280-LIL" 1996 10 19 12 100 -7.697 0.201 -0.301 0.263 0.703 0.198 24.4 7.067 27 88.4100912889956
"2501" "1996289SI05093-mmm" 1996289 "SI" "05093-mmm" 1996 10 18 6 65 -3.896 -1.676 -0.271 0.207 -0.002 -0.023 -11.1 11.26 13 65.6963324369124
"2502" "1996291WP17168-mmm" 1996291 "WP" "17168-mmm" 1996 10 24 0 105 -5.105 0.57 0.397 0.571 -0.595 -0.276 22.6 9.653 21 91.1400437144136
"2503" "1996296IO09093-mmm" 1996296 "IO" "09093-mmm" 1996 10 26 12 45 3.609 2.271 -1.253 -0.281 -0.125 0.104 13.6 17.693 7 39.4282801098234
"2505" "1996302SI07095-mmm" 1996302 "SI" "07095-mmm" 1996 11 7 0 125 -6.422 0.929 0.793 0.16 0.254 -0.213 -12.4 5.247 65 110.677172967653
"2506" "1996303WP07155-mmm" 1996303 "WP" "07155-mmm" 1996 11 7 6 50 -2.281 0.787 -1.218 0.695 0.084 0.019 12.1 14.013 11 59.5374514216545
"2507" "1996305WP11121-mmm" 1996305 "WP" "11121-mmm" 1996 11 2 12 40 -6.18 3.486 -0.56 0.079 0.382 0.039 13.6 19.413 3 65.2911903288348
"2508" "1996306IO15097-mmm" 1996306 "IO" "15097-mmm" 1996 11 6 6 115 -2.167 -1.673 1.534 -1.101 -0.25 -0.145 16.2 11.527 17 61.9301642177764
"2509" "1996307WP09154-mmm" 1996307 "WP" "09154-mmm" 1996 11 9 12 140 -11.415 2.337 -0.636 0.608 0.322 0.032 14.5 21.107 41 120.849943910709
"2510" "1996309WP21175-mmm" 1996309 "WP" "21175-mmm" 1996 11 5 0 50 0.365 0.199 -1.308 -0.031 0.126 0.128 23.5 11.58 5 48.6093764054356
"2512" "1996319NA11283-MAR" 1996319 "NA" "11283-MAR" 1996 11 20 6 65 -7.757 -1.152 0.55 -0.011 0.344 -0.111 13.8 0.767 9 77.5702727668698
"2513" "1996324SP04164-mmm" 1996324 "SP" "04164-mmm" 1996 11 24 0 50 -1.96 -3.308 0.53 0.065 0.548 0.009 -16.2 10.74 7 55.5569965065873
"2514" "1996325SI08104-mmm" 1996325 "SI" "08104-mmm" 1996 11 26 0 65 -6.937 0.791 -0.671 0.328 0.261 0.179 -8.8 5.473 15 74.6646156926407
"2516" "1996332IO09092-mmm" 1996332 "IO" "09092-mmm" 1996 12 4 12 75 0.442 -0.349 -0.446 -0.122 0.04 -0.099 14.5 17.487 51 66.2154627916752
"2517" "1996337SI07069-mmm" 1996337 "SI" "07069-mmm" 1996 12 5 18 120 -7.022 3.099 1.386 0.506 0.036 -0.489 -14.2 21.74 21 92.2778738683594
"2518" "1996339SI03094-mmm" 1996339 "SI" "03094-mmm" 1996 12 11 12 55 -4.604 0.894 1.124 -1.129 0.013 -0.01 -13.1 17.287 15 64.9069495645094
"2519" "1996346SI09129-mmm" 1996346 "SI" "09129-mmm" 1996 12 14 0 45 -5.614 1.062 -1.12 -0.578 -0.031 0.356 -14.7 8.253 7 63.1228216171437
"2521" "1996349SI10109-mmm" 1996349 "SI" "10109-mmm" 1996 12 16 0 55 -5.058 -2.038 0.129 0.004 -0.272 0.108 -11.5 7.36 11 71.2972955115115
"2522" "1996353WP05151-mmm" 1996353 "WP" "05151-mmm" 1996 12 26 12 80 -11.362 0.14 0.856 -1.006 0.092 0.192 11.7 21.253 41 110.692211775000
"2523" "1996354SP05170-mmm" 1996354 "SP" "05170-mmm" 1996 12 27 18 90 -10.849 1.324 -0.098 -0.162 0.523 0.207 -17.6 5.133 31 102.643566770604
"2524" "1996356WP08110-mmm" 1996356 "WP" "08110-mmm" 1996 12 25 0 45 -1.068 1.952 -2.307 0.59 0.471 -0.108 6.6 7.593 5 46.5857200976825
"2525" "1996357SI10136-mmm" 1996357 "SI" "10136-mmm" 1996 12 29 6 85 -2.669 0.938 -0.678 -0.233 -0.256 -0.078 -15.6 13.973 45 76.8286692492113
"2526" "1996361SI12060-mmm" 1996361 "SI" "12060-mmm" 1997 1 4 6 60 -0.543 -2.092 -0.795 1.308 0.587 0.119 -15.7 9.367 13 57.0090766102219
"2527" "1996365SI15137-mmm" 1996365 "SI" "15137-mmm" 1997 1 6 18 80 -3.755 -2.027 -0.498 0.804 0.648 0.162 -18.9 1.947 33 76.0976905770243
"2528" "1997001SP10176-mmm" 1997001 "SP" "10176-mmm" 1997 1 5 6 120 -10.732 2.91 -0.992 0.384 -0.117 0.355 -15.5 16.613 21 103.441633984437
"2529" "1997008SI16093-mmm" 1997008 "SI" "16093-mmm" 1997 1 11 12 45 -0.635 -0.544 -0.444 0.402 -0.319 0.026 -19.2 18.107 5 57.377908997342
"2531" "1997011WP04176-mmm" 1997011 "WP" "04176-mmm" 1997 1 20 0 50 -4.843 0.747 -0.127 0.209 0.311 -0.237 7 9.16 7 62.6441103853405
"2532" "1997013SI08101-mmm" 1997013 "SI" "08101-mmm" 1997 1 22 6 125 -6.924 0.307 -0.234 0.203 0.068 -0.323 -13 12.067 19 81.0457123098831
"2533" "1997018SI10074-mmm" 1997018 "SI" "10074-mmm" 1997 1 27 0 75 -6.225 -0.891 -0.246 0.702 0.429 -0.109 -16.4 4.707 29 85.7496200677346
"2534" "1997018SI11059-mmm" 1997018 "SI" "11059-mmm" 1997 1 24 6 115 -6.107 0.61 1.283 -0.119 0.062 -0.027 -22.6 9.233 33 93.4999936853085
"2535" "1997021SP16172-mmm" 1997021 "SP" "16172-mmm" 1997 1 27 6 65 -4.88 0.882 -0.863 0.594 -0.128 -0.34 -23.8 17.767 11 75.639592070771
"2536" "1997032SI17055-mmm" 1997032 "SI" "17055-mmm" 1997 2 13 12 90 -6.413 0.374 -0.287 0.47 0.283 0.176 -22.4 14.673 39 95.5965658972619
"2537" "1997039SP10155-mmm" 1997039 "SP" "10155-mmm" 1997 2 10 18 45 -0.805 -1.111 0.082 -0.358 0.01 -0.044 -15.3 3.94 5 51.5038105683868
"2538" "1997042SI13096-mmm" 1997042 "SI" "13096-mmm" 1997 2 21 18 65 -5.271 1.959 1.264 0.048 -0.01 -0.05 -20.2 22.233 43 97.0071729993385
"2539" "1997045SP11163-mmm" 1997045 "SP" "11163-mmm" 1997 2 17 18 55 -8.193 -0.315 -0.199 0.102 0.463 0.122 -16.9 4.34 7 76.9170026726717
"2540" "1997048SI12103-mmm" 1997048 "SI" "12103-mmm" 1997 2 20 0 45 0.744 -0.907 -1.313 0.358 0.639 -0.088 -17.4 7.653 7 45.4615735278756
"2542" "1997053SP12142-mmm" 1997053 "SP" "12142-mmm" 1997 2 24 0 35 -2.203 -3.605 -0.022 0.935 0.597 -0.002 -17.3 9.92 1 57.4938242460669
"2543" "1997057SI15039-mmm" 1997057 "SI" "15039-mmm" 1997 3 1 12 75 -5.851 0.859 -0.137 -0.403 0.033 -0.067 -20 14.473 21 76.6171746944611
"2544" "1997061SP08171-mmm" 1997061 "SP" "08171-mmm" 1997 3 8 18 120 -7.987 -0.019 -0.186 -0.061 -0.051 -0.319 -21 5.78 45 107.041380649527
"2545" "1997062SP16158-mmm" 1997062 "SP" "16158-mmm" 1997 3 17 18 90 -7.635 -0.164 -1.222 0.616 0.766 0.303 -12 4.36 91 127.709504503339
"2546" "1997071SP13176-mmm" 1997071 "SP" "13176-mmm" 1997 3 17 12 75 -4.262 -2.162 1.126 -0.09 0.462 0.221 -27.9 0.807 37 84.9790465607417
"2547" "1997099WP06153-mmm" 1997099 "WP" "06153-mmm" 1997 4 20 0 145 -7.675 4.398 2.514 1.38 -0.605 -0.265 16.6 9.18 63 162.04073044765
"2548" "1997105SP10168-mmm" 1997105 "SP" "10168-mmm" 1997 4 17 12 55 -9.976 1.97 -0.969 0.132 0.354 0.151 -20 23.787 11 87.2976287546675
"2549" "1997108WP05168-mmm" 1997108 "WP" "05168-mmm" 1997 4 24 0 55 -3.604 -1.651 0.488 -1.477 -0.167 -0.229 17.6 10.253 15 60.646533488709
"2550" "1997118SP09166-mmm" 1997118 "SP" "09166-mmm" 1997 5 4 0 65 -12.121 2.489 -0.777 0.046 0.285 0.056 -15.5 11.767 15 99.1471396006493
"2551" "1997124WP03171-mmm" 1997124 "WP" "03171-mmm" 1997 5 8 12 45 -4.769 1.185 -1.069 -0.074 -0.162 -0.226 11.3 23.14 5 62.4749181727595
"2552" "1997125SI08079-mmm" 1997125 "SI" "08079-mmm" 1997 5 14 0 100 -9.562 1.912 -0.814 0.53 0.062 0.18 -15.4 6.407 27 101.212490183454
"2553" "1997133IO03092-mmm" 1997133 "IO" "03092-mmm" 1997 5 19 6 115 -5.076 1.406 0.532 -0.596 -0.286 -0.113 21.1 12.073 37 86.993358064223
"2554" "1997143WP17111-mmm" 1997143 "WP" "17111-mmm" 1997 5 28 12 45 1.991 -1.516 -0.969 -0.028 -0.41 -0.223 22 20.42 9 49.2833831239733
"2555" "1997146WP09161-mmm" 1997146 "WP" "09161-mmm" 1997 5 31 0 90 -3.764 -0.627 0.803 1.206 -0.156 0.35 22 10.687 19 85.4337442511553
"2556" "1997147SP12168-mmm" 1997147 "SP" "12168-mmm" 1997 5 29 0 35 -6.524 1.13 0.367 -0.689 0.132 0.006 -16 11.187 1 66.0983318309925
"2557" "1997152NA29283-SUB" 1997152 "NA" "29283-SUB" 1997 6 1 18 45 1.893 -1.611 -1.194 0.701 0.112 -0.365 35.5 13.06 3 51.1666621479052
"2558" "1997152EP10265-AND" 1997152 "EP" "10265-AND" 1997 6 4 0 45 -4.494 -0.607 -0.282 0.054 0.183 -0.101 14.6 17.66 13 66.5795833904726
"2559" "1997152WP06171-mmm" 1997152 "WP" "06171-mmm" 1997 6 10 12 140 -5.975 0.078 0.978 0.997 0.107 0.534 18.4 21.827 37 102.331499760686
"2561" "1997161EP14266-BLA" 1997161 "EP" "14266-BLA" 1997 6 10 6 40 -1.868 -2.887 -1.517 1.28 0.734 0.781 14.8 23.54 3 53.8905527348095
"2562" "1997165WP12139-mmm" 1997165 "WP" "12139-mmm" 1997 6 17 12 90 -6.31 1.336 2.003 1.294 -0.224 0.93 18.2 20.853 13 98.5094310928076
"2563" "1997167WP06162-mmm" 1997167 "WP" "06162-mmm" 1997 6 30 0 70 7.143 0.564 0.121 0.216 0.131 -0.058 45.2 10.393 53 58.2853562219082
"2564" "1997176EP16252-CAR" 1997176 "EP" "16252-CAR" 1997 6 26 6 45 -0.909 -1.453 2.731 0.036 0.539 0.368 18.2 22.593 5 57.383694764329
"2565" "1997182NA32283-ANA" 1997182 "NA" "32283-ANA" 1997 7 1 12 40 3.981 0.458 -0.154 -0.111 0.425 0.178 31.7 7.027 3 41.4269445562885
"2566" "1997187EP13250-DOL" 1997187 "EP" "13250-DOL" 1997 7 9 6 80 -0.908 -1.974 0.484 0.176 -0.042 0.669 17.5 21.5 28 66.6849138177991
"2567" "1997192NA30290-BIL" 1997192 "NA" "30290-BIL" 1997 7 12 12 65 -3.627 -2.176 0.585 0.12 0.203 -0.398 37.9 7.927 10 74.0010311166725
"2568" "1997193EP09248-ENR" 1997193 "EP" "09248-ENR" 1997 7 14 18 100 -3.69 -2.375 1.333 0.479 0.399 0.138 15.5 9.7 18 72.2147881556913
"2569" "1997194NA31286-CLA" 1997194 "NA" "31286-CLA" 1997 7 13 18 40 -0.087 -0.324 -0.237 -1.58 0.285 -0.15 31.9 13.133 2 44.9548165151375
"2570" "1997196EP10251-FEL" 1997196 "EP" "10251-FEL" 1997 7 19 6 115 0.995 -4.158 0.985 1.134 -0.348 0.374 15.6 21.553 29 70.017028937272
"2571" "1997196WP08142-mmm" 1997196 "WP" "08142-mmm" 1997 7 22 12 140 -9.387 2.241 -0.061 -0.266 0.146 -0.005 18.2 20.8 23 93.4332283431815
"2572" "1997198NA27267-DAN" 1997198 "NA" "27267-DAN" 1997 7 18 12 70 -0.952 -3.003 0.087 0.439 0.159 -0.156 29.5 6.04 10 62.0106275499973
"2573" "1997199SI04079-mmm" 1997199 "SI" "04079-mmm" 1997 7 21 6 45 -3.037 -1.813 -0.245 0.48 0.065 -0.136 -7.1 11.073 6 59.5025586587449
"2574" "1997202WP24150-mmm" 1997202 "WP" "24150-mmm" 1997 7 29 6 55 -3.239 -0.826 -0.029 -0.223 -0.097 0.112 25.4 16.387 17 69.3086396164692
"2575" "1997202WP04152-mmm" 1997202 "WP" "04152-mmm" 1997 8 5 6 90 -6.912 0.106 0.158 0.652 0.316 0.08 20.9 14.447 45 105.028268390131
"2577" "1997210WP15120-mmm" 1997210 "WP" "15120-mmm" 1997 8 2 12 65 -5.32 1.877 -0.844 -0.212 0.416 -0.177 22.3 19.607 17 69.102043554478
"2578" "1997212EP11265-GUI" 1997212 "EP" "11265-GUI" 1997 8 4 18 140 -7.571 3.411 1.073 2.183 -0.594 0.362 14.2 10.227 37 134.516676412101
"2579" "1997217WP06168-mmm" 1997217 "WP" "06168-mmm" 1997 8 12 0 140 -8.16 2.448 2.076 1.112 -0.556 0.929 17.2 9.807 23 119.380836136927
"2580" "1997221WP03179-mmm" 1997221 "WP" "03179-mmm" 1997 8 23 12 65 8.052 2.091 -0.831 0.273 0.079 0.061 44.3 23.14 48 51.7850499621358
"2581" "1997222EP11246-HIL" 1997222 "EP" "11246-HIL" 1997 8 12 6 45 -3.869 -2.248 1.014 -0.467 0.176 0.339 13.1 22.107 5 60.5371825114311
"2583" "1997229EP19242-IGN" 1997229 "EP" "19242-IGN" 1997 8 17 12 35 0.3 1.317 -0.501 -0.514 0.069 0.061 20.4 4.04 1 46.2730100561239
"2584" "1997232WP17115-mmm" 1997232 "WP" "17115-mmm" 1997 8 22 6 75 -5.846 2.898 -0.142 0.414 -0.02 -0.201 21 13.34 15 80.6342695935234
"2585" "1997232WP14136-mmm" 1997232 "WP" "14136-mmm" 1997 8 27 12 110 -7.505 3.056 -0.628 0.711 -0.764 1.206 19.7 20.34 49 123.477726334913
"2586" "1997236WP10172-mmm" 1997236 "WP" "10172-mmm" 1997 9 1 6 135 -5.791 1.233 0.571 2.366 -0.261 1.156 23.9 15.267 29 116.605084540194
"2587" "1997238EP11227-JIM" 1997238 "EP" "11227-JIM" 1997 8 27 12 115 -3.182 -3.527 0.751 0.599 0.315 -0.105 13.6 2.94 13 66.9235379827128
"2588" "1997238WP19112-mmm" 1997238 "WP" "19112-mmm" 1997 8 29 12 45 2.8 3.089 0.056 0.555 0.795 0.562 19.9 19.887 5 43.1182029535098
"2589" "1997240WP12193-OLI" 1997240 "WP" "12193-OLI" 1997 9 9 18 140 -10.18 3.11 -0.483 1.137 -0.266 0.108 18.4 4.233 55 145.833138417546
"2590" "1997246NA11316-ERI" 1997246 "NA" "11316-ERI" 1997 9 8 18 110 -4.544 0.367 1.707 1.048 -0.604 0.202 23.2 13.833 41 113.515407651404
"2591" "1997247EP18248-KEV" 1997247 "EP" "18248-KEV" 1997 9 5 0 50 -4.256 -0.506 -0.005 -0.295 -0.23 0.092 20 16.147 7 66.8577597145639
"2592" "1997252WP10171-mmm" 1997252 "WP" "10171-mmm" 1997 9 14 18 95 -10.841 2.588 -0.691 -0.381 0.251 0.136 20.1 4.687 21 95.6958362047655
"2593" "1997253EP12255-LIN" 1997253 "EP" "12255-LIN" 1997 9 12 6 160 -7.955 0.682 0.575 0.619 -0.252 0.01 17.1 22.693 19 98.5619269903386
"2594" "1997256EP14227-MAR" 1997256 "EP" "14227-MAR" 1997 9 14 6 40 -0.66 2.165 -0.023 -1.063 -0.762 -0.205 13.6 20.96 3 51.0061324426997
"2595" "1997259EP13258-NOR" 1997259 "EP" "13258-NOR" 1997 9 21 12 115 -10.158 4.085 1.245 0.332 0.161 -0.196 16.6 4.8 39 121.151316869097
"2596" "1997261WP13114-mmm" 1997261 "WP" "13114-mmm" 1997 9 24 6 75 -5.474 3.173 -0.67 -0.289 -0.056 -1.152 16 13.36 13 69.317907581965
"2597" "1997262WP22184-mmm" 1997262 "WP" "22184-mmm" 1997 9 22 0 40 -0.147 -2.893 -1.717 0.082 -0.675 0.138 26.5 10.82 8 57.084325481719
"2598" "1997263IO14084-mmm" 1997263 "IO" "14084-mmm" 1997 9 26 18 65 -5.746 1.699 -1.078 0.233 -0.085 -0.289 21.8 0.027 17 77.7402543857132
"2599" "1997265WP10175-mmm" 1997265 "WP" "10175-mmm" 1997 9 27 0 145 -7.418 0.64 0.371 -0.204 0.074 -0.225 21.9 10.613 25 89.9658831771942
"2600" "1997270EP11265-OLA" 1997270 "EP" "11265-OLA" 1997 9 27 18 60 -4.825 2.265 -0.376 -0.066 0.079 -0.172 14.5 11.68 10 66.1262822513128
"2601" "1997270WP18111-mmm" 1997270 "WP" "18111-mmm" 1997 10 3 0 40 -1.334 -1.878 -1.015 -0.08 0.367 -0.403 14.8 7.447 3 48.8841473092128
"2603" "1997277SP04170-mmm" 1997277 "SP" "04170-mmm" 1997 10 10 12 60 -10.174 1.269 -0.228 -0.324 0.049 -0.15 -14.4 23.493 13 88.8210926287627
"2604" "1997278NA24296-FAB" 1997278 "NA" "24296-FAB" 1997 10 8 18 40 -2.607 -1.914 -1.099 0.503 -0.3 -0.085 29.2 14.747 25 76.3413681560182
"2605" "1997279EP12263-PAU" 1997279 "EP" "12263-PAU" 1997 10 7 12 115 -7.415 -0.15 -0.437 0.492 0.018 0.176 13.2 5.7 11 80.851292898467
"2607" "1997283WP07177-mmm" 1997283 "WP" "07177-mmm" 1997 10 17 18 160 -8.887 1.873 1.631 1.014 -0.631 0.592 14.6 2.553 35 130.664459709771
"2608" "1997284WP04179-mmm" 1997284 "WP" "04179-mmm" 1997 10 17 6 160 -9.271 0.857 1.488 -0.829 0.129 -0.18 14.4 16.007 25 93.254983237977
"2609" "1997288NA20291-GRA" 1997288 "NA" "20291-GRA" 1997 10 15 12 40 5.507 2.615 -0.442 -0.07 0.03 -0.115 20.6 7.467 5 37.8457748846927
"2610" "1997296WP07176-mmm" 1997296 "WP" "07176-mmm" 1997 11 1 12 155 -9.757 3.611 0.785 1.143 -0.296 -0.156 12.7 22.007 37 128.748392114947
"2611" "1997297SP11177-mmm" 1997297 "SP" "11177-mmm" 1997 10 26 6 35 -1.805 -1.345 -1.137 0.157 0.089 -0.036 -12.9 17.607 1 51.59601151379
"2612" "1997298WP06140-mmm" 1997298 "WP" "06140-mmm" 1997 11 2 18 65 -8.517 0.77 -0.048 -0.107 0.2 0.202 9.5 0.907 17 82.07069845631
"2613" "1997301EP09202-mmm" 1997301 "EP" "09202-mmm" 1997 10 29 12 35 -0.769 0.082 0.033 -0.23 -0.141 0.05 11 1.247 1 50.2254565729864
"2615" "1997307IO08082-mmm" 1997307 "IO" "08082-mmm" 1997 11 11 6 55 -4.185 1.187 -0.194 -0.159 0.219 0.123 12.8 10.407 9 61.6163424435018
"2616" "1997308IO08069-mmm" 1997308 "IO" "08069-mmm" 1997 11 8 0 35 -2.989 1.721 -1.071 -0.07 0.082 0.197 10.2 3.7 1 53.156252113719
"2617" "1997311EP09258-RIC" 1997311 "EP" "09258-RIC" 1997 11 9 12 85 -8.601 0.329 0.065 -0.388 0.192 0.027 15.3 5.347 9 78.7443000584093
"2618" "1997311WP10151-mmm" 1997311 "WP" "10151-mmm" 1997 11 12 18 65 -6.545 -0.307 -0.721 0.5 0.179 -0.241 13.4 2.887 13 75.8830194136632
"2621" "1997333WP06194-PAK" 1997333 "WP" "06194-PAK" 1997 12 18 0 160 -7.973 2.521 2.208 1.076 -0.243 0.508 14.3 9.313 127 234.076302357403
"2624" "1997359SI12129-mmm" 1997359 "SI" "12129-mmm" 1997 12 27 0 40 -8.306 -0.166 -0.002 -0.066 0.148 0.034 -12.1 9.013 5 76.592048944975
"2625" "1997360SI12111-mmm" 1997360 "SI" "12111-mmm" 1997 12 27 12 65 -3.722 -0.341 0.952 -1.234 0.175 -0.321 -14.9 19.333 5 56.051902960824
"2627" "1998002SP14151-mmm" 1998002 "SP" "14151-mmm" 1998 1 9 18 90 -4.915 0.487 -0.713 0.601 0.034 0.051 -15.6 4.98 57 98.8860951009868
"2628" "1998017SI15041-mmm" 1998017 "SI" "15041-mmm" 1998 1 17 18 35 -4.03 0.541 -1.133 0.354 -0.076 0.047 -16.3 20.593 1 61.8142750206901
"2629" "1998022SP15143-mmm" 1998022 "SP" "15143-mmm" 1998 1 25 0 50 -4.02 -0.877 -1.099 0.196 -0.025 0.43 -14.4 9.053 9 63.351605330531
"2630" "1998023SI17126-mmm" 1998023 "SI" "17126-mmm" 1998 1 27 0 120 -4.947 -1.171 2.245 -0.152 -0.897 0.086 -18.8 7.82 19 91.1426572399054
"2635" "1998032SI18036-mmm" 1998032 "SI" "18036-mmm" 1998 2 9 0 35 7.303 2.242 -0.92 -0.1 -0.31 -0.16 -25.8 2.933 1 35.049801771849
"2636" "1998036SI13135-mmm" 1998036 "SI" "13135-mmm" 1998 2 13 0 90 -4.304 -1.371 -0.143 0.337 0.081 -0.364 -16.8 7.26 25 76.1566492282441
"2637" "1998036SI13066-mmm" 1998036 "SI" "13066-mmm" 1998 2 11 12 115 -11.57 3.109 -1.249 0.057 0.295 0.112 -20.9 15.953 29 107.392169254019
"2638" "1998044SI17043-mmm" 1998044 "SI" "17043-mmm" 1998 2 16 12 40 -6.96 -0.144 -0.009 -0.61 0.076 0.06 -22.7 14.807 3 71.24248815621
"2639" "1998046SI19070-mmm" 1998046 "SI" "19070-mmm" 1998 2 18 0 45 1.839 0.338 -1.009 0.664 -0.499 -0.046 -28.3 4.26 13 57.3317661741954
"2640" "1998056SI14139-mmm" 1998056 "SI" "14139-mmm" 1998 2 26 0 35 -5.888 0.098 -0.829 -0.484 -0.448 0.035 -15.8 9.253 1 66.548114535261
"2642" "1998064SI09093-mmm" 1998064 "SI" "09093-mmm" 1998 3 13 0 90 -5.878 -1.549 0.905 -0.266 0.501 0.131 -19.4 5.413 9 70.1831232547993
"2643" "1998073SI11065-mmm" 1998073 "SI" "11065-mmm" 1998 3 17 0 35 -6.95 -0.39 0.401 0.044 0.646 0.432 -17.3 4.093 1 68.8439275435897
"2644" "1998076SP11170-mmm" 1998076 "SP" "11170-mmm" 1998 3 22 0 90 -9.674 1.032 -0.511 -0.239 0.235 0.282 -18 11.187 29 96.2092600997475
"2645" "1998079SP10145-mmm" 1998079 "SP" "10145-mmm" 1998 3 23 12 65 -4.137 -2.712 0.93 -0.256 0.206 -0.156 -14.3 21.72 21 70.2340013906708
"2646" "1998087SP15172-mmm" 1998087 "SP" "15172-mmm" 1998 3 31 18 100 -6.609 -0.163 0.043 -0.003 0.315 0.099 -14.8 5.127 15 75.1875324930683
"2647" "1998096SI13071-mmm" 1998096 "SI" "13071-mmm" 1998 4 10 18 70 -9.399 1.696 -0.119 -0.561 -0.035 -0.078 -15.5 23 24 91.867613076737
"2649" "1998106SI09135-mmm" 1998106 "SI" "09135-mmm" 1998 4 18 18 40 -3.91 0.599 -0.051 -0.537 0.194 -0.082 -12.9 2.4 3 56.5690069725732
"2650" "1998107SI11084-mmm" 1998107 "SI" "11084-mmm" 1998 4 19 6 40 -2.515 2.096 -1.132 0.016 0.07 -0.018 -10.5 11 5 53.7913152210657
"2653" "1998133IO04086-mmm" 1998133 "IO" "04086-mmm" 1998 5 20 0 70 -7.368 1.467 -1.688 -0.325 -0.659 0.145 21.9 6.1 11 80.6142004300005
"2654" "1998147IO11061-mmm" 1998147 "IO" "11061-mmm" 1998 5 28 0 35 -0.501 0.663 0.116 -0.377 0.026 0.13 12.8 4.027 1 48.4284933095654
"2656" "1998163EP12255-AGA" 1998163 "EP" "12255-AGA" 1998 6 14 0 55 -4.377 0.974 -0.964 0.46 0.494 -0.278 16.3 16.253 8 62.7234590600387
"2657" "1998173EP08266-BLA" 1998173 "EP" "08266-BLA" 1998 6 25 6 120 -6.121 -0.364 0.727 0.429 -0.249 0.294 15.3 22.88 23 89.6943367880216
"2659" "1998188WP18117-mmm" 1998188 "WP" "18117-mmm" 1998 7 9 12 50 -2.095 -3.201 -0.009 -0.107 -0.031 -0.328 23 20.007 7 60.1056894752352
"2660" "1998198EP17255-CEL" 1998198 "EP" "17255-CEL" 1998 7 19 0 50 -0.841 -0.512 -0.082 0.105 -0.577 -0.468 21.8 16.42 14 63.9196434288046
"2661" "1998201SI05086-mmm" 1998201 "SI" "05086-mmm" 1998 7 22 0 35 6.351 1.93 -0.698 -0.146 -0.073 0.042 -9.6 5.34 1 32.8210864885917
"2662" "1998204WP17144-mmm" 1998204 "WP" "17144-mmm" 1998 7 25 12 45 4.522 -2.863 -1.412 -0.33 -0.261 -0.097 30.9 21.813 2 40.1894697133937
"2663" "1998204EP12249-DAR" 1998204 "EP" "12249-DAR" 1998 7 25 6 100 -3.011 -1.993 1.351 -0.464 -0.835 0.243 15.3 22.047 13 71.3627028758729
"2664" "1998209NA11335-ALE" 1998209 "NA" "11335-ALE" 1998 7 30 18 45 -2.46 -3.164 0.628 0.115 0.345 -0.039 15.1 14.927 15 62.1577873098027
"2665" "1998211EP15259-EST" 1998211 "EP" "15259-EST" 1998 8 2 6 115 -4.401 0.749 0.12 0.528 -0.527 0.674 16.8 22.167 25 85.1850797319955
"2666" "1998213WP14128-mmm" 1998213 "WP" "14128-mmm" 1998 8 4 0 100 -9.364 1.298 -0.479 0.037 -0.03 -0.058 22.1 8.127 13 92.0161465362014
"2667" "1998217WP10130-mmm" 1998217 "WP" "10130-mmm" 1998 8 10 12 60 -5.641 2.53 -1.145 -0.336 -0.117 0.038 20.4 19.493 18 73.0400369560613
"2668" "1998219EP17249-FRA" 1998219 "EP" "17249-FRA" 1998 8 9 0 40 0.779 -0.737 0.119 -0.486 -0.409 0.09 25.4 16.447 9 53.6866400867202
"2669" "1998223EP11251-GEO" 1998223 "EP" "11251-GEO" 1998 8 14 12 100 -1.732 -0.259 2.659 1.197 -0.445 0.252 19.8 3.993 23 87.1786485312397
"2671" "1998232NA15312-BON" 1998232 "NA" "15312-BON" 1998 8 23 12 100 -6.326 0.914 -0.574 1.759 0.143 0.307 24.1 7.233 25 99.5050853161783
"2672" "1998232EP11264-HOW" 1998232 "EP" "11264-HOW" 1998 8 23 0 130 -6.097 -0.262 0.434 0.566 -0.012 0.178 14.4 16.8 18 83.591186926951
"2673" "1998233NA25268-CHA" 1998233 "NA" "25268-CHA" 1998 8 22 6 60 -0.998 -1.785 -0.284 -0.15 -0.503 -0.356 27.5 23.567 6 60.2495501585251
"2674" "1998235WP17131-mmm" 1998235 "WP" "17131-mmm" 1998 8 28 6 115 -5.012 1.501 3.183 0.382 -0.345 -0.575 26.9 15.387 41 114.683653876093
"2675" "1998236NA13326-DAN" 1998236 "NA" "13326-DAN" 1998 8 26 6 90 -6.166 0.163 -0.049 -0.252 0.145 -0.18 18.4 2.727 13 73.3208129964323
"2677" "1998244NA22267-EAR" 1998244 "NA" "22267-EAR" 1998 9 2 18 85 -2.283 2.571 0.146 0.033 0.022 0.044 28.7 12.14 17 68.283440101523
"2678" "1998244EP18251-ISI" 1998244 "EP" "18251-ISI" 1998 9 2 18 65 -0.706 -1.128 0.715 1.03 0.097 0.103 24.1 10.72 10 65.1629993976253
"2679" "1998250EP18253-JAV" 1998250 "EP" "18253-JAV" 1998 9 8 12 50 -4.126 -2.07 -0.115 -0.081 -0.183 0.183 20.8 4.52 7 67.4167678724758
"2680" "1998252NA26266-FRA" 1998252 "NA" "26266-FRA" 1998 9 11 0 55 -5.128 3.037 -0.611 -0.51 0.356 -0.049 27.2 17.607 11 66.5692388432402
"2681" "1998253WP17150-mmm" 1998253 "WP" "17150-mmm" 1998 9 14 18 65 -0.264 -0.67 -0.199 0.017 0.054 0.151 26.8 3.14 13 57.6640159694737
"2683" "1998258WP19126-mmm" 1998258 "WP" "19126-mmm" 1998 9 17 6 130 -5.794 0.377 -0.256 0.833 -0.245 0.248 23.3 14.98 15 86.9711781220276
"2684" "1998259NA10335-GEO" 1998259 "NA" "10335-GEO" 1998 9 20 6 135 -8.69 1.98 -0.313 -0.726 -0.029 0.126 16 2.247 31 90.8159973515145
"2685" "1998259WP17118-mmm" 1998259 "WP" "17118-mmm" 1998 9 21 18 90 -8.451 0.794 0.022 0.099 0.544 -0.093 29.6 2.873 35 102.167329665471
"2687" "1998261NA27270-HER" 1998261 "NA" "27270-HER" 1998 9 19 18 40 5.318 -0.167 -0.874 -0.295 -0.021 -0.194 28.3 11.927 3 38.0528150013056
"2688" "1998262WP20137-mmm" 1998262 "WP" "20137-mmm" 1998 9 21 6 45 3.789 -0.92 1.18 -0.126 0.432 -0.302 32.7 15.067 9 46.3913155265712
"2689" "1998262NA13333-IVA" 1998262 "NA" "13333-IVA" 1998 9 26 6 80 1.583 -2.558 0.872 0.083 -0.069 -0.393 39.2 3.58 45 75.1749927818791
"2690" "1998264NA10343-JEA" 1998264 "NA" "10343-JEA" 1998 9 24 6 90 -5.968 -1.463 1.249 -0.972 -0.091 -0.207 15.9 3.773 21 76.6734937544678
"2691" "1998267NA33295-KAR" 1998267 "NA" "33295-KAR" 1998 9 27 0 90 -1.86 -2.082 0.545 0.949 0.544 0.143 33.9 20.847 25 75.956588857893
"2692" "1998267WP13134-mmm" 1998267 "WP" "13134-mmm" 1998 9 29 0 80 -6.068 -0.596 1.621 -1.019 0.287 0.059 26.3 8.24 13 74.5314513300715
"2693" "1998271SI05084-mmm" 1998271 "SI" "05084-mmm" 1998 9 29 6 35 2.583 0.527 0.011 0.548 0.019 0.163 -8.6 11.227 1 43.7217453627257
"2694" "1998272IO18068-mmm" 1998272 "IO" "18068-mmm" 1998 9 30 0 35 6.229 4.061 -0.404 -0.738 -0.102 0.307 18.2 4.38 1 33.2376844230287
"2697" "1998278NA14314-LIS" 1998278 "NA" "14314-LIS" 1998 10 9 12 65 -3.26 0.101 -0.381 -0.44 -0.121 -0.01 41.6 9.42 35 83.597094268777
"2699" "1998279SI10092-mmm" 1998279 "SI" "10092-mmm" 1998 10 8 12 45 -5.253 0.244 -1.252 -0.285 -0.216 0.167 -14.5 18.353 13 67.6164291006507
"2700" "1998281WP11151-mmm" 1998281 "WP" "11151-mmm" 1998 10 13 12 155 -11.661 4.712 1.369 1.286 -0.629 0.593 16 20.313 27 146.956023410956
"2701" "1998283WP13149-mmm" 1998283 "WP" "13149-mmm" 1998 10 10 12 50 -1.605 -1.075 -1.038 0.387 0.146 0.125 13.6 21.827 3 53.0292271933558
"2702" "1998285WP12149-mmm" 1998285 "WP" "12149-mmm" 1998 10 20 12 135 -7.1 -0.695 0.542 0.255 0.362 -0.097 12.2 20.473 43 96.6884105662003
"2703" "1998286EP16242-KAY" 1998286 "EP" "16242-KAY" 1998 10 13 18 65 5.891 -4.814 -1.335 -0.003 -0.428 0.281 16 10.1 6 37.327822036718
"2704" "1998288EP11268-LES" 1998288 "EP" "11268-LES" 1998 10 22 12 100 -0.519 -3.561 1.47 -0.14 -0.236 0.112 16.8 4.747 55 81.5439743741247
"2705" "1998288IO17062-mmm" 1998288 "IO" "17062-mmm" 1998 10 16 0 35 8.47 2.042 -0.966 0.203 -0.421 -0.299 17.2 4.38 1 32.6793553195772
"2706" "1998289EP18252-MAD" 1998289 "EP" "18252-MAD" 1998 10 18 12 75 -0.535 -4.802 0.546 0.495 0.337 -0.008 20.6 4.893 18 61.1574572547815
"2707" "1998295NA12284-MIT" 1998295 "NA" "12284-MIT" 1998 10 26 18 155 -8.872 3.596 1.165 1.341 -0.045 0.418 16.9 12.46 33 122.722771518598
"2708" "1998310SI10096-mmm" 1998310 "SI" "10096-mmm" 1998 11 9 12 70 -6.506 -0.666 -0.617 0.077 0.006 0.11 -14.2 18.373 9 72.7579627853765
"2709" "1998315WP09116-mmm" 1998315 "WP" "09116-mmm" 1998 11 13 12 50 -5.284 0.906 -2.378 -0.207 0.274 0.322 11.2 19.327 11 59.1867330360045
"2710" "1998317IO11087-mmm" 1998317 "IO" "11087-mmm" 1998 11 15 12 85 -6.317 -1.908 -0.318 0.733 0.69 0.006 17.8 17.513 14 75.586424210237
"2711" "1998320IO10102-mmm" 1998320 "IO" "10102-mmm" 1998 11 22 0 75 -6.408 -0.234 -0.499 0.068 -0.067 -0.261 19.7 5.847 17 80.0957262043672
"2712" "1998321WP10117-mmm" 1998321 "WP" "10117-mmm" 1998 11 19 6 45 -4.959 4.111 0.505 0.106 0.414 -0.026 11.9 13.36 5 64.1505406572563
"2713" "1998327WP12119-mmm" 1998327 "WP" "12119-mmm" 1998 11 25 0 45 0.6 3.163 0.515 0.058 0.98 -0.116 13 7.5 5 44.2780313834489
"2714" "1998328NA28332-NIC" 1998328 "NA" "28332-NIC" 1998 12 1 0 75 -3.53 1.341 0.309 -0.038 -0.903 -0.793 35.1 21.473 45 103.798892317584
"2715" "1998336SI13120-mmm" 1998336 "SI" "13120-mmm" 1998 12 4 0 65 -3.189 -2.638 0.382 0.04 0.863 0.006 -18 7.793 9 57.9794926352785
"2716" "1998338SI09134-mmm" 1998338 "SI" "09134-mmm" 1998 12 8 12 135 -10.701 0.858 0.347 0.028 0.151 0.076 -11.6 20.613 20 99.0666819986489
"2717" "1998342WP06141-mmm" 1998342 "WP" "06141-mmm" 1998 12 11 12 90 -11.074 0.662 -0.225 0.268 0.377 -0.045 11.3 19.92 16 95.311887684729
"2718" "1998343WP08114-mmm" 1998343 "WP" "08114-mmm" 1998 12 10 18 35 5.627 2.958 -0.62 0.458 0.106 0.264 8.1 1.047 1 35.2704796602209
"2719" "1998346IO10072-mmm" 1998346 "IO" "10072-mmm" 1998 12 15 6 65 0.087 0.222 0.566 -0.148 0.077 -0.214 16.8 10.387 19 56.5050685678198
"2720" "1998348SP17156-mmm" 1998348 "SP" "17156-mmm" 1998 12 17 6 35 7.759 1.61 -0.474 0.21 0.111 -0.167 -32 17.007 1 35.3225092536553
"2725" "1998358SI12100-mmm" 1998358 "SI" "12100-mmm" 1998 12 26 12 40 5.765 0.948 -0.014 -0.157 0.059 0.08 -16.6 18.313 13 38.8355666725243
"2726" "1999003WP05114-mmm" 1999003 "WP" "05114-mmm" 1999 1 6 18 35 -7.333 2.053 -0.639 -0.27 -0.287 -0.156 9.3 1.613 1 70.0001313710744
"2727" "1999013SP13164-mmm" 1999013 "SP" "13164-mmm" 1999 1 17 0 115 -8.563 -0.188 0.231 0.163 0.095 -0.082 -15 10.9 21 92.0127323707608
"2728" "1999016SI20039-mmm" 1999016 "SI" "20039-mmm" 1999 1 18 6 65 -0.124 -2.109 -0.638 1.055 -0.008 -0.376 -27.4 8.613 13 63.0170123413466
"2729" "1999020SP17158-mmm" 1999020 "SP" "17158-mmm" 1999 1 22 0 55 -4.513 0.414 -0.452 0.79 1.049 0.235 -20.9 10.68 4 62.1205569178243
"2730" "1999022SP15150-mmm" 1999022 "SP" "15150-mmm" 1999 1 23 18 55 0.358 2.077 2.157 0.841 -0.186 -0.379 -23.1 4.653 13 67.5544686010421
"2731" "1999022SI11110-mmm" 1999022 "SI" "11110-mmm" 1999 1 25 0 80 -2.161 -2.195 -0.162 0.352 -0.316 -0.213 -16.2 6.527 18 67.6348774278427
"2732" "1999024SI11138-mmm" 1999024 "SI" "11138-mmm" 1999 1 25 12 35 -3.3 -2.464 -0.679 1.135 0.066 -0.651 -13.2 21.247 1 63.2144640842533
"2733" "1999029SI14096-mmm" 1999029 "SI" "14096-mmm" 1999 1 31 12 40 -1.869 0.327 0.193 0.027 -0.327 0.122 -17.3 17.547 3 59.2768710643397
"2734" "1999031IO08092-mmm" 1999031 "IO" "08092-mmm" 1999 2 3 6 40 5.455 0.863 0.741 0.05 0.052 -0.251 10.8 11.633 9 39.1935037804125
"2735" "1999033SI14118-mmm" 1999033 "SI" "14118-mmm" 1999 2 6 0 40 5.877 2.851 -0.322 -0.025 0.164 0.127 -18.8 7.413 11 38.0347544798448
"2736" "1999040SP13160-mmm" 1999040 "SP" "13160-mmm" 1999 2 11 12 45 -8.522 0.151 -1.064 0.089 0.055 0.14 -13.5 22.973 13 81.1914780478974
"2737" "1999041SP16148-mmm" 1999041 "SP" "16148-mmm" 1999 2 11 12 55 -6 -2.399 -1.166 1.33 -0.304 -1.023 -16.5 21.713 7 81.4166385899074
"2738" "1999044SI19038-mmm" 1999044 "SI" "19038-mmm" 1999 2 14 6 45 -2.826 -1.073 -0.866 0.252 0.058 -0.123 -23.1 8.607 7 61.8366756845889
"2739" "1999045WP11138-mmm" 1999045 "WP" "11138-mmm" 1999 2 17 0 35 -10.459 1.849 -0.586 -0.026 0.234 0.087 12 8.713 1 81.012644433763
"2740" "1999048SP21152-mmm" 1999048 "SP" "21152-mmm" 1999 2 20 0 95 -1.447 -3.763 1.52 0.459 -0.549 -0.612 -20.8 11.013 21 76.2991038691539
"2743" "1999060SI10089-mmm" 1999060 "SI" "10089-mmm" 1999 3 7 12 110 -6.226 0.006 0.099 -0.745 -0.009 0.019 -17 16.74 41 86.9180895432247
"2744" "1999062SI12121-mmm" 1999062 "SI" "12121-mmm" 1999 3 8 0 35 1.5 -0.232 -0.937 0.129 -0.316 0.218 -14.8 6.253 1 46.1404228331791
"2746" "1999075SI13114-mmm" 1999075 "SI" "13114-mmm" 1999 3 18 6 100 -5.797 -1.319 0.386 -1.223 -0.714 -0.719 -19.6 13.387 13 74.5195327295125
"2747" "1999075SI12075-mmm" 1999075 "SI" "12075-mmm" 1999 3 17 0 35 2.031 -0.807 -0.958 0.913 -0.253 0.495 -13.4 4.92 1 47.6816294100129
"2748" "1999075SI11130-mmm" 1999075 "SI" "11130-mmm" 1999 3 20 18 125 -12.695 2.88 -0.931 0.394 0.468 0.216 -17.3 1.747 23 109.943558068623
"2749" "1999084SI12119-mmm" 1999084 "SI" "12119-mmm" 1999 3 31 12 140 -6.4 -0.274 2.322 0.542 -0.617 0.269 -17.6 18.113 31 110.718465450834
"2750" "1999094SI12126-mmm" 1999094 "SI" "12126-mmm" 1999 4 7 0 130 -8.767 0.873 -0.265 -0.068 0.172 -0.069 -17.4 7.787 14 85.0377139296427
"2751" "1999096WP10136-mmm" 1999096 "WP" "10136-mmm" 1999 4 8 18 35 5.023 -0.615 1.276 0.389 -0.35 0.066 12.6 2.56 1 42.639290646789
"2752" "1999107SI12090-mmm" 1999107 "SI" "12090-mmm" 1999 4 20 12 45 -6.604 -0.287 0.117 -0.283 0.239 0.003 -13.2 18.16 9 70.2978869884709
"2753" "1999111WP08126-mmm" 1999111 "WP" "08126-mmm" 1999 4 26 18 75 -4.268 -3.331 1.185 0.37 0.854 0.479 22.2 3.093 31 78.8026597057504
"2754" "1999116WP14114-mmm" 1999116 "WP" "14114-mmm" 1999 4 30 18 110 -4.435 -1.213 0.295 1.061 -0.133 0.088 19.9 1.7 21 85.3926954668126
"2755" "1999135IO12073-mmm" 1999135 "IO" "12073-mmm" 1999 5 19 0 110 -5.308 -0.932 0.855 -0.461 -0.311 -0.3 20.4 4.473 21 80.7547594801902
"2756" "1999151WP09132-mmm" 1999151 "WP" "09132-mmm" 1999 6 5 0 105 -7.469 1.284 -0.964 -0.44 -0.027 0.591 18.9 8.3 26 83.4549367797607
"2757" "1999159IO19091-mmm" 1999159 "IO" "19091-mmm" 1999 6 10 12 35 -6.81 -0.019 -1.9 0.661 0.163 0.252 21.1 17.893 1 71.538364667744
"2758" "1999163NA27302-ARL" 1999163 "NA" "27302-ARL" 1999 6 13 0 50 2.689 -2.606 -1.648 -0.313 -0.594 0.385 28.8 20.167 5 46.3307339029644
"2759" "1999169EP14262-ADR" 1999169 "EP" "14262-ADR" 1999 6 20 18 85 -3.453 -0.266 0.325 0.269 -0.246 -0.4 17.8 10.687 17 72.9589638661092
"2760" "1999190EP13257-BEA" 1999190 "EP" "13257-BEA" 1999 7 13 0 105 -2.892 0.61 3.132 1.296 -0.761 0.323 14.5 15.98 29 100.785303033205
"2764" "1999205WP18124-mmm" 1999205 "WP" "18124-mmm" 1999 7 26 6 40 -3.114 1.343 -0.763 0.022 -0.227 0.071 28.9 14.587 3 64.2027910345373
"2765" "1999206EP15245-CAL" 1999206 "EP" "15245-CAL" 1999 7 25 12 35 2.312 1.696 0.612 0.396 -0.146 -0.073 15.3 4.253 1 47.5569888454365
"2766" "1999208WP06139-mmm" 1999208 "WP" "06139-mmm" 1999 8 2 12 80 -3.751 -1.606 -0.726 0.566 -0.056 -0.097 30 20.4 31 84.4279468682943
"2767" "1999213WP12144-mmm" 1999213 "WP" "12144-mmm" 1999 8 5 6 50 3.865 0.836 -0.924 -0.023 -0.461 0.409 26.8 14.84 5 44.8715868052879
"2768" "1999218WP21116-mmm" 1999218 "WP" "21116-mmm" 1999 8 6 6 35 -1.403 5.119 -0.004 -1.064 0.048 -0.582 21.9 13.86 1 49.6141194885996
"2769" "1999218EP12259-DOR" 1999218 "EP" "12259-DOR" 1999 8 12 0 120 -3.272 -0.166 3.256 0.986 -0.657 0.5 14.9 15.573 43 109.544541054251
"2770" "1999218EP12240-EUG" 1999218 "EP" "12240-EUG" 1999 8 9 18 95 -4.738 -1.467 1.758 -1.667 -0.824 0.078 14 9.173 25 76.3013931694923
"2773" "1999229EP12247-FER" 1999229 "EP" "12247-FER" 1999 8 19 12 55 0.298 -4.369 0.878 0.329 0.638 -0.038 16.7 3.86 13 52.9999367891239
"2774" "1999230WP11128-mmm" 1999230 "WP" "11128-mmm" 1999 8 22 6 75 -7.629 2.726 -0.241 0.972 -0.563 0.036 22.1 13.64 27 109.711811991052
"2775" "1999231NA20266-BRE" 1999231 "NA" "20266-BRE" 1999 8 22 6 125 -4.321 -1.539 1.363 -0.591 -0.146 -0.054 25.5 23.633 21 77.8586077538487
"2776" "1999231NA14341-CIN" 1999231 "NA" "14341-CIN" 1999 8 28 12 120 -3.599 1.605 2.448 1.718 -1.157 -0.3 30.1 8.133 63 155.120413514780
"2777" "1999231WP30181-mmm" 1999231 "WP" "30181-mmm" 1999 8 22 0 70 7.231 -4.374 -0.718 1.224 -0.774 0.264 32.5 10.92 17 49.9874955881669
"2779" "1999235WP27140-mmm" 1999235 "WP" "27140-mmm" 1999 8 25 12 70 4.009 -5.842 0.034 0.932 -0.574 0.158 26.3 21.567 4 51.2489979276124
"2780" "1999236NA22292-DEN" 1999236 "NA" "22292-DEN" 1999 8 28 18 90 -4.786 1.782 1.792 -0.013 0.156 -0.119 27.7 12.847 35 92.7669620140437
"2781" "1999236NA12306-EMI" 1999236 "NA" "12306-EMI" 1999 8 24 18 45 2.347 -1.834 -1.048 0.503 -0.623 0.195 11.6 14.407 3 47.1328817866938
"2782" "1999241WP12133-mmm" 1999241 "WP" "12133-mmm" 1999 9 3 0 40 -9.553 1.029 -1.002 0.444 0.108 -0.503 20.6 7.947 3 85.9554956913053
"2783" "1999249EP19255-GRE" 1999249 "EP" "19255-GRE" 1999 9 6 18 65 -1.181 -0.516 -2.36 0.756 -0.079 -0.149 21.5 10.773 10 57.4752599337793
"2784" "1999251NA15314-FLO" 1999251 "NA" "15314-FLO" 1999 9 13 6 135 -7.028 2.066 1.803 0.704 -0.407 -0.139 23.6 1.333 41 123.203533428868
"2785" "1999253WP17124-mmm" 1999253 "WP" "17124-mmm" 1999 9 15 18 70 -5.61 4.731 2.157 0.092 0.255 -0.353 21.9 1.66 21 86.1484773820141
"2786" "1999254WP18141-mmm" 1999254 "WP" "18141-mmm" 1999 9 14 6 45 -3.575 -3.176 1.826 -0.913 0.307 0.007 31.1 14.74 5 64.297197462928
"2787" "1999255NA13336-GER" 1999255 "NA" "13336-GER" 1999 9 16 0 130 -7.482 2.949 1.237 0.655 -0.754 0.321 17.8 20.613 29 113.849712421561
"2788" "1999258WP27129-mmm" 1999258 "WP" "27129-mmm" 1999 9 17 12 45 2.238 -0.746 -0.72 0.267 0.145 0.206 29.8 20.353 12 50.4163357566888
"2789" "1999260WP21130-mmm" 1999260 "WP" "21130-mmm" 1999 9 22 6 140 -7.701 1.921 0.694 0.55 -0.838 0.71 25.9 14.467 27 116.241016236478
"2790" "1999260EP15253-HIL" 1999260 "EP" "15253-HIL" 1999 9 20 0 65 -5.34 0.789 -0.556 -0.127 -0.176 0.046 20.7 16.427 13 73.2885775959054
"2791" "1999262NA25272-HAR" 1999262 "NA" "25272-HAR" 1999 9 20 18 50 0.091 1.326 -0.565 -0.187 0.581 -0.212 27 12.3 8 49.3426181594281
"2792" "1999266WP18113-mmm" 1999266 "WP" "18113-mmm" 1999 9 24 12 40 -1.811 -2.568 -0.135 -0.258 -0.143 0.159 19.9 19.673 3 56.1629543413431
"2793" "1999275WP16135-mmm" 1999275 "WP" "16135-mmm" 1999 10 5 0 110 -9.538 2.569 -0.609 1.207 0.053 -0.062 18.2 8.167 17 103.401376872028
"2794" "1999282EP17255-IRW" 1999282 "EP" "17255-IRW" 1999 10 9 18 50 -1.982 -2.581 -0.636 0.138 0.176 -0.368 19 10.86 9 57.5748910361001
"2795" "1999286NA16278-IRE" 1999286 "NA" "16278-IRE" 1999 10 18 6 95 -0.888 -2.306 -2.042 0.342 -1.099 -0.117 34.8 0.987 39 82.8722361175194
"2796" "1999288WP12129-mmm" 1999288 "WP" "12129-mmm" 1999 10 19 0 35 -7.695 1.264 -1.041 -0.227 0.327 0.422 16.1 7.353 1 67.8211209208275
"2797" "1999288IO15093-mmm" 1999288 "IO" "15093-mmm" 1999 10 17 0 120 -8.668 0.474 0.33 0.423 0.083 0.152 17.7 5.687 12 91.0095114039277
"2798" "1999291NA10309-JOS" 1999291 "NA" "10309-JOS" 1999 10 20 12 85 -8.71 0.456 -0.275 -0.463 -0.143 -0.048 16.8 7.927 19 87.5034695950603
"2799" "1999298IO12099-mmm" 1999298 "IO" "12099-mmm" 1999 10 28 18 140 -9.872 0.86 1.547 -0.453 -0.554 -0.174 19.1 23.813 23 110.672183633406
"2800" "1999302NA11279-KAT" 1999302 "NA" "11279-KAT" 1999 10 29 18 35 1.825 1.581 -1.181 0.017 0.16 0.271 13.2 12.473 1 41.4080929789452
"2802" "1999310WP09138-mmm" 1999310 "WP" "09138-mmm" 1999 11 8 6 35 -6.695 1.023 -1.028 -0.203 0.087 0.226 12.4 14.273 1 65.0182069618856
"2803" "1999315WP13127-mmm" 1999315 "WP" "13127-mmm" 1999 11 15 18 65 -2.58 -0.688 0.453 -0.301 0.201 0.028 27.9 3.213 14 64.7873326834842
"2804" "1999318NA17278-LEN" 1999318 "NA" "17278-LEN" 1999 11 17 18 135 -8.778 2.222 0.674 0.695 0.176 -0.098 17.4 13.68 28 105.515335940977
"2807" "1999344SI09097-mmm" 1999344 "SI" "09097-mmm" 1999 12 15 6 60 -3.541 -1.368 -1.371 0.902 -0.162 -0.193 -12.5 13.493 33 78.1250823726602
"2808" "1999344SI13119-mmm" 1999344 "SI" "13119-mmm" 1999 12 14 12 130 -7.201 2.102 3.102 1.154 -0.41 0.486 -19.6 19.82 23 118.346096117695
"2810" "1999358SI09076-mmm" 1999358 "SI" "09076-mmm" 1999 12 27 12 65 -6.426 1.263 -0.608 0.086 0.384 0.124 -14.5 16.087 19 74.3786619726822
"2811" "2000003SI13082-mmm" 2000003 "SI" "13082-mmm" 2000 1 9 18 90 -5.852 0.838 0.823 0.005 0.303 0.101 -19.4 22.507 33 87.214144049627
"2812" "2000006SP15164-mmm" 2000006 "SP" "15164-mmm" 2000 1 8 6 70 -6.665 -0.637 0.389 0.214 0.165 -0.013 -16.6 17.107 4 74.48784337538
"2814" "2000023SP15172-mmm" 2000023 "SP" "15172-mmm" 2000 1 25 18 65 -8.071 1.298 -1.671 0.542 0.014 0.006 -22.1 5.713 16 87.11811385384
"2815" "2000025SI12103-mmm" 2000025 "SI" "12103-mmm" 2000 1 29 12 85 3.976 -5.632 0.384 0.737 0.202 0.089 -20.9 19.133 13 47.911163207551
"2816" "2000025SI15056-mmm" 2000025 "SI" "15056-mmm" 2000 1 28 0 120 -5.775 -0.059 -0.959 1.39 0.682 0.069 -16.3 3.8 19 78.428240664191
"2817" "2000031SI11074-mmm" 2000031 "SI" "11074-mmm" 2000 2 2 0 50 0.072 0.541 0.374 0.26 0.441 -0.26 -15.8 5.167 4 49.8974046971274
"2818" "2000034SI11110-mmm" 2000034 "SI" "11110-mmm" 2000 2 22 6 115 -8.876 1.981 -0.827 -0.345 0.457 0.208 -20.6 8.34 141 196.395482881006
"2819" "2000050SI13078-mmm" 2000050 "SI" "13078-mmm" 2000 2 22 18 65 -3.008 0.267 1.92 0.368 0.241 -0.007 -23 22.48 15 73.5498417470971
"2821" "2000056SP17151-mmm" 2000056 "SP" "17151-mmm" 2000 3 6 6 65 -5.954 1.758 -2.561 0.278 0.699 -0.039 -20.3 13.793 25 70.4912332923801
"2822" "2000058SI14063-mmm" 2000058 "SI" "14063-mmm" 2000 3 1 6 50 -5.622 -0.385 -0.576 0.833 0.906 0.044 -12.9 9.413 11 67.3708484761046
"2823" "2000060SI12086-mmm" 2000060 "SI" "12086-mmm" 2000 3 2 6 35 3.119 2.107 -0.631 -0.145 -0.025 0.03 -13.6 11.767 1 39.8885839221475
"2824" "2000061SI19120-mmm" 2000061 "SI" "19120-mmm" 2000 3 3 6 120 -8.66 2.791 1.204 0.259 0.089 0.038 -19.7 13.08 17 97.2713054609056
"2827" "2000075SI17119-mmm" 2000075 "SI" "17119-mmm" 2000 3 18 6 50 -6.798 -0.207 -0.724 0.199 0.109 -0.145 -19.1 13.247 9 75.6121372821628
"2828" "2000083SI17102-mmm" 2000083 "SI" "17102-mmm" 2000 4 1 12 125 -6.307 0.214 2.181 0.33 -0.623 0.099 -16.6 15.793 63 133.839264138782
"2829" "2000091SP14155-mmm" 2000091 "SP" "14155-mmm" 2000 4 2 12 50 -1.26 -1.729 -1.045 -0.54 0.149 0.015 -18.8 21.853 13 52.4178500884321
"2830" "2000091SP21168-mmm" 2000091 "SP" "21168-mmm" 2000 4 4 0 50 -4.968 -2.256 0.207 -0.245 -0.705 -0.565 -13.6 10.333 9 73.158166944964
"2831" "2000102SI13127-mmm" 2000102 "SI" "13127-mmm" 2000 4 16 6 130 -9.225 0.513 0.33 -0.336 -0.374 -0.601 -13.7 12.673 25 98.6941523281258
"2833" "2000106SI14082-mmm" 2000106 "SI" "14082-mmm" 2000 4 17 12 45 -5.809 1.876 -0.616 -0.443 0.252 0.013 -16.5 17.053 15 68.1746057920249
"2834" "2000108SI13120-mmm" 2000108 "SI" "13120-mmm" 2000 4 19 18 125 -8.533 -0.249 1.78 -0.384 -0.144 0.279 -18.4 2.153 21 97.6197728591686
"2835" "2000125WP06136-mmm" 2000125 "WP" "06136-mmm" 2000 5 9 18 155 -10.905 2.961 -0.152 0.777 -0.301 0.411 18.6 3.073 29 124.099539585131
"2836" "2000139WP18122-mmm" 2000139 "WP" "18122-mmm" 2000 5 19 12 40 0.432 0.124 0.733 0.691 1.141 -0.438 23.3 20.547 5 49.9364174656968
"2838" "2000144EP13261-ALE" 2000144 "EP" "13261-ALE" 2000 5 24 18 90 -8.43 1.607 -0.552 -0.488 -0.331 -0.326 14.8 10.94 13 82.423062927113
"2840" "2000165EP13254-BUD" 2000165 "EP" "13254-BUD" 2000 6 14 0 45 -6.145 0.937 -1.318 1.451 0.511 0.136 14.9 16.78 5 72.7695315572868
"2841" "2000171EP13266-CAR" 2000171 "EP" "13266-CAR" 2000 6 21 6 135 -6.796 0.879 0.503 1.16 -0.363 0.509 15.1 23.08 19 97.6553440231725
"2842" "2000184WP13133-mmm" 2000184 "WP" "13133-mmm" 2000 7 4 12 115 -9.232 3.029 2.379 1.013 -0.431 0.058 19.2 20.78 15 119.396367384879
"2843" "2000185WP16118-mmm" 2000185 "WP" "16118-mmm" 2000 7 7 6 75 -7.653 1.418 -1.594 0.634 -0.126 -0.026 19.6 13.92 13 84.70374540937
"2846" "2000199WP21145-mmm" 2000199 "WP" "21145-mmm" 2000 7 19 0 45 -3.7 -1.1 -1.162 0.527 0.138 0.001 26.5 9.493 3 64.5709294852984
"2847" "2000201EP11224-UPA" 2000201 "EP" "11224-UPA" 2000 7 21 6 40 -3.059 -1.443 -0.897 1.06 0.415 -0.298 10.2 19.907 5 59.3842057956772
"2849" "2000205EP10258-DAN" 2000205 "EP" "10258-DAN" 2000 7 25 18 110 -3.762 -0.711 -0.061 0.647 -0.297 0.227 14.3 9.927 17 74.7736092012561
"2850" "2000206WP19123-mmm" 2000206 "WP" "19123-mmm" 2000 7 27 0 50 -0.657 -2.443 -1.21 0.872 0.132 -0.123 27 8.653 9 59.2256692178353
"2851" "2000208EP15253-EMI" 2000208 "EP" "15253-EMI" 2000 7 27 18 55 -0.251 -3.227 0.798 0.763 0.097 0.019 18.1 10.547 9 59.6041885631141
"2852" "2000209WP06182-mmm" 2000209 "WP" "06182-mmm" 2000 7 29 0 40 -6.241 -0.028 0.027 -0.138 0.276 0.012 12.2 11.733 3 66.077764972828
"2853" "2000214WP22155-mmm" 2000214 "WP" "22155-mmm" 2000 8 3 6 125 -5.126 -1.297 0.282 0.254 -0.171 0.053 24.4 15.627 18 82.4834719469524
"2854" "2000214SI06080-mmm" 2000214 "SI" "06080-mmm" 2000 8 1 18 35 0.241 4.044 -0.156 0.08 -0.954 -0.281 -6.2 23.18 1 52.4333414372793
"2855" "2000217EP16246-FAB" 2000217 "EP" "16246-FAB" 2000 8 4 12 45 0.064 -2.816 -1.286 -0.202 -0.409 -0.053 16.8 4.167 5 50.0496218479066
"2856" "2000217NA11342-ALB" 2000217 "NA" "11342-ALB" 2000 8 12 12 110 -5.462 1.903 2.939 0.299 -0.938 0.035 35.9 8.313 67 157.289537215204
"2857" "2000218EP15255-GIL" 2000218 "EP" "15255-GIL" 2000 8 8 12 70 -6.486 -0.554 0.462 -0.376 0.038 0.001 19 4.113 17 78.7928770010173
"2859" "2000222WP14143-mmm" 2000222 "WP" "14143-mmm" 2000 8 15 0 75 -0.506 -1.352 1.579 0.029 -1.27 0.048 34.8 9.893 41 95.1454880553743
"2860" "2000224EP18253-HEC" 2000224 "EP" "18253-HEC" 2000 8 14 12 70 3.823 -4.827 -0.12 0.956 -0.282 0.08 19.1 4.047 21 53.8048544082547
"2861" "2000227NA23267-BER" 2000227 "NA" "23267-BER" 2000 8 14 18 45 -2.858 -0.584 -0.883 -0.487 -0.005 0.043 23.9 11.58 5 57.389313510193
"2862" "2000227EP17256-ILE" 2000227 "EP" "17256-ILE" 2000 8 15 6 60 -1.341 -3.091 -1.327 1.445 0.092 -0.39 21.5 22.767 11 63.9843634873833
"2863" "2000228WP31180-mmm" 2000228 "WP" "31180-mmm" 2000 8 15 18 45 2.536 -1.46 -1.727 0.178 -0.479 -0.296 33.6 6.06 2 48.4977860386163
"2865" "2000230WP08139-mmm" 2000230 "WP" "08139-mmm" 2000 8 21 18 140 -7.489 2.156 0.932 1.437 -0.037 0.202 20.3 2.333 25 109.536696954136
"2866" "2000231NA14308-CHR" 2000231 "NA" "14308-CHR" 2000 8 18 12 35 0.145 -2.33 0.416 0.465 0.32 -0.022 16.2 8.307 1 50.6298416821195
"2867" "2000232WP12116-mmm" 2000232 "WP" "12116-mmm" 2000 8 22 0 45 -4.271 1.115 -1.747 -0.217 -0.453 0.141 15.6 7.28 5 61.9071413161304
"2868" "2000233NA12316-DEB" 2000233 "NA" "12316-DEB" 2000 8 21 12 75 -0.743 -0.93 -1.775 0.535 -0.004 0.152 15.7 8.247 11 54.3269044578817
"2869" "2000237WP08138-mmm" 2000237 "WP" "08138-mmm" 2000 8 30 6 75 -5.916 3.799 1.847 0.529 0.853 -0.143 28.6 14.22 29 92.1044989809082
"2870" "2000241WP22115-mmm" 2000241 "WP" "22115-mmm" 2000 8 31 12 55 -7.04 0.927 -0.978 0.138 -0.062 0.063 21.6 19.707 23 86.2125602029778
"2871" "2000241EP15223-JOH" 2000241 "EP" "15223-JOH" 2000 8 30 18 60 -3.173 0.285 -0.123 -0.544 -0.405 -0.091 17.3 8.64 19 67.0581673705838
"2872" "2000244EP13229-KRI" 2000244 "EP" "13229-KRI" 2000 9 2 0 35 -5.744 0.188 -1.401 -0.017 -0.462 -0.059 13.2 15.113 1 66.6449188173387
"2873" "2000246NA15315-ERN" 2000246 "NA" "15315-ERN" 2000 9 2 6 35 -3.992 -1.426 0.03 -0.157 0.278 0.057 16.2 2.7 1 58.878297932648
"2874" "2000246WP16159-mmm" 2000246 "WP" "16159-mmm" 2000 9 10 12 140 -6.105 0.563 0.042 1.477 -0.324 0.482 24.2 20.833 63 136.315909991017
"2875" "2000249WP17117-mmm" 2000249 "WP" "17117-mmm" 2000 9 9 0 95 -7.585 0.852 1.785 0.293 -0.543 -0.034 18.3 7.373 23 105.784288430889
"2876" "2000249EP15258-LAN" 2000249 "EP" "15258-LAN" 2000 9 10 0 85 -5.134 4.785 1.635 0.653 0.261 0.027 20.2 16.5 37 96.2659783102134
"2877" "2000250WP21136-mmm" 2000250 "WP" "21136-mmm" 2000 9 8 6 55 -5.387 -1.791 1.741 -1.145 -0.225 -0.061 25.5 14.553 11 74.6213773244793
"2878" "2000255NA31289-FLO" 2000255 "NA" "31289-FLO" 2000 9 16 18 70 -4.33 -0.576 0.064 -0.409 0.165 0.141 36.1 13.88 44 90.2518501943659
"2879" "2000258WP22138-mmm" 2000258 "WP" "22138-mmm" 2000 9 17 6 75 -4.64 -1.244 0.404 0.054 0.077 -0.126 33.2 15.473 21 82.4104654769525
"2880" "2000259NA20273-GOR" 2000259 "NA" "20273-GOR" 2000 9 17 6 70 -2.419 -0.539 -2.411 0.307 -0.756 0.023 26.1 0.34 12 66.4811769692568
"2881" "2000260NA15308-HEL" 2000260 "NA" "15308-HEL" 2000 9 21 18 60 -1.045 1.242 -0.952 0.004 -0.251 -0.131 27.1 12.193 5 57.220095880054
"2882" "2000260EP19253-MIR" 2000260 "EP" "19253-MIR" 2000 9 16 12 35 -1.007 -3.465 -0.748 0.333 -0.426 0.102 20.6 4.813 1 56.9993218182127
"2883" "2000260WP15178-mmm" 2000260 "WP" "15178-mmm" 2000 9 21 18 135 -8.192 2.442 0.256 0.499 -0.558 0.438 23.5 5.02 32 115.015063284701
"2884" "2000264EP17257-NOR" 2000264 "EP" "17257-NOR" 2000 9 20 18 45 -6.741 0.737 -0.596 0.048 0.217 0.132 18.3 11.127 4 70.7593878583075
"2885" "2000266NA12337-ISA" 2000266 "NA" "12337-ISA" 2000 9 28 18 120 -6.28 2.323 2.42 0.916 -0.685 0.429 26.6 14.387 55 144.333404587668
"2886" "2000270NA11330-JOY" 2000270 "NA" "11330-JOY" 2000 9 28 6 80 -4.35 -0.993 -0.202 -0.082 0.258 0.24 12.2 3.167 19 66.6737862422972
"2887" "2000272WP24165-mmm" 2000272 "WP" "24165-mmm" 2000 9 29 0 35 3.919 0.004 -0.949 0.365 -0.24 0.299 27.3 11.047 1 44.0508756414963
"2888" "2000273NA16277-KEI" 2000273 "NA" "16277-KEI" 2000 10 1 6 120 -8.383 2.332 1.37 0.808 -0.911 0.25 17.9 0.187 14 112.021475542838
"2889" "2000277EP15257-OLI" 2000277 "EP" "15257-OLI" 2000 10 3 18 55 -4.519 -1.234 -0.917 0.391 -0.203 -0.674 15.4 11.033 7 67.8258525720116
"2890" "2000279NA29279-LES" 2000279 "NA" "29279-LES" 2000 10 10 18 60 4.247 1.163 -0.467 0.085 0.171 -0.045 53 17.333 43 63.6105063008508
"2891" "2000281WP11111-mmm" 2000281 "WP" "11111-mmm" 2000 10 8 18 40 -6.474 -1.831 0.355 -0.095 -0.1 -0.313 11.5 1.48 5 72.1843362135312
"2892" "2000289IO15089-mmm" 2000289 "IO" "15089-mmm" 2000 10 16 0 35 4.283 3.19 -0.083 -0.297 0.175 0.076 14.2 5.733 1 36.9441222209465
"2893" "2000290NA30289-MIC" 2000290 "NA" "30289-MIC" 2000 10 19 18 85 0.079 0.72 -0.422 0.287 0.242 0.167 44 14.1 31 70.500488967682
"2894" "2000294NA26300-NAD" 2000294 "NA" "26300-NAD" 2000 10 21 0 50 -4.802 0.662 -0.367 0.474 -0.059 -0.287 32.4 20.32 5 75.8484868107784
"2895" "2000295WP20146-mmm" 2000295 "WP" "20146-mmm" 2000 10 24 18 105 -1.543 -3.846 0.942 1.055 -0.367 0.073 24.1 2.367 23 80.2360543062586
"2896" "2000299NA22291-SUB" 2000299 "NA" "22291-SUB" 2000 10 28 18 55 4.811 -0.097 -0.22 0.891 -0.191 0.007 38 13.633 29 58.7967620201265
"2897" "2000299EP10252-PAU" 2000299 "EP" "10252-PAU" 2000 10 26 18 40 1.492 0.385 -0.584 -0.463 0.219 -0.2 10.3 10.22 3 40.8207377916898
"2898" "2000299WP09137-mmm" 2000299 "WP" "09137-mmm" 2000 10 30 0 90 -10.092 3.618 1.165 0.855 -0.151 0.204 16.4 7.887 31 124.431188764692
"2899" "2000300IO16090-mmm" 2000300 "IO" "16090-mmm" 2000 10 27 18 35 -7.47 1.825 -1.168 -0.471 -0.334 -0.084 20.3 23.893 1 72.3774740272497
"2900" "2000305WP06136-mmm" 2000305 "WP" "06136-mmm" 2000 11 2 12 85 -7.838 0.138 -0.09 -0.042 -0.029 0.006 14.4 20.16 13 81.7650190353026
"2901" "2000309EP10270-ROS" 2000309 "EP" "10270-ROS" 2000 11 6 6 55 -0.112 -3.712 0.495 -0.09 -0.373 -0.284 11.8 23.413 7 54.1024143881732
"2903" "2000315SI08083-mmm" 2000315 "SI" "08083-mmm" 2000 11 12 12 35 -3.29 -1.231 -1.176 0.249 -0.138 -0.22 -10.5 17.293 1 57.18970469168
"2904" "2000331IO09091-mmm" 2000331 "IO" "09091-mmm" 2000 11 28 12 65 -8.513 1.697 -0.076 0.114 -0.43 0.051 11.5 17.46 17 91.7345444603801
"2905" "2000332WP08133-mmm" 2000332 "WP" "08133-mmm" 2000 11 30 0 55 -13.755 3.444 -1.216 0.135 0.272 0.086 11 8.347 13 103.253725773201
"2906" "2000338SI11128-mmm" 2000338 "SI" "11128-mmm" 2000 12 7 18 110 -7.475 -0.069 1.204 0.745 -0.188 -0.128 -17.8 2.067 19 99.4883857950843
"2907" "2000358IO07085-mmm" 2000358 "IO" "07085-mmm" 2000 12 26 12 65 -6.722 2.722 -0.195 0.327 0.271 0.076 8.5 17.4 15 75.0821964503091
"2908" "2000364WP07130-mmm" 2000364 "WP" "07130-mmm" 2001 1 3 18 110 -5.029 -2.52 1.125 -0.308 -0.458 -0.226 18.1 3.08 39 93.3254954282654
"2909" "2000366SI09067-mmm" 2000366 "SI" "09067-mmm" 2001 1 5 18 120 -9.859 2.719 0.686 0.272 -0.059 0.21 -17.8 21.647 27 109.991239923355
"2910" "2001006SI10080-mmm" 2001006 "SI" "10080-mmm" 2001 1 12 18 100 -5.176 -0.702 0.8 -0.244 0.197 -0.084 -18 22.607 43 88.415318271065
"2911" "2001018SI12086-mmm" 2001018 "SI" "12086-mmm" 2001 1 22 12 105 -5.678 0.598 3.075 0.574 -0.817 0.18 -18.8 16.86 25 109.137617769527
"2912" "2001028SI15128-mmm" 2001028 "SI" "15128-mmm" 2001 1 31 0 50 -8.77 0.767 -0.09 -0.294 -0.434 -0.357 -19.7 7.953 9 88.4082446931898
"2913" "2001039SI13117-mmm" 2001039 "SI" "13117-mmm" 2001 2 12 12 35 -2.404 -1.479 -1.887 0.062 -0.408 0.267 -14.8 19.46 1 55.022972209833
"2914" "2001041SI11138-mmm" 2001041 "SI" "11138-mmm" 2001 2 11 0 40 -7.796 2.151 -1.101 -0.771 0.135 0.143 -14.6 9.04 3 66.3614202172707
"2915" "2001047SP17157-mmm" 2001047 "SP" "17157-mmm" 2001 2 17 12 35 4.739 1.923 0.504 0.527 0.152 -0.079 -19.6 23.033 1 41.5072178542503
"2918" "2001054SP16155-mmm" 2001054 "SP" "16155-mmm" 2001 2 26 12 60 -8.224 1.01 -0.734 0.492 0.455 0.037 -16.7 21.233 9 79.4126816604017
"2919" "2001056SP11163-mmm" 2001056 "SP" "11163-mmm" 2001 3 2 6 105 -10.232 2.769 -0.314 -0.276 0.181 -0.065 -22 18.06 31 104.091668106958
"2921" "2001067SI15041-mmm" 2001067 "SI" "15041-mmm" 2001 3 12 0 90 -3.025 -1.363 0.446 0.845 0.155 -0.48 -29.3 2.733 25 81.5635708292028
"2922" "2001092SI10108-mmm" 2001092 "SI" "10108-mmm" 2001 4 5 6 90 -6.274 -0.811 -1.652 1.289 0.022 -0.312 -11.7 12.44 20 82.5502727676701
"2923" "2001093SI13088-mmm" 2001093 "SI" "13088-mmm" 2001 4 3 12 35 -6.472 -0.881 0.171 -0.217 -0.006 -0.188 -14.9 17.527 1 69.2880135498574
"2924" "2001093SI09061-mmm" 2001093 "SI" "09061-mmm" 2001 4 5 18 75 -5.652 -1.251 -0.17 0.275 0.162 -0.135 -14.9 22.073 15 74.1896133405752
"2925" "2001094SP12172-mmm" 2001094 "SP" "12172-mmm" 2001 4 8 12 70 -6.423 -0.487 -0.219 0.464 0.569 0.096 -20.2 23.267 21 80.3875246241971
"2926" "2001106SI08135-mmm" 2001106 "SI" "08135-mmm" 2001 4 19 0 65 -5.225 -3.167 0.994 -0.244 0.158 -0.177 -15.9 8.14 21 75.9389428502667
"2928" "2001125WP05129-mmm" 2001125 "WP" "05129-mmm" 2001 5 13 18 60 -4.822 -2.09 0.077 0.265 0.358 0.065 24.2 2.347 31 82.5153785316469
"2929" "2001141IO14068-mmm" 2001141 "IO" "14068-mmm" 2001 5 24 6 110 -10.191 2.199 0.486 -0.576 -0.504 -0.433 16.8 10.6 21 102.793161044490
"2930" "2001146EP14259-ADO" 2001146 "EP" "14259-ADO" 2001 5 29 0 125 -5.313 0.238 1.08 0.52 -1.179 0.391 15 17.193 19 95.9287739021766
"2931" "2001157NA28265-ALL" 2001157 "NA" "28265-ALL" 2001 6 5 18 50 2.61 1.101 -0.898 -0.2 0.466 -0.196 28.5 11.647 3 41.8559495010983
"2932" "2001170WP11138-mmm" 2001170 "WP" "11138-mmm" 2001 6 23 0 100 -8.971 0.088 0.755 -0.369 0.162 0.242 22.1 7.96 23 95.5281600333334
"2933" "2001171EP12234-BAR" 2001171 "EP" "12234-BAR" 2001 6 21 12 50 0.121 -2.043 1.125 -0.48 -0.272 0.176 14.7 3.06 7 52.9809382514523
"2934" "2001172SI30034-mmm" 2001172 "SI" "30034-mmm" 2001 6 21 6 65 6.072 -3.543 -0.838 0.839 0.071 -0.162 -26.6 8.313 4 40.4039327175055
"2935" "2001180WP15118-mmm" 2001180 "WP" "15118-mmm" 2001 7 1 18 75 -3.836 1.588 -1.22 0.999 0.397 0.304 20.9 1.38 15 69.4407273012047
"2936" "2001181WP08141-mmm" 2001181 "WP" "08141-mmm" 2001 7 4 6 80 -10.449 3.228 -0.258 0.018 0.003 -0.238 18.7 14.14 19 100.216249192932
"2937" "2001189WP13130-mmm" 2001189 "WP" "13130-mmm" 2001 7 10 6 40 -4.415 -2.234 -0.446 0.416 -0.211 -0.072 20.5 14.233 3 69.105388183315
"2939" "2001194EP15252-COS" 2001194 "EP" "15252-COS" 2001 7 13 18 40 -6.02 -0.688 -0.078 -0.548 -0.342 -0.294 16.3 10.573 3 69.021690870877
"2940" "2001202EP14243-ERI" 2001202 "EP" "14243-ERI" 2001 7 21 18 35 -1.74 1.11 1.016 0.465 0.453 0.145 16.2 9.973 1 56.5793663602799
"2941" "2001202EP11266-DAL" 2001202 "EP" "11266-DAL" 2001 7 24 12 65 -4.542 -1.284 -1.226 0.436 -0.222 -0.293 18.2 4.733 25 77.9047402525478
"2942" "2001202WP23152-mmm" 2001202 "WP" "23152-mmm" 2001 7 26 12 85 -3.736 -2.427 0.428 0.759 0.94 0.135 30.3 21.473 39 84.5070480481855
"2943" "2001204WP19127-mmm" 2001204 "WP" "19127-mmm" 2001 7 24 12 85 -5.187 1.503 0.184 0.734 0.089 -0.371 20.6 19.713 9 76.8296027641784
"2944" "2001206WP14135-mmm" 2001206 "WP" "14135-mmm" 2001 7 29 18 100 -8.919 0.445 0.743 -0.99 -0.211 -0.057 23.8 2.087 25 96.0352664934636
"2945" "2001212WP10158-mmm" 2001212 "WP" "10158-mmm" 2001 8 4 12 120 -8.695 0.75 1.423 -0.668 -0.758 0.065 22.4 21.607 21 104.190972670167
"2946" "2001215NA26275-BAR" 2001215 "NA" "26275-BAR" 2001 8 5 18 60 -3.007 0.856 -1.816 -0.142 0.064 -0.195 28.6 12.24 19 64.7187703201397
"2947" "2001220WP17118-mmm" 2001220 "WP" "17118-mmm" 2001 8 10 12 40 -5.738 2.447 -0.081 -0.142 0.494 0.289 18.1 19.16 3 64.3791121350596
"2948" "2001225WP18146-mmm" 2001225 "WP" "18146-mmm" 2001 8 19 0 90 -6.439 7.502 1.504 -0.977 0.372 0.193 25.4 8.96 37 88.6669902431395
"2949" "2001227NA13323-CHA" 2001227 "NA" "13323-CHA" 2001 8 19 6 60 -0.449 -0.834 -0.739 0.201 -0.022 -0.207 15.4 0.773 19 57.232151528881
"2950" "2001235NA18296-DEA" 2001235 "NA" "18296-DEA" 2001 8 27 18 60 -3.195 0.553 0.181 -0.303 0.439 0.102 40.6 14.04 16 70.0600904724266
"2952" "2001238WP16139-mmm" 2001238 "WP" "16139-mmm" 2001 8 29 12 130 -6.983 -0.304 0.999 0.372 -0.038 0.125 24 21.76 21 95.3896367178035
"2953" "2001238EP19252-FLO" 2001238 "EP" "19252-FLO" 2001 8 29 18 90 2.207 -4.05 0.807 0.741 0.228 -0.121 20.9 10.227 25 58.2963707102503
"2954" "2001238WP18162-mmm" 2001238 "WP" "18162-mmm" 2001 8 28 0 45 -3.646 -2.434 0.802 0.145 0.6 0.256 24.4 10.753 5 63.7205980536906
"2955" "2001239WP19117-mmm" 2001239 "WP" "19117-mmm" 2001 8 31 0 45 -5.746 -2.334 0.036 0.043 0.101 0.06 21 7.247 5 71.4399399922023
"2956" "2001245NA13326-ERI" 2001245 "NA" "13326-ERI" 2001 9 9 18 105 -2.049 0.22 2.769 0.372 0.323 0.011 32.4 13.813 45 93.5568122858304
"2957" "2001246WP19156-mmm" 2001246 "WP" "19156-mmm" 2001 9 7 6 105 -4.032 -1.16 0.868 0 0.204 0.242 27.3 15.84 29 81.4694610851294
"2958" "2001247EP15237-GIL" 2001247 "EP" "15237-GIL" 2001 9 6 18 85 -4.602 -2.086 1.709 -0.457 -0.125 0.17 14.9 9.467 19 75.2657551255235
"2959" "2001248EP17251-HEN" 2001248 "EP" "17251-HEN" 2001 9 7 0 55 -2.871 -1.06 -0.718 0.175 -0.134 -0.039 20.5 15.807 15 66.1267094361406
"2960" "2001249WP24124-mmm" 2001249 "WP" "24124-mmm" 2001 9 11 12 100 1.944 -4.673 1.664 1.415 0.048 0.225 26.4 20.473 39 76.4828758535942
"2961" "2001251NA14332-FEL" 2001251 "NA" "14332-FEL" 2001 9 14 0 100 -3.312 0.918 0.47 1.46 -0.285 0.384 28.2 20.853 21 90.0352307066627
"2962" "2001254EP15261-IVO" 2001254 "EP" "15261-IVO" 2001 9 12 18 45 -7.487 0.494 -0.732 -0.052 0.137 0.07 20.3 10.693 13 78.980990704361
"2963" "2001255NA26276-GAB" 2001255 "NA" "26276-GAB" 2001 9 17 12 70 4.466 -0.728 -0.105 -0.741 0.274 0.44 35.3 7.56 33 48.856316483612
"2964" "2001259WP20138-mmm" 2001259 "WP" "20138-mmm" 2001 9 20 18 75 0.351 -2.888 1.312 0.565 -0.103 0.226 36.1 3.72 25 73.58464949219
"2965" "2001260WP14167-mmm" 2001260 "WP" "14167-mmm" 2001 9 23 12 100 -4.621 -1.43 0.89 0.702 -0.11 -0.049 26.3 21.833 33 96.1099563630186
"2966" "2001264EP13269-JUL" 2001264 "EP" "13269-JUL" 2001 9 25 6 125 -8.258 1.356 -1.046 0.353 -0.198 0.111 15.9 22.98 31 97.787030674341
"2967" "2001265NA25296-HUM" 2001265 "NA" "25296-HUM" 2001 9 26 12 90 3.18 -4.816 1.298 1.415 -0.467 0.246 41 8.053 34 78.8063893210686
"2968" "2001265EP16244-KIK" 2001265 "EP" "16244-KIK" 2001 9 23 12 65 -0.913 -4.3 -0.131 0.629 0.169 0.041 18.2 3.78 9 58.0965650349989
"2969" "2001265WP19125-mmm" 2001265 "WP" "19125-mmm" 2001 9 26 0 95 -9.091 2.23 -0.602 -0.743 0.44 -0.266 21.4 8.093 31 88.9779141116635
"2970" "2001267IO17070-mmm" 2001267 "IO" "17070-mmm" 2001 9 26 6 35 3.661 -1.337 -0.019 -0.514 -0.169 -0.157 18.2 10.44 1 40.0535705086591
"2971" "2001275EP12258-LOR" 2001275 "EP" "12258-LOR" 2001 10 3 12 50 -4.566 -1.012 -0.223 0.066 0.232 -0.182 15.7 4.9 9 65.2205760905868
"2972" "2001276WP13146-mmm" 2001276 "WP" "13146-mmm" 2001 10 5 12 105 -8.021 0.522 0.626 -0.563 -0.695 0.287 19.6 21.147 13 90.5201050188793
"2973" "2001277SI10082-mmm" 2001277 "SI" "10082-mmm" 2001 10 6 6 35 0.676 2.507 0.051 -0.339 0.045 0.08 -11 11.533 1 44.90866282719
"2974" "2001278NA12302-IRI" 2001278 "NA" "12302-IRI" 2001 10 9 0 125 -5.823 0.742 -1.729 0.514 0.499 -0.014 16.5 18.133 29 76.6556247676548
"2975" "2001280NA11309-JER" 2001280 "NA" "11309-JER" 2001 10 7 12 45 -3.163 -3.518 0.851 0.107 0.204 -0.154 11.7 8.153 5 60.5791961274175
"2976" "2001281IO18071-mmm" 2001281 "IO" "18071-mmm" 2001 10 9 12 35 0.336 0.709 0.781 -0.497 -0.251 0.077 18.6 16.587 1 50.3481405373152
"2977" "2001284EP14261-MAN" 2001284 "EP" "14261-MAN" 2001 10 16 12 50 1.097 -1.775 -1.149 -0.704 0.209 0.37 18 4.127 21 47.2372809824762
"2978" "2001284NA28297-KAR" 2001284 "NA" "28297-KAR" 2001 10 14 6 70 3.317 -2.229 0.318 1.263 -0.41 -0.184 38.6 1.753 23 66.9338799483422
"2979" "2001284WP16132-mmm" 2001284 "WP" "16132-mmm" 2001 10 15 18 90 -6.254 2.818 0.434 1.312 -1.695 0.098 23.8 2.34 29 128.034701886253
"2980" "2001291WP05158-mmm" 2001291 "WP" "05158-mmm" 2001 10 24 6 140 -5.737 0.773 1.859 1.046 -0.255 0.096 17.2 16.46 39 111.123639907407
"2981" "2001294EP11235-NAR" 2001294 "EP" "11235-NAR" 2001 10 22 0 75 -3.981 -1.47 -0.632 0.333 0.121 0.098 14.5 15.24 11 65.1446909191038
"2982" "2001298SI07098-mmm" 2001298 "SI" "07098-mmm" 2001 10 28 0 55 -8.651 0.006 -0.732 0.547 0.346 -0.162 -7.9 5.973 15 82.2246582947134
"2983" "2001301NA27325-LOR" 2001301 "NA" "27325-LOR" 2001 10 30 0 35 6.042 0.195 0.921 0.284 -0.535 -0.682 28.5 21.027 1 44.071270795993
"2984" "2001303NA13276-MIC" 2001303 "NA" "13276-MIC" 2001 11 4 6 120 -7.982 0.316 0.7 -0.541 -0.202 -0.163 20.1 0.447 27 94.5322902884831
"2985" "2001304EP12237-OCT" 2001304 "EP" "12237-OCT" 2001 11 2 0 75 -0.766 -3.282 0.899 0.347 0.265 -0.04 16.5 15.427 15 59.7772794238316
"2986" "2001308NA34310-NOE" 2001308 "NA" "34310-NOE" 2001 11 5 12 65 3.496 2.052 1.951 -0.434 0.784 -0.244 37.8 8.647 13 47.8591912329894
"2987" "2001309WP10130-mmm" 2001309 "WP" "10130-mmm" 2001 11 10 12 115 -8.519 3.513 1.981 0.983 -0.157 0.205 13.5 19.6 29 116.291219766898
"2989" "2001320SP11146-mmm" 2001320 "SP" "11146-mmm" 2001 11 21 6 35 -2.51 -1.055 0.791 0.019 0.454 0.094 -6.7 14.62 1 52.9243393980741
"2990" "2001321WP07148-mmm" 2001321 "WP" "07148-mmm" 2001 11 20 12 35 -6.754 -0.805 -1.04 0.35 0.054 0.237 14 20.94 1 69.8234160383831
"2991" "2001323WP05107-mmm" 2001323 "WP" "05107-mmm" 2001 11 20 18 35 -10.598 3.043 -0.533 -0.621 0.006 0.19 6 1.467 1 76.6542714303159
"2992" "2001324SI12081-mmm" 2001324 "SI" "12081-mmm" 2001 11 21 12 35 0.964 0.634 -0.419 0.663 0.158 0.043 -11.4 17.52 1 47.337753451761
"2993" "2001327NA31309-OLG" 2001327 "NA" "31309-OLG" 2001 11 27 6 80 2.018 -1.41 -1.135 0.964 -0.301 0.666 32.6 2.2 28 64.7007007077096
"2994" "2001329SI07095-mmm" 2001329 "SI" "07095-mmm" 2001 12 2 18 75 -3.818 -0.274 1.659 -0.489 -0.36 -0.235 -17 23.72 43 88.6634876468257
"2996" "2001338WP10129-mmm" 2001338 "WP" "10129-mmm" 2001 12 5 12 35 -3.321 3.862 -1.043 0.778 0.148 -0.34 10.9 20.26 1 58.7323624024659
"2997" "2001345WP05155-mmm" 2001345 "WP" "05155-mmm" 2001 12 12 18 35 -10.835 1.763 -0.947 0.617 0.322 -0.06 5.7 4.647 1 82.842919677808
"2998" "2001347WP04162-mmm" 2001347 "WP" "04162-mmm" 2001 12 23 0 155 -9.175 2.336 -0.254 0.659 0.078 0.429 14.7 10.013 65 133.812365405714
"2999" "2001361WP01107-mmm" 2001361 "WP" "01107-mmm" 2001 12 27 0 65 -6.588 -0.307 0.208 -0.289 0.181 -0.06 1.5 7.007 3 63.6358198839804
"3001" "2001364SI19036-mmm" 2001364 "SI" "19036-mmm" 2002 1 1 12 50 -0.811 0.285 0.388 -0.31 0.32 0.369 -20.7 14.78 5 52.0218273739994
"3002" "2002003SI14139-mmm" 2002003 "SI" "14139-mmm" 2002 1 3 18 45 -2.025 2.027 -0.624 0.905 0.328 0.092 -15 3.273 3 57.295505640814
"3003" "2002008WP07141-mmm" 2002008 "WP" "07141-mmm" 2002 1 12 12 50 -2.964 0.529 0.124 -0.289 -0.024 0.291 13.7 20.373 9 59.7966235218896
"3004" "2002017SI07078-mmm" 2002017 "SI" "07078-mmm" 2002 1 20 6 130 -7.462 -0.173 1.478 -0.938 0.005 -0.411 -18 10.28 22 84.8384889105132
"3005" "2002023SI12090-mmm" 2002023 "SI" "12090-mmm" 2002 1 26 18 75 -6.271 -0.137 -0.385 0.194 0.015 -0.361 -20.1 23.98 17 80.2572238256749
"3006" "2002032SI12090-mmm" 2002032 "SI" "12090-mmm" 2002 2 5 0 115 -9.195 2.794 -1.272 0.426 -0.173 -0.131 -15.9 5.227 25 98.0611192117994
"3007" "2002034SI15121-mmm" 2002034 "SI" "15121-mmm" 2002 2 5 12 125 -4.814 -1.93 0.592 1.234 0.232 0.555 -19.2 20.02 20 84.8449347953504
"3008" "2002042SP19156-mmm" 2002042 "SP" "19156-mmm" 2002 2 12 6 75 -4.501 0.237 0.846 0.383 -0.038 0.094 -24.2 16.673 10 76.7912852124381
"3009" "2002046SI17051-mmm" 2002046 "SI" "17051-mmm" 2002 2 18 18 120 -4.31 -1.622 0.118 0.8 0.128 -0.435 -18.2 21.967 23 79.7168859950487
"3010" "2002054SP17176-mmm" 2002054 "SP" "17176-mmm" 2002 2 24 12 35 -2.49 -1.236 -1.056 -0.039 -0.173 0.307 -20.4 23.707 1 56.8350011607714
"3011" "2002057WP06156-mmm" 2002057 "WP" "06156-mmm" 2002 3 5 6 140 -9.629 3.716 1.502 1.103 -0.573 0.184 13.7 14.667 49 148.875157230821
"3012" "2002064SP19158-mmm" 2002064 "SP" "19158-mmm" 2002 3 6 0 50 -4.877 -1.603 -0.846 0.75 -0.051 -0.261 -20.2 10.827 7 72.499571594002
"3013" "2002064SI10067-mmm" 2002064 "SI" "10067-mmm" 2002 3 10 0 140 -9.475 1.654 -0.181 -0.089 0.164 -0.268 -14.7 3.387 33 99.8116436070576
"3014" "2002073SP16161-mmm" 2002073 "SP" "16161-mmm" 2002 3 14 18 35 -5.61 -2.759 1.496 -0.563 0.432 0.182 -19.9 5.027 1 65.8166242232526
"3016" "2002082SI08081-mmm" 2002082 "SI" "08081-mmm" 2002 3 27 12 110 -8.185 1.086 0.238 0.382 0.155 0.136 -17 17.073 25 95.1889610033685
"3018" "2002096SI10103-mmm" 2002096 "SI" "10103-mmm" 2002 4 9 12 105 -6.583 -0.345 0.607 -0.433 0.206 0.329 -17.7 17.873 21 79.2325551969152
"3019" "2002099SI08129-mmm" 2002099 "SI" "08129-mmm" 2002 4 12 18 50 1.975 2.664 0.192 0.742 0.664 0.21 -11 1.54 17 48.6176646198064
"3020" "2002122SI07062-mmm" 2002122 "SI" "07062-mmm" 2002 5 6 6 65 -4.387 -2.009 0.72 0.047 0.947 0.407 -10.5 10.073 25 66.7048437427259
"3021" "2002126IO09068-mmm" 2002126 "IO" "09068-mmm" 2002 5 9 6 45 -4.99 -0.659 -0.571 -0.138 -0.457 -0.087 14.6 9.847 20 75.4784455080116
"3022" "2002129IO08096-mmm" 2002129 "IO" "08096-mmm" 2002 5 11 6 45 -11.597 2.777 -1.037 0.133 -0.023 -0.194 12.9 12.36 7 93.035155920676
"3023" "2002129SI07097-mmm" 2002129 "SI" "07097-mmm" 2002 5 11 6 45 -6.568 2.194 -1.132 -0.821 0.059 0.471 -5.8 12.42 8 61.3750595468409
"3024" "2002133WP03150-mmm" 2002133 "WP" "03150-mmm" 2002 5 19 12 140 -7.139 0.253 3.179 0.539 -0.634 1.061 19.3 21.48 29 119.221286119812
"3025" "2002143SP07157-mmm" 2002143 "SP" "07157-mmm" 2002 5 25 6 35 -0.77 0.892 -1.677 -0.37 0.337 0.42 -7.9 16.247 1 42.5994752173703
"3026" "2002145EP11259-ALM" 2002145 "EP" "11259-ALM" 2002 5 30 6 100 -1.859 -2.823 -0.226 0.756 -0.204 0.137 15.3 22.307 31 74.3212177072034
"3028" "2002155WP20112-mmm" 2002155 "WP" "20112-mmm" 2002 6 9 0 85 -1.227 -2.515 -0.167 0.483 -0.181 -0.22 22.7 8.313 11 63.233794711405
"3029" "2002160EP16258-BOR" 2002160 "EP" "16258-BOR" 2002 6 9 6 50 -5.657 -0.579 -1.212 0.848 0.444 0.221 16.8 23.06 4 67.841973601179
"3030" "2002178WP10139-mmm" 2002178 "WP" "10139-mmm" 2002 7 3 0 110 -4.711 3.048 0.932 1.367 -0.202 0.171 23.2 8.42 31 101.333692620810
"3031" "2002178WP04155-mmm" 2002178 "WP" "04155-mmm" 2002 7 7 18 130 -8.237 1.998 1.797 0.564 -0.26 0.816 20.8 2.933 71 154.993044729003
"3032" "2002187WP11160-mmm" 2002187 "WP" "11160-mmm" 2002 7 13 6 135 -5.055 3.267 2.416 1.871 -0.629 -0.1 20.2 14.813 45 132.5085082132
"3033" "2002189WP22118-mmm" 2002189 "WP" "22118-mmm" 2002 7 10 18 40 1.664 -1.715 0.18 -0.262 -0.793 0.436 25.3 2.267 14 57.0166141852302
"3034" "2002191EP12260-CRI" 2002191 "EP" "12260-CRI" 2002 7 14 12 55 -4.642 -1.012 -0.109 -0.394 -0.307 0.012 16.6 4.147 19 72.5679291787647
"3035" "2002195WP11171-mmm" 2002195 "WP" "11171-mmm" 2002 7 21 12 145 -9.237 3.379 1.312 1.509 -0.735 0.764 20.5 22.287 56 167.863789936217
"3036" "2002196NA34283-ART" 2002196 "NA" "34283-ART" 2002 7 16 0 50 3.635 1.333 -0.056 0.133 -0.007 0.101 37.9 19.66 7 48.8780564294367
"3038" "2002199WP08130-mmm" 2002199 "WP" "08130-mmm" 2002 7 20 12 35 -4.523 -1.617 -0.385 0.201 0.249 0.065 13.7 20.1 1 61.055257240184
"3039" "2002201WP24144-mmm" 2002201 "WP" "24144-mmm" 2002 7 23 6 65 -2.994 -2.834 0.437 0.092 -0.154 -0.569 22.9 14.74 21 73.5488836947093
"3040" "2002202EP13254-DOU" 2002202 "EP" "13254-DOU" 2002 7 22 18 90 -6.372 1.49 -0.343 -0.826 -0.272 -0.185 17.2 10.487 18 74.9682827496247
"3041" "2002204EP12263-ELI" 2002204 "EP" "12263-ELI" 2002 7 25 6 140 -8.247 2.061 -1.73 0.79 -0.214 -0.052 14.3 22.7 15 87.8998147583892
"3042" "2002214WP19119-mmm" 2002214 "WP" "19119-mmm" 2002 8 4 18 50 -3.987 -0.571 -0.59 -0.096 0.361 0.269 22.1 1.7 11 63.3687624484519
"3044" "2002217NA29272-BER" 2002217 "NA" "29272-BER" 2002 8 5 0 35 5.409 -0.441 1.58 -0.088 0.078 0.59 29.3 18.053 1 42.0356132080442
"3045" "2002218NA32283-CRI" 2002218 "NA" "32283-CRI" 2002 8 8 0 45 4.912 2.827 0.824 0.528 0.363 -0.336 29.7 18.98 11 46.1645583807898
"3046" "2002222WP11131-mmm" 2002222 "WP" "11131-mmm" 2002 8 12 12 35 -4.815 0.745 -1.077 0.44 0.357 0.089 13.3 20.447 1 60.712690685914
"3047" "2002222WP09163-mmm" 2002222 "WP" "09163-mmm" 2002 8 15 18 135 -7.382 2.252 1.266 1.239 -0.59 0.391 23.9 3.553 34 126.312244955969
"3048" "2002227WP14115-mmm" 2002227 "WP" "14115-mmm" 2002 8 19 6 55 -8.708 1.948 -0.272 -0.441 -0.113 -0.033 19.9 13.407 11 84.023043311722
"3049" "2002234EP13253-FAU" 2002234 "EP" "13253-FAU" 2002 8 24 12 125 -6.753 1.085 2.722 0.655 -0.917 0.767 15.7 3.88 21 111.106523866384
"3050" "2002234WP14164-mmm" 2002234 "WP" "14164-mmm" 2002 8 26 6 115 -6.41 0.204 -1.076 0.579 -0.057 0.186 22.5 15.707 28 90.2472788251502
"3051" "2002234EP11220-ALI" 2002234 "EP" "11220-ALI" 2002 8 25 6 55 -2.605 -2.375 -0.145 -0.286 -0.05 0.076 12.7 19.827 4 55.8361195495201
"3052" "2002237WP10202-ELE" 2002237 "WP" "10202-ELE" 2002 8 31 6 115 -6.266 0.524 0.049 0.733 -0.083 0.566 15 17.84 34 95.695979477731
"3053" "2002238EP15250-GEN" 2002238 "EP" "15250-GEN" 2002 8 27 18 60 -5.483 -1.412 0.697 -0.977 0.102 0.203 14.1 10.34 7 63.7785650035797
"3054" "2002240WP16156-mmm" 2002240 "WP" "16156-mmm" 2002 8 31 6 110 -5.876 0.164 0.97 0.313 -0.805 0.335 23.7 15.98 17 95.311752991765
"3055" "2002242NA10329-DOL" 2002242 "NA" "10329-DOL" 2002 8 30 12 50 -6.537 0.412 -0.721 0.104 0.028 -0.13 10.3 9.58 7 69.9580209216605
"3056" "2002242EP14257-HER" 2002242 "EP" "14257-HER" 2002 9 1 12 140 -8.042 3.376 1.8 1.567 -1.478 0.258 17.2 4.593 18 132.973101927963
"3057" "2002245NA29281-EDO" 2002245 "NA" "29281-EDO" 2002 9 3 12 55 3.37 -1.003 -1.36 -0.354 0.511 -0.072 30.4 6.773 11 41.2559252966262
"3058" "2002249SI04063-mmm" 2002249 "SI" "04063-mmm" 2002 9 6 18 35 -3.452 1.48 1.337 -0.542 -0.472 -0.181 -4 21.873 1 59.6278844543162
"3059" "2002249NA28266-FAY" 2002249 "NA" "28266-FAY" 2002 9 6 12 50 1.296 2.25 1.837 -0.086 -0.256 -0.191 27.7 5.7 5 56.4844843168814
"3060" "2002252NA29289-GUS" 2002252 "NA" "29289-GUS" 2002 9 11 18 85 -2.8 0.016 -0.871 -0.936 -0.611 -0.065 40.3 13.547 25 74.7250902202058
"3061" "2002252WP20121-mmm" 2002252 "WP" "20121-mmm" 2002 9 11 6 45 -7.146 1.133 -0.54 -0.091 0.125 -0.016 21 13.58 7 75.0357175078926
"3062" "2002255NA26273-HAN" 2002255 "NA" "26273-HAN" 2002 9 14 0 50 2.188 -1.317 -1.128 -0.563 -0.227 0.007 28 18.053 15 48.4404313859639
"3063" "2002258NA10300-ISI" 2002258 "NA" "10300-ISI" 2002 9 21 18 110 -6.464 -1.067 0.636 -0.075 0.039 0.035 21.9 12.26 29 90.4380834049488
"3064" "2002258EP15256-ISE" 2002258 "EP" "15256-ISE" 2002 9 17 18 60 -0.414 -3.367 -0.78 0.466 0.115 -0.165 21.6 10.4 16 58.3731883837305
"3065" "2002261NA33308-JOS" 2002261 "NA" "33308-JOS" 2002 9 19 12 50 0.101 -1.092 0.088 -0.558 0.207 -0.377 41.5 9.113 11 56.8245511592743
"3066" "2002264NA28308-KYL" 2002264 "NA" "28308-KYL" 2002 9 26 12 75 -1.556 0.139 1.734 -0.73 -0.716 0.808 27.9 8.113 43 85.4714878906479
"3067" "2002264WP13114-mmm" 2002264 "WP" "13114-mmm" 2002 9 25 12 55 -4.959 0.613 -0.778 -0.191 0.39 0.084 18.4 19.287 9 63.1321313354734
"3068" "2002265NA10315-LIL" 2002265 "NA" "10315-LIL" 2002 10 3 0 125 -4.391 -1.688 0.721 1.012 -0.197 0.343 26.7 17.98 72 129.872316179487
"3069" "2002268EP15258-JUL" 2002268 "EP" "15258-JUL" 2002 9 25 18 40 -5.917 0.782 -0.298 -0.027 -0.106 -0.257 17 11.207 3 69.8191770150989
"3070" "2002268WP15163-mmm" 2002268 "WP" "15163-mmm" 2002 9 29 12 135 -7.546 2.105 0.343 1.62 -0.539 -0.131 20.9 21.113 23 114.995628826868
"3071" "2002281WP10163-mmm" 2002281 "WP" "10163-mmm" 2002 10 12 12 70 -1.948 5.983 -0.183 -0.206 -0.074 -0.257 26 21.787 19 65.2611266559964
"3074" "2002295EP11261-KEN" 2002295 "EP" "11261-KEN" 2002 10 25 0 145 -6.401 0.184 1.331 1.146 -0.479 0.476 18.3 16.78 23 105.123686329861
"3075" "2002296EP11230-LOW" 2002296 "EP" "11230-LOW" 2002 10 28 12 45 2.068 -1.731 -1.485 -1.083 -0.013 0.339 13.3 2.34 18 41.6831577320876
"3076" "2002297EP09206-HUK" 2002297 "EP" "09206-HUK" 2002 11 1 12 75 -7.187 -1.202 0.131 0.118 0.275 -0.075 14.1 0.573 53 103.300435528098
"3077" "2002298WP17169-mmm" 2002298 "WP" "17169-mmm" 2002 10 29 6 75 -4.96 1.078 1.621 -0.805 -0.583 -0.003 30.4 17.093 15 83.0539894356356
"3078" "2002307SI07070-mmm" 2002307 "SI" "07070-mmm" 2002 11 6 18 45 -4.271 -1.516 -0.417 0.073 -0.519 -0.589 -9.2 21.927 5 65.574520870438
"3079" "2002314IO12083-mmm" 2002314 "IO" "12083-mmm" 2002 11 12 6 55 -10.758 2.597 -0.52 -0.198 0.243 0.096 20.8 11.827 7 88.9454336498198
"3080" "2002319SI06078-mmm" 2002319 "SI" "06078-mmm" 2002 11 17 18 75 -10.382 0.865 0.546 -0.783 -0.278 -0.291 -13.1 22.547 19 95.7006823443826
"3081" "2002323WP09155-mmm" 2002323 "WP" "09155-mmm" 2002 11 23 18 95 -9.527 0.228 -0.213 0.266 0.73 0.389 21.1 3.093 21 91.8844322929081
"3082" "2002327IO10089-mmm" 2002327 "IO" "10089-mmm" 2002 11 23 18 45 1.284 2.912 0.21 0.6 0.505 0.184 12.3 23.913 3 46.3475315478336
"3084" "2002335WP05166-mmm" 2002335 "WP" "05166-mmm" 2002 12 8 6 130 -9.479 3.506 0.678 0.941 0.29 -0.016 13.5 15.673 43 120.473682142330
"3085" "2002355IO02079-mmm" 2002355 "IO" "02079-mmm" 2002 12 23 18 35 -4.029 1.55 -0.534 -0.701 0.274 -0.47 5.1 23.467 1 51.2222072685066
"3086" "2002356SI08069-mmm" 2002356 "SI" "08069-mmm" 2002 12 26 18 90 -4.371 -0.891 0.66 1.275 0.288 -0.154 -19.1 21.967 27 86.9924336040734
"3089" "2002365SI16043-mmm" 2002365 "SI" "16043-mmm" 2002 12 31 18 55 -3.887 -2.415 -0.439 0.027 -0.183 0.052 -16 20.693 9 65.4784018717966
"3090" "2003007SI10072-mmm" 2003007 "SI" "10072-mmm" 2003 1 10 0 65 -8.493 0.613 -0.208 -0.154 0.019 -0.103 -17.7 4.72 17 86.8581715787044
"3092" "2003011WP02180-mmm" 2003011 "WP" "02180-mmm" 2003 1 18 18 50 -4.83 -2.521 -0.86 1.087 0.499 -0.136 14.3 3.827 12 69.8819588571027
"3093" "2003021SI11081-mmm" 2003021 "SI" "11081-mmm" 2003 1 28 18 55 -7.141 -1.732 0.821 -0.051 0.511 0.404 -20 21.3 10 77.2302194119141
"3094" "2003025SP13162-mmm" 2003025 "SP" "13162-mmm" 2003 1 29 0 125 -6.693 -1.615 1.85 0.449 -0.14 0.197 -16.5 10.847 31 102.226889142054
"3095" "2003025SP16173-mmm" 2003025 "SP" "16173-mmm" 2003 1 27 6 35 -5.362 0.982 -2.424 0.621 -0.191 -0.3 -19 18.22 1 66.5449141851607
"3096" "2003034SI12115-mmm" 2003034 "SI" "12115-mmm" 2003 2 9 6 110 -4.941 -1.753 1.196 -0.032 -0.126 0.181 -16 12.593 31 85.7583340592024
"3097" "2003035SI10099-mmm" 2003035 "SI" "10099-mmm" 2003 2 13 0 45 -6.725 0.517 0.104 -0.323 0.111 0.019 -18.1 5.627 11 74.6616464501382
"3099" "2003039SI15056-mmm" 2003039 "SI" "15056-mmm" 2003 2 13 6 105 -8.303 1.973 1.448 0.363 -0.263 0.461 -19.4 9.9 35 115.482431133126
"3100" "2003040SI12066-mmm" 2003040 "SI" "12066-mmm" 2003 2 13 0 90 -4.984 -3.248 1.113 -0.691 -0.25 -0.225 -15.6 4.7 21 75.700771576279
"3101" "2003056SI21042-mmm" 2003056 "SI" "21042-mmm" 2003 3 1 0 115 -8.273 0.457 1.523 -0.677 -0.187 -0.202 -23.9 2.507 21 95.9158587340842
"3102" "2003056SI17119-mmm" 2003056 "SI" "17119-mmm" 2003 2 28 12 40 -8.17 1.229 -1.217 0.228 -0.187 -0.528 -19.1 20.047 2 79.0026819205245
"3103" "2003060SI13103-mmm" 2003060 "SI" "13103-mmm" 2003 3 4 12 35 0.511 -0.096 -1.898 -0.173 0.228 -0.069 -15 19.553 1 42.3875933744589
"3104" "2003063SI11078-mmm" 2003063 "SI" "11078-mmm" 2003 3 8 6 140 -8.62 2.87 0.532 0.01 0.688 -0.434 -14 10.693 24 86.7958474343401
"3105" "2003063SP20152-mmm" 2003063 "SP" "20152-mmm" 2003 3 13 0 130 -8.297 2.076 -0.519 0.986 -0.798 -0.219 -19.6 10.753 26 113.502269465910
"3106" "2003067SI12129-mmm" 2003067 "SI" "12129-mmm" 2003 3 10 0 35 -4.084 -0.746 -0.698 -0.021 -0.131 0.11 -10.9 8.72 1 59.3948749904071
"3107" "2003068SP14172-mmm" 2003068 "SP" "14172-mmm" 2003 3 13 12 110 -6.119 0.128 -1.272 0.004 -0.13 0.324 -22.9 0.5 25 82.3566715304897
"3108" "2003088SI07131-mmm" 2003088 "SI" "07131-mmm" 2003 4 4 0 140 -8.422 2.212 1.596 1.304 -0.835 0.722 -12.6 7.72 21 120.29246553469
"3109" "2003098WP03159-mmm" 2003098 "WP" "03159-mmm" 2003 4 16 0 135 -6.707 3.658 2.286 1.836 -0.701 0.283 13 9.133 55 149.317514749189
"3111" "2003108NA29294-ANA" 2003108 "NA" "29294-ANA" 2003 4 21 0 50 5.819 0.503 0.99 -0.131 -0.561 -0.031 31.4 19.573 15 48.3459147489652
"3112" "2003122SI11066-mmm" 2003122 "SI" "11066-mmm" 2003 5 8 12 75 -7.614 1.227 0.405 0.288 0.19 0.051 -19.2 15.293 41 103.979930681104
"3113" "2003129IO05091-mmm" 2003129 "IO" "05091-mmm" 2003 5 11 12 60 -5.861 4.255 -1.401 0.031 0.374 0.087 10.6 17.787 7 62.3729106797513
"3115" "2003138WP04148-mmm" 2003138 "WP" "04148-mmm" 2003 5 23 18 115 -6.994 0.25 -0.034 0.188 -0.693 0.004 17.3 4.1 37 104.968220279619
"3116" "2003140EP10258-AND" 2003140 "EP" "10258-AND" 2003 5 20 18 50 -1.234 0.601 0.489 -1.319 0.09 0.279 9.7 10.927 6 47.0498032605569
"3117" "2003144WP16119-mmm" 2003144 "WP" "16119-mmm" 2003 5 26 18 55 -8.018 1.079 -2.322 0.917 -0.26 -0.024 16.1 1.96 10 84.0855252136805
"3118" "2003151WP17117-mmm" 2003151 "WP" "17117-mmm" 2003 6 1 18 45 -5.192 -2.993 0.828 0.055 0.396 0.004 19.2 1.927 5 68.4732792161051
"3119" "2003155SP10172-mmm" 2003155 "SP" "10172-mmm" 2003 6 7 12 90 -2.378 -2.297 0.033 0.062 0.083 0.09 -16.8 22.807 20 64.8857358181405
"3120" "2003158WP08156-mmm" 2003158 "WP" "08156-mmm" 2003 6 18 6 115 -5.86 1.849 1.239 0.986 -0.918 0.328 26.2 14.3 43 127.473457596345
"3121" "2003168EP16257-BLA" 2003168 "EP" "16257-BLA" 2003 6 18 18 50 -0.776 -3.085 0.211 -0.448 -0.101 0.195 16.7 11.047 9 53.8864518952494
"3122" "2003177EP14263-CAR" 2003177 "EP" "14263-CAR" 2003 6 27 0 55 -4.312 2.167 -2.004 -0.029 -0.08 0.312 15.7 17.493 5 59.7031269855872
"3123" "2003179NA20271-BIL" 2003179 "NA" "20271-BIL" 2003 6 30 12 50 -3.31 -0.046 -0.654 -0.397 -0.307 0.059 28.2 5.9 9 65.6278472320886
"3124" "2003187EP14244-DOL" 2003187 "EP" "14244-DOL" 2003 7 6 12 35 -0.557 -1.237 -1.564 -1.099 -0.11 0.323 14.6 4.2 1 43.2316024372714
"3125" "2003188NA11307-CLA" 2003188 "NA" "11307-CLA" 2003 7 15 12 75 1.019 -2.078 0.123 0.075 -0.116 0.241 28.3 5.633 63 80.5605253810455
"3126" "2003192EP14254-ENR" 2003192 "EP" "14254-ENR" 2003 7 12 0 55 -3.982 -1.216 -1.388 0.692 -0.473 -0.264 15.3 16.527 6 68.3153786051925
"3127" "2003196WP11137-mmm" 2003196 "WP" "11137-mmm" 2003 7 20 6 65 -7.975 -0.163 -0.703 0.502 0.305 0.027 17 13.62 30 93.0308961262305
"3128" "2003196WP04150-mmm" 2003196 "WP" "04150-mmm" 2003 7 20 12 130 -11.473 2.979 -1.284 0.368 0.302 -0.221 12.6 20.7 26 102.654228760468
"3129" "2003198NA31306-DAN" 2003198 "NA" "31306-DAN" 2003 7 18 18 65 0.446 -4.85 1.697 0.342 0.941 0.328 39.2 14.44 15 60.5167225390826
"3130" "2003199EP14255-FEL" 2003199 "EP" "14255-FEL" 2003 7 18 12 45 -0.67 -4.377 0.037 0.514 -0.031 -0.085 14.9 4.66 3 55.0570968315748
"3131" "2003212WP12130-mmm" 2003212 "WP" "12130-mmm" 2003 8 3 6 65 -5.915 0.154 -0.542 0.45 0.223 0.188 21.4 14.093 13 76.5355828721668
"3132" "2003212WP09150-mmm" 2003212 "WP" "09150-mmm" 2003 8 7 0 110 -7.65 3.856 0.905 0.449 0.495 -0.055 26.5 8.547 31 101.087294834311
"3133" "2003219EP16244-GUI" 2003219 "EP" "16244-GUI" 2003 8 8 18 50 -0.804 -4.033 1.364 -0.641 -0.226 -0.392 16.1 10.053 8 55.8949033136096
"3134" "2003221EP14249-HIL" 2003221 "EP" "14249-HIL" 2003 8 10 0 35 -2.301 -0.507 -1.096 -0.588 0.207 -0.03 14.5 16.347 1 49.0004775930822
"3135" "2003226WP07155-mmm" 2003226 "WP" "07155-mmm" 2003 8 22 0 90 -10.142 2.05 -0.535 -0.083 0.158 -0.169 17.7 8.3 15 91.3964993589662
"3136" "2003227NA26277-ERI" 2003227 "NA" "26277-ERI" 2003 8 16 12 65 -7.859 -0.731 1.32 -1.668 -0.748 -0.455 25.2 5.493 15 87.2341439575307
"3137" "2003231WP19125-mmm" 2003231 "WP" "19125-mmm" 2003 8 19 18 35 -0.983 0.021 -1.801 1.302 0.105 -0.212 25.8 2.147 1 57.7825307768922
"3138" "2003235EP21253-IGN" 2003235 "EP" "21253-IGN" 2003 8 24 12 90 -2.514 -2.927 -0.233 0.636 -0.06 -0.068 23.1 4.74 13 68.7433830487034
"3139" "2003240WP20139-mmm" 2003240 "WP" "20139-mmm" 2003 9 1 12 125 -7.936 1.61 -1.084 0.056 0.115 0.055 21.2 20.12 33 93.6012509149704
"3140" "2003240NA15329-FAB" 2003240 "NA" "15329-FAB" 2003 9 1 18 125 -6.844 1.359 0.612 0.286 -0.72 -0.19 19 14.18 35 107.964085440577
"3141" "2003240EP14230-JIM" 2003240 "EP" "14230-JIM" 2003 8 30 18 90 2.856 -3.46 1.641 2.291 -0.468 0.372 17.3 8.473 19 69.7881004949967
"3142" "2003243NA24268-GRA" 2003243 "NA" "24268-GRA" 2003 8 30 18 35 -4.577 -0.28 -1.379 0.08 0.122 0.189 24.9 11.78 1 62.8055812313711
"3143" "2003247EP19249-KEV" 2003247 "EP" "19249-KEV" 2003 9 4 18 35 2.065 0.141 0.147 0.159 -0.065 -0.097 21.2 10.36 1 47.239893329764
"3144" "2003247NA27272-HEN" 2003247 "NA" "27272-HEN" 2003 9 5 18 50 -1.264 -1.219 -1.1 -0.71 0.207 0.037 28.3 12.387 5 50.9212475137836
"3145" "2003247WP10151-mmm" 2003247 "WP" "10151-mmm" 2003 9 10 0 150 -8.502 2.007 0.227 1.042 0.627 0.209 23.6 8.48 35 108.617594311140
"3146" "2003249NA14329-ISA" 2003249 "NA" "14329-ISA" 2003 9 11 18 145 -7.348 2.308 2.623 1.572 -0.385 1.033 21.5 14.347 45 143.545219820522
"3147" "2003257EP15252-LIN" 2003257 "EP" "15252-LIN" 2003 9 15 12 65 -2.529 -0.977 -0.53 -0.388 0.053 0.242 19 4.5 9 57.4032154953763
"3148" "2003260WP19130-mmm" 2003260 "WP" "19130-mmm" 2003 9 21 6 100 -8.004 4.34 1.225 1.419 0.205 -0.199 31.1 15.147 22 114.983904370665
"3149" "2003262EP17254-MAR" 2003262 "EP" "17254-MAR" 2003 9 22 6 85 -5.372 -1.319 0.037 -0.332 0.15 0.277 22 22.693 25 77.6668041180373
"3150" "2003267WP15140-mmm" 2003267 "WP" "15140-mmm" 2003 9 29 6 90 -6.909 2.674 0.983 0.147 -0.055 0.168 28.5 15.46 21 95.4461058693673
"3151" "2003268NA28298-JUA" 2003268 "NA" "28298-JUA" 2003 9 27 18 90 -0.224 -1.97 2.602 1.125 -0.337 0.474 35.5 13.787 23 85.8419905747523
"3152" "2003269NA12322-KAT" 2003269 "NA" "12322-KAT" 2003 10 4 18 110 -1.02 -1.544 2.276 0.913 -0.6 -0.169 30.2 14.4 57 110.436800073619
"3153" "2003271NA19275-LAR" 2003271 "NA" "19275-LAR" 2003 10 3 0 55 -2.628 1.617 -0.274 0.388 -0.378 0.082 20.5 17.733 19 72.07344340697
"3154" "2003272SI04063-mmm" 2003272 "SI" "04063-mmm" 2003 10 1 6 45 -3.636 1.061 -0.822 -0.247 0.085 0.103 -4.4 10.407 9 55.9519683796678
"3155" "2003275EP16252-NOR" 2003275 "EP" "16252-NOR" 2003 10 4 12 90 -5.851 -2.261 1.79 -0.729 -0.053 0.164 16.9 4.567 19 78.8347031480346
"3156" "2003276EP12262-OLA" 2003276 "EP" "12262-OLA" 2003 10 5 12 65 -8.627 0.684 -0.342 -0.098 0.084 -0.089 16.5 5.053 18 86.7911628250914
"3160" "2003286NA10323-NIC" 2003286 "NA" "10323-NIC" 2003 10 17 12 60 -3.734 -1.858 -0.351 0.29 0.243 0.064 15.5 8.8 23 69.8494086941751
"3161" "2003291WP17147-mmm" 2003291 "WP" "17147-mmm" 2003 10 24 12 130 -8.722 2.521 2.312 0.35 -0.581 -0.198 30.8 22.58 29 130.302896780440
"3162" "2003292WP15130-mmm" 2003292 "WP" "15130-mmm" 2003 10 21 12 125 -9.172 1.842 1.848 -0.035 -0.427 0.218 16.8 20.74 21 107.771671592438
"3163" "2003294EP10260-PAT" 2003294 "EP" "10260-PAT" 2003 10 22 0 70 -4.108 -2.478 -0.18 0.228 -0.302 0.077 11.7 17 11 68.6817776588924
"3165" "2003295WP09101-mmm" 2003295 "WP" "09101-mmm" 2003 10 27 0 35 1.591 0.221 -0.042 -0.32 -0.079 -0.008 14 6.013 1 44.0639652014711
"3166" "2003302WP11133-mmm" 2003302 "WP" "11133-mmm" 2003 11 1 0 75 -7.006 0.792 0.029 0.279 0.496 0.262 16.8 8.16 13 76.9849953183205
"3167" "2003313SI05079-mmm" 2003313 "SI" "05079-mmm" 2003 11 13 12 100 -4.91 -1.206 -0.899 0.284 -0.244 -0.422 -11.2 17.047 25 76.4795685919463
"3168" "2003315IO09067-mmm" 2003315 "IO" "09067-mmm" 2003 11 14 6 80 -4.054 -1.761 0.588 0.26 0.768 0.511 5.7 9.713 14 61.2547982439157
"3169" "2003316WP11141-mmm" 2003316 "WP" "11141-mmm" 2003 11 16 0 75 -10.873 1.138 -0.093 -0.37 -0.077 -0.073 14.3 7.593 29 105.045704921075
"3170" "2003319WP13172-mmm" 2003319 "WP" "13172-mmm" 2003 11 27 12 145 -8.099 2.124 1.677 0.443 -0.163 0.597 15 20.92 55 129.018531109442
"3171" "2003338SI09065-mmm" 2003338 "SI" "09065-mmm" 2003 12 16 6 65 -4.013 -0.82 -0.337 0.789 -0.193 -0.054 -20.7 8.773 68 111.666738438875
"3172" "2003339NA13284-ODE" 2003339 "NA" "13284-ODE" 2003 12 6 6 55 -4.001 -3.016 -0.007 0.566 0.624 -0.52 15.9 1.167 13 65.7986464173222
"3173" "2003341SI08094-mmm" 2003341 "SI" "08094-mmm" 2003 12 9 6 80 -7.474 -1.02 0.497 -0.702 -0.151 -0.147 -11.1 12.613 19 80.0104449644054
"3174" "2003342NA28326-PET" 2003342 "NA" "28326-PET" 2003 12 9 18 60 1.302 -2.45 0.844 -0.512 0.378 0.367 21 15.533 17 50.1893687787932
"3175" "2003345IO05092-mmm" 2003345 "IO" "05092-mmm" 2003 12 15 6 55 -7.505 1.029 -1.541 0.353 0.232 0.243 14.7 11.427 15 77.2074977038664
"3176" "2003351SI09137-mmm" 2003351 "SI" "09137-mmm" 2003 12 20 6 65 -8.537 -0.163 -0.255 -0.329 0.18 -0.139 -11.3 14.92 13 78.417057439522
"3177" "2003357WP11142-mmm" 2003357 "WP" "11142-mmm" 2003 12 25 12 35 -0.902 -1.028 -0.451 -0.106 0.106 0.097 13.8 20.667 1 49.4228666887666
"3178" "2003358SI07067-mmm" 2003358 "SI" "07067-mmm" 2003 12 31 0 55 -1.808 -0.079 -1.833 0.217 -0.285 -0.087 -14.7 3.98 11 57.2888276733928
"3180" "2004001SI16124-mmm" 2004001 "SI" "16124-mmm" 2004 1 2 6 35 -0.685 2.517 0.584 0.722 -0.132 -0.18 -16.5 14.013 1 58.0310410688042
"3181" "2004025SI17043-mmm" 2004025 "SI" "17043-mmm" 2004 2 2 18 65 -6.335 0.071 -2.631 1.369 -0.174 -0.422 -19.7 20.893 38 97.5968092497753
"3182" "2004026SI12063-mmm" 2004026 "SI" "12063-mmm" 2004 2 2 12 125 -5.393 -0.931 0.122 0.398 0.31 -0.177 -17.2 16.54 49 94.9077771381587
"3183" "2004028SI06090-mmm" 2004028 "SI" "06090-mmm" 2004 1 31 0 45 -10.024 2.039 -0.348 0.103 0.13 -0.002 -14.7 6.413 17 93.3155793739157
"3184" "2004042SP14146-mmm" 2004042 "SP" "14146-mmm" 2004 2 12 0 35 -5.277 -0.927 -1.247 0.867 0.445 -0.083 -16.7 9.333 1 65.040848696975
"3185" "2004042WP08148-mmm" 2004042 "WP" "08148-mmm" 2004 2 13 18 40 -7.457 -0.92 -0.367 0.292 0.227 0.034 14.1 3.027 3 73.6998016625615
"3186" "2004052SP15172-mmm" 2004052 "SP" "15172-mmm" 2004 2 25 18 105 -9.623 0.06 0.783 -1.003 -0.243 -0.134 -16.4 5.187 25 96.0738523822126
"3187" "2004058SI20121-mmm" 2004058 "SI" "20121-mmm" 2004 2 29 12 110 -6.788 0.19 -0.939 0.338 0.375 -0.108 -19.8 19.693 19 79.143299440035
"3189" "2004061SI12072-mmm" 2004061 "SI" "12072-mmm" 2004 3 6 6 140 -10.12 3.173 0.114 0.147 0.379 -0.105 -14.7 9.567 27 99.972702475718
"3190" "2004068SI13089-mmm" 2004068 "SI" "13089-mmm" 2004 3 10 18 65 -7.556 -0.595 0.288 -0.537 0.312 0.367 -16.5 23.987 13 75.5089492186046
"3191" "2004074WP03143-mmm" 2004074 "WP" "03143-mmm" 2004 3 18 18 35 -4.232 1.517 0.787 -0.151 0.724 -0.138 10.4 2.573 1 56.3863797173666
"3192" "2004075SI11134-mmm" 2004075 "SI" "11134-mmm" 2004 3 21 12 120 -10.052 2.239 -0.37 1.069 -0.172 0.506 -13.9 20.14 39 124.289862756336
"3193" "2004080SA27311-mmm" 2004080 "SA" "27311-mmm" 2004 3 28 6 85 -0.075 -1.45 1.269 -0.911 0.263 -0.005 -29 2.687 37 64.7520862657909
"3194" "2004081SP15148-mmm" 2004081 "SP" "15148-mmm" 2004 3 21 18 35 -8.101 1.027 -0.79 0.1 0.386 0.009 -19.7 4.327 1 73.364369494019
"3195" "2004081SI13103-mmm" 2004081 "SI" "13103-mmm" 2004 3 26 0 115 -2.441 -1.473 1.247 0.386 0.32 -0.108 -16.8 6.16 19 68.263091706502
"3197" "2004093WP07154-mmm" 2004093 "WP" "07154-mmm" 2004 4 10 0 130 -8.717 1.723 -0.085 0.561 0.198 0.043 10.9 9.007 45 108.901795485778
"3198" "2004098SP15173-mmm" 2004098 "SP" "15173-mmm" 2004 4 8 0 35 -9.973 -0.229 0.626 -0.324 0.385 0.16 -17 11.82 1 81.4234407497988
"3199" "2004125IO11074-mmm" 2004125 "IO" "11074-mmm" 2004 5 7 0 45 -1.477 -0.129 -1.915 -0.084 0.358 0.15 12.2 4.853 15 50.8965003994937
"3200" "2004125SI08084-mmm" 2004125 "SI" "08084-mmm" 2004 5 13 6 65 -6.092 -0.598 0.517 -0.474 -0.122 -0.305 -12.8 10.507 13 73.2873770125436
"3201" "2004134WP07132-mmm" 2004134 "WP" "07132-mmm" 2004 5 16 12 140 -7.505 1.806 1.647 1.304 0.092 0.764 12.6 20.38 22 102.813156568967
"3202" "2004135WP09114-mmm" 2004135 "WP" "09114-mmm" 2004 5 16 6 35 -2.327 1.855 -0.183 -0.085 0.513 0.298 9.7 13.26 1 50.2331222964405
"3203" "2004136IO15090-mmm" 2004136 "IO" "15090-mmm" 2004 5 19 0 65 -11.22 2.428 -0.379 -0.512 0.107 -0.014 19.8 6.133 17 96.5405883410192
"3204" "2004136WP05148-mmm" 2004136 "WP" "05148-mmm" 2004 5 19 0 60 -4.73 -1.075 0.073 -0.91 0.181 0.326 10.4 8.98 21 64.256708965721
"3205" "2004143EP15252-AGA" 2004143 "EP" "15252-AGA" 2004 5 23 0 50 -1.31 -3.269 0.802 -0.412 0.002 -0.114 17.1 16.673 5 54.9062058289405
"3206" "2004156WP16117-mmm" 2004156 "WP" "16117-mmm" 2004 6 9 12 100 -5.543 -0.065 0.203 0.557 -0.304 0.29 23.5 20.247 33 97.5240453450646
"3207" "2004158WP07142-mmm" 2004158 "WP" "07142-mmm" 2004 6 12 6 75 -11.093 2.045 -0.909 0.272 0.63 0.308 14 13.347 27 98.591528650641
"3208" "2004164WP06140-mmm" 2004164 "WP" "06140-mmm" 2004 6 16 6 155 -9.085 0.969 0.206 0.668 0.57 0.436 15.2 15.067 21 93.7965344847522
"3209" "2004174WP13147-mmm" 2004174 "WP" "13147-mmm" 2004 6 29 0 125 -9.933 4.713 0.978 0.907 -0.133 0.112 18.7 8.267 45 137.341169437814
"3210" "2004177WP12154-mmm" 2004177 "WP" "12154-mmm" 2004 6 28 12 80 -10.624 3.759 0.475 -0.294 0.458 -0.348 17.6 21.66 19 94.9536895177492
"3211" "2004194WP20133-mmm" 2004194 "WP" "20133-mmm" 2004 7 14 18 45 -3.747 -1.367 0.01 -0.92 -0.321 -0.033 20.1 2 5 61.0009701557849
"3212" "2004195EP15255-BLA" 2004195 "EP" "15255-BLA" 2004 7 13 12 55 -3.772 0.446 -0.991 -0.602 -0.006 0.162 18.4 4.613 7 58.3376031537026
"3213" "2004201EP14247-CEL" 2004201 "EP" "14247-CEL" 2004 7 22 6 75 -2.922 -4.245 1.385 0.124 0.831 0.032 16.3 21.9 23 66.0482533457162
"3214" "2004206WP20151-mmm" 2004206 "WP" "20151-mmm" 2004 7 26 18 115 -6.013 0.973 0.292 0.544 -1.257 0.226 26.9 3.773 11 98.6242615502075
"3215" "2004209EP12247-DAR" 2004209 "EP" "12247-DAR" 2004 7 29 6 105 -1.848 -2.637 -0.12 0.867 -0.538 0.112 16.8 21.587 19 72.886254913579
"3216" "2004214NA30282-ALE" 2004214 "NA" "30282-ALE" 2004 8 5 0 105 -0.801 -1.663 2.562 1.826 -0.363 0.827 38.5 19.6 27 99.5821768936156
"3217" "2004215WP22148-mmm" 2004215 "WP" "22148-mmm" 2004 8 4 0 35 1.465 -3.794 0.879 -0.144 0.322 -0.355 30.1 9.193 1 48.9495559634938
"3218" "2004216WP16166-mmm" 2004216 "WP" "16166-mmm" 2004 8 5 18 90 -3.065 -0.741 -0.85 0.211 -0.678 -0.189 27.9 5.167 15 74.4901150714535
"3219" "2004217NA13306-BON" 2004217 "NA" "13306-BON" 2004 8 11 18 55 -1.121 -2.015 0.206 -0.342 -0.522 -0.018 26.4 12.027 19 66.3627841341117
"3220" "2004220WP15130-mmm" 2004220 "WP" "15130-mmm" 2004 8 11 12 90 -5.281 1.022 -2.072 0.248 -0.111 0.108 24.5 20.333 29 80.7209835216968
"3221" "2004223NA11301-CHA" 2004223 "NA" "11301-CHA" 2004 8 13 18 125 -2.422 -3.576 1.005 -0.245 0.106 -0.006 26.1 12.507 29 73.678904808414
"3222" "2004223WP24154-mmm" 2004223 "WP" "24154-mmm" 2004 8 11 0 35 -3.628 -0.221 -0.996 0.063 -0.474 -0.258 26.8 10.54 1 65.9556523137546
"3223" "2004227NA12338-DAN" 2004227 "NA" "12338-DAN" 2004 8 16 18 95 -3.937 -1.577 0.395 -0.704 -0.217 -0.139 19 15.453 23 71.3430067714048
"3224" "2004227NA09314-EAR" 2004227 "NA" "09314-EAR" 2004 8 15 6 45 -3.524 -3.246 1.645 -1.016 0.101 0.013 11.5 2.113 5 57.7907915064897
"3225" "2004227WP15144-mmm" 2004227 "WP" "15144-mmm" 2004 8 18 0 65 -5.617 0.043 0.022 -0.001 0.977 -0.111 28.7 8.333 15 70.9192364131259
"3226" "2004230WP09172-mmm" 2004230 "WP" "09172-mmm" 2004 8 23 0 155 -9.107 2.219 0.995 0.204 0.315 0.216 15.2 9.58 32 103.502183029185
"3227" "2004231WP09147-mmm" 2004231 "WP" "09147-mmm" 2004 8 24 18 90 -5.905 2.223 0.653 0.399 -0.063 0.413 25.6 2.147 39 102.241036093015
"3228" "2004232EP12228-EST" 2004232 "EP" "12228-EST" 2004 8 21 12 60 -4.135 -2.087 -0.597 0.438 0.355 0.301 15 2.613 11 64.7410586829553
"3229" "2004236EP17250-FRA" 2004236 "EP" "17250-FRA" 2004 8 24 6 75 -2.728 -3.279 0.511 -0.058 0.189 0.139 19.5 22.42 8 61.3740940183372
"3230" "2004238NA11325-FRA" 2004238 "NA" "11325-FRA" 2004 8 31 18 125 -6.755 2.194 1.277 0.89 -0.703 -0.07 20.3 13.667 49 130.362258348395
"3232" "2004239WP11171-mmm" 2004239 "WP" "11171-mmm" 2004 8 31 12 125 -7.822 2.781 0.185 1.439 -0.293 0.626 17.4 21.847 31 114.529961034706
"3233" "2004240EP15254-GEO" 2004240 "EP" "15254-GEO" 2004 8 27 12 55 -5.145 -0.31 -1.541 0.007 -0.164 0.064 17.9 4.58 7 66.3671677462716
"3234" "2004241NA32282-GAS" 2004241 "NA" "32282-GAS" 2004 8 29 12 65 -2.115 -1.138 0.094 -0.76 -0.015 0.213 32.8 6.7 11 61.465706435298
"3235" "2004241NA29295-HER" 2004241 "NA" "29295-HER" 2004 8 30 6 50 5.487 -4.492 -1.566 0.579 -0.385 0.162 33.8 1.233 7 44.400236300124
"3236" "2004244EP12257-HOW" 2004244 "EP" "12257-HOW" 2004 9 2 12 120 -7.139 0.454 0.467 -0.061 -0.727 -0.381 17.8 4.447 21 94.7902188998796
"3237" "2004244SI04088-mmm" 2004244 "SI" "04088-mmm" 2004 9 2 18 55 -3.364 0.603 -1.058 -0.503 0.129 0.128 -9.2 0.153 9 54.3748656774789
"3238" "2004247NA10332-IVA" 2004247 "NA" "10332-IVA" 2004 9 11 18 145 -9.151 2.808 0.307 0.446 -0.367 -0.004 18 12.733 69 148.544073802207
"3239" "2004248WP15154-mmm" 2004248 "WP" "15154-mmm" 2004 9 5 18 60 -0.908 -3.737 -0.92 1.545 0.187 -0.52 19 3.613 9 61.6912933979373
"3240" "2004252EP15250-ISI" 2004252 "EP" "15250-ISI" 2004 9 15 12 65 -2.715 -1.898 1.078 0.151 0.288 0.456 17.8 3.213 42 79.8615040744102
"3241" "2004255EP11267-JAV" 2004255 "EP" "11267-JAV" 2004 9 14 0 130 -5.804 -1.162 0.372 0.338 0.357 -0.169 15.9 16.88 21 78.8872115455605
"3242" "2004255WP23120-mmm" 2004255 "WP" "23120-mmm" 2004 9 11 18 35 -2.217 -2.059 -1.359 0.71 0.039 0.005 24.2 2.147 1 59.2872875242489
"3243" "2004258NA16300-JEA" 2004258 "NA" "16300-JEA" 2004 9 25 18 105 -7.934 2.741 0.472 -0.19 0.128 -0.292 26.9 12.787 90 150.759676323857
"3244" "2004260NA11331-KAR" 2004260 "NA" "11331-KAR" 2004 9 21 6 125 -5.72 -0.148 -0.812 0.77 0.792 0.079 19.6 2.847 37 84.4395263578983
"3245" "2004263WP13153-mmm" 2004263 "WP" "13153-mmm" 2004 9 24 6 125 -3.751 -2.039 0.617 0.851 -0.572 0.029 20.1 14.887 31 92.7694648250588
"3246" "2004264NA13328-LIS" 2004264 "NA" "13328-LIS" 2004 10 2 6 65 2.033 -1.633 -0.757 -0.267 -0.051 0.046 40.3 3.227 87 89.3604085503204
"3247" "2004274IO16069-mmm" 2004274 "IO" "16069-mmm" 2004 10 1 18 35 2.401 -3.159 -0.319 -0.334 0.595 -0.167 20.5 22.44 1 39.6793770287912
"3248" "2004275WP14139-mmm" 2004275 "WP" "14139-mmm" 2004 10 8 0 140 -5.477 -0.846 3.772 -0.052 -0.476 0.402 23.8 8.76 31 107.445318885568
"3249" "2004279EP14249-KAY" 2004279 "EP" "14249-KAY" 2004 10 5 12 40 -0.715 -3.484 -1.146 0.63 -0.277 -0.012 14.4 4.327 3 54.5998067067807
"3250" "2004283NA24265-MAT" 2004283 "NA" "24265-MAT" 2004 10 9 0 40 1.475 2.438 -0.117 -0.089 -0.262 -0.122 24.6 17.753 3 49.8738108504904
"3251" "2004284NA30295-NIC" 2004284 "NA" "30295-NIC" 2004 10 11 12 45 2.54 -1.996 -1.365 -0.618 -0.437 0.27 36 7.88 13 49.5747881096388
"3252" "2004284WP07157-mmm" 2004284 "WP" "07157-mmm" 2004 10 17 0 125 -7.769 1.354 -0.196 0.216 -0.018 0.19 19.4 8.787 35 99.9343743860673
"3253" "2004286EP14263-LES" 2004286 "EP" "14263-LES" 2004 10 13 0 45 -4.816 0.718 -2.414 -0.122 -0.282 0.387 16.4 17.36 3 60.6506492921661
"3254" "2004288WP09164-mmm" 2004288 "WP" "09164-mmm" 2004 10 23 0 110 -4.933 1.921 2.758 1.356 -1.28 0.415 17.4 8.82 55 145.453547421633
"3255" "2004299SI09063-mmm" 2004299 "SI" "09063-mmm" 2004 10 27 0 35 -2.175 -3.09 1.477 -0.1 0.286 -0.059 -9.1 3.48 1 54.7545917231523
"3256" "2004307IO09068-mmm" 2004307 "IO" "09068-mmm" 2004 11 5 6 40 9.693 -0.699 0.118 -0.025 -0.199 -0.029 13.9 10.32 9 31.6212016918114
"3257" "2004312SI07083-mmm" 2004312 "SI" "07083-mmm" 2004 11 9 0 65 7.247 1.351 -0.901 0.059 0.053 -0.012 -10.9 5.147 7 32.7350147792350
"3258" "2004319WP11134-mmm" 2004319 "WP" "11134-mmm" 2004 11 18 6 115 -5.213 0.793 1.496 0.662 -0.832 -0.267 15.9 14.26 31 103.205577743190
"3259" "2004325SI07078-mmm" 2004325 "SI" "07078-mmm" 2004 11 23 18 140 11.392 0.292 -0.09 0.005 -0.112 -0.078 -8.5 22.98 21 29.9387739438361
"3260" "2004331NA28320-OTT" 2004331 "NA" "28320-OTT" 2004 11 29 18 45 4.511 -0.463 -1.464 -0.243 0.271 -0.099 30.2 14.747 29 45.6605594042673
"3261" "2004332IO02072-mmm" 2004332 "IO" "02072-mmm" 2004 11 29 6 65 8.32 1.327 0.385 -0.4 0.138 -0.044 2.7 10.333 11 30.2677423935611
"3262" "2004333WP05153-mmm" 2004333 "WP" "05153-mmm" 2004 12 1 18 130 -13.074 3.259 -0.974 0.18 0.245 0.145 13.7 2.447 23 110.473448352349
"3263" "2004338SI09113-mmm" 2004338 "SI" "09113-mmm" 2004 12 4 6 35 -2.205 -1.472 -1.489 1.388 0.282 -0.178 -11.3 13.3 1 56.8217405817136
"3264" "2004344WP06177-mmm" 2004344 "WP" "06177-mmm" 2004 12 12 0 50 1.656 1.572 -0.966 0.235 -0.25 -0.246 10 10.353 13 48.521221875399
"3265" "2004352WP10154-mmm" 2004352 "WP" "10154-mmm" 2004 12 20 0 55 -6.042 3.381 -0.729 0.635 0.115 -0.26 17.6 9.76 15 78.3560553966927
"3266" "2004357SI06095-mmm" 2004357 "SI" "06095-mmm" 2004 12 27 0 105 -3.98 -0.005 0.37 0.394 -0.026 0.064 -17.4 5.26 27 79.3495841245643
"3267" "2004365SI14121-mmm" 2004365 "SI" "14121-mmm" 2005 1 2 6 50 -6.008 -0.482 0.434 -0.432 0.252 0.212 -14.4 14.247 13 70.2879285793464
"3268" "2005004SP10175-mmm" 2005004 "SP" "10175-mmm" 2005 1 9 12 90 -4.547 -1.245 0.577 -0.058 -0.157 -0.458 -18.1 22.613 35 85.2332662227166
"3269" "2005007SI10099-mmm" 2005007 "SI" "10099-mmm" 2005 1 9 0 45 -4.288 -3.615 1.793 -1.449 -0.24 -0.065 -14.6 6.62 7 62.5507828089942
"3271" "2005012IO04090-mmm" 2005012 "IO" "04090-mmm" 2005 1 14 12 35 -3.476 0.707 -0.593 0.593 0.388 0.218 5.1 17.827 1 55.6357176969811
"3272" "2005013WP05153-mmm" 2005013 "WP" "05153-mmm" 2005 1 17 18 65 -5.685 -2.084 0.317 -0.168 -0.491 -0.355 16.3 4.047 25 85.2712716515666
"3273" "2005013SI14124-mmm" 2005013 "SI" "14124-mmm" 2005 1 15 12 35 -5.268 -1.281 -0.517 0.054 0.294 0.012 -14.6 19.813 1 62.2598693232966
"3274" "2005015SI06089-mmm" 2005015 "SI" "06089-mmm" 2005 1 18 18 45 -0.66 -1.131 0.044 -0.714 0.021 -0.017 -12.4 23.353 7 49.0481029571257
"3275" "2005017SI09061-mmm" 2005017 "SI" "09061-mmm" 2005 1 22 6 100 -3.357 -2.133 -0.458 0.457 -0.247 -0.406 -20.6 8.8 25 76.9315561822069
"3276" "2005023SI13112-mmm" 2005023 "SI" "13112-mmm" 2005 1 23 18 35 -1.424 -2.686 -0.23 -0.224 -0.14 -0.178 -15.7 1.3 1 52.8843306911759
"3277" "2005033SI19064-mmm" 2005033 "SI" "19064-mmm" 2005 2 4 6 60 -3.129 -1.733 0.354 -0.1 -0.144 -0.254 -24.8 9.833 7 66.2105945782863
"3279" "2005035SI15118-mmm" 2005035 "SI" "15118-mmm" 2005 2 7 0 35 5.233 1.297 -0.084 0.386 -0.243 0.103 -16.4 7.747 1 40.0966239571984
"3284" "2005063SP11141-mmm" 2005063 "SP" "11141-mmm" 2005 3 12 6 135 -7.35 -0.475 -0.357 0.835 0.288 -0.052 -11.5 14.987 50 105.602509315552
"3286" "2005068SI14120-mmm" 2005068 "SI" "14120-mmm" 2005 3 11 12 90 -7.606 1.233 -1.102 0.281 0.14 -0.164 -17.3 19.473 15 80.6317366514411
"3287" "2005071WP06153-mmm" 2005071 "WP" "06153-mmm" 2005 3 16 0 80 -1.589 -3.537 1.08 -0.53 0.629 0.104 11.9 8.74 15 53.6895082626333
"3288" "2005080SI12064-mmm" 2005080 "SI" "12064-mmm" 2005 3 24 6 65 -8.445 1.509 -2.001 0.562 -0.132 -0.135 -20.4 9.92 15 87.9740375325422
"3289" "2005089SI10085-mmm" 2005089 "SI" "10085-mmm" 2005 4 6 6 55 -5.694 -0.028 0.541 -0.012 0.349 0.067 -24.5 10.44 21 80.1816684873258
"3290" "2005092SI11102-mmm" 2005092 "SI" "11102-mmm" 2005 4 9 6 125 -7.822 0.811 0.753 -0.489 0.798 -0.254 -17.2 10.673 38 88.5397208309313
"3291" "2005107WP07151-mmm" 2005107 "WP" "07151-mmm" 2005 4 24 12 115 -6.756 0.921 0.333 1.192 -0.438 0.287 14.6 20.72 15 94.9588683991395
"3292" "2005138EP10265-ADR" 2005138 "EP" "10265-ADR" 2005 5 19 18 70 -4.504 -1.327 -0.989 0.949 -0.077 -0.43 12.5 11.96 15 73.202865382969
"3293" "2005148WP06156-mmm" 2005148 "WP" "06156-mmm" 2005 6 3 18 125 -6.34 -1.824 1.274 -0.268 0.046 -0.259 14.1 2.8 33 89.0175682563152
"3294" "2005160NA17276-ARL" 2005160 "NA" "17276-ARL" 2005 6 11 0 60 1.637 0.041 -0.547 -0.382 0.297 -0.14 26.5 18.293 15 48.3603385350388
"3295" "2005173EP14258-BEA" 2005173 "EP" "14258-BEA" 2005 6 23 0 45 -6.2 -0.435 -1.107 0.068 -0.411 0.225 15.7 16.86 5 72.3389710884104
"3296" "2005177EP13263-CAL" 2005177 "EP" "13263-CAL" 2005 6 27 12 45 -6.399 -0.369 -0.953 0.56 0.365 -0.317 14.7 5.373 7 70.7302862013804
"3297" "2005180NA20265-BRE" 2005180 "NA" "20265-BRE" 2005 6 29 0 35 -0.428 -1.733 -0.803 -1 -0.363 0.236 20 17.613 1 47.6820078630934
"3298" "2005185NA18273-CIN" 2005185 "NA" "18273-CIN" 2005 7 6 0 65 -0.588 -1.532 -2.299 0.587 -0.321 -0.09 28.5 17.98 7 57.6255493645826
"3299" "2005185EP15261-DOR" 2005185 "EP" "15261-DOR" 2005 7 4 12 40 -5.435 -0.392 0.33 -0.105 0.436 -0.046 16.1 5.353 3 64.4233957783281
"3300" "2005186NA12299-DEN" 2005186 "NA" "12299-DEN" 2005 7 8 12 130 -4.778 -0.736 0.035 0.401 -0.419 0.506 20.9 6.7 25 86.3789255977016
"3301" "2005192WP22155-mmm" 2005192 "WP" "22155-mmm" 2005 7 16 12 140 -8.488 3.753 2.635 1.615 -0.618 0.663 20.7 20.513 39 150.728925529432
"3302" "2005192NA11318-EMI" 2005192 "NA" "11318-EMI" 2005 7 17 0 140 -5.537 0.87 0.328 1.112 -1.128 -0.025 17.1 18.7 41 117.267436929582
"3303" "2005199WP21168-mmm" 2005199 "WP" "21168-mmm" 2005 7 21 6 55 0.799 1.886 -1.254 0.216 -0.135 0.475 27.8 16.687 11 53.9026009270637
"3304" "2005199EP15256-EUG" 2005199 "EP" "15256-EUG" 2005 7 19 18 60 -5.436 0.599 -0.619 -0.224 -0.027 -0.3 19.5 10.753 11 69.9275641153268
"3305" "2005203WP15137-mmm" 2005203 "WP" "15137-mmm" 2005 7 24 6 60 -3.603 0.379 -0.653 0.18 0.353 0.066 23.5 15.147 19 67.9509866999018
"3306" "2005203NA25285-FRA" 2005203 "NA" "25285-FRA" 2005 7 23 12 60 -2.274 -3.987 1.118 -0.953 -0.516 0.213 29.2 6.973 14 67.7073964921143
"3307" "2005205NA19267-GER" 2005205 "NA" "19267-GER" 2005 7 25 0 40 -5.306 -0.452 -0.34 -0.432 -0.265 -0.427 21.8 17.493 7 69.8380049148823
"3308" "2005210WP18113-mmm" 2005210 "WP" "18113-mmm" 2005 7 30 0 45 -5.399 -1.345 0.081 0.158 0.439 -0.055 18.8 7.347 9 69.1848788676524
"3309" "2005211WP09141-mmm" 2005211 "WP" "09141-mmm" 2005 8 4 12 90 -5.891 3.106 -0.58 0.376 0.078 0.159 24.5 20.28 35 91.7725840315868
"3310" "2005215NA28291-HAR" 2005215 "NA" "28291-HAR" 2005 8 4 18 55 1.232 -0.035 0.43 -0.562 0.155 0.047 32 13.86 14 52.7963688023605
"3311" "2005217NA13327-IRE" 2005217 "NA" "13327-IRE" 2005 8 16 18 90 -1.941 -1.855 1.013 0.419 -0.052 0.453 36.5 13.867 54 99.1709543089644
"3312" "2005222EP14246-FER" 2005222 "EP" "14246-FER" 2005 8 12 6 75 -3.214 -1.98 0.002 0.24 -0.268 -0.158 17.9 21.827 19 72.0795478085479
"3313" "2005222WP13131-mmm" 2005222 "WP" "13131-mmm" 2005 8 13 0 65 -7.494 1.621 -0.691 0.109 0.059 0.074 23.1 7.813 19 86.1217956262435
"3314" "2005223EP13251-GRE" 2005223 "EP" "13251-GRE" 2005 8 12 0 45 -5.624 1.363 -1.585 -0.419 0.513 0.322 13.6 16.567 5 57.5613978065851
"3315" "2005229WP22156-mmm" 2005229 "WP" "22156-mmm" 2005 8 23 12 65 -1.837 -2.588 1.875 -0.204 0.495 -0.354 33.5 21.873 25 71.8188982823276
"3316" "2005230WP20144-mmm" 2005230 "WP" "20144-mmm" 2005 8 21 18 125 -4.766 -0.407 0.931 0.087 -0.483 0.212 23.1 3.313 21 86.2394970861479
"3317" "2005232EP13263-HIL" 2005232 "EP" "13263-HIL" 2005 8 22 0 90 -7.827 0.617 -0.906 0.564 0.424 0.106 17.2 16.767 16 82.2178884047558
"3318" "2005235NA19266-JOS" 2005235 "NA" "19266-JOS" 2005 8 23 0 45 -1.975 -0.603 -0.691 -1.291 -0.278 0.464 19.7 17.62 3 50.6982498139202
"3319" "2005236NA23285-KAT" 2005236 "NA" "23285-KAT" 2005 8 28 18 150 -8.607 5.195 1.879 1.607 -0.412 0.273 26.3 12.093 35 143.533460135859
"3320" "2005237WP14148-mmm" 2005237 "WP" "14148-mmm" 2005 8 30 6 130 -9.303 2.829 0.281 0.294 0.1 0.066 21.8 14.553 29 106.930145168543
"3321" "2005238EP17255-IRW" 2005238 "EP" "17255-IRW" 2005 8 26 12 45 -1.92 -0.59 -2.261 0.385 0.274 0.161 17.7 4.753 5 52.3015628884706
"3322" "2005241NA14315-LEE" 2005241 "NA" "14315-LEE" 2005 8 31 12 35 -3.2 -0.514 -0.673 -0.416 0.069 -0.368 29 8.64 1 58.9031872937658
"3323" "2005241WP15155-mmm" 2005241 "WP" "15155-mmm" 2005 9 1 18 140 -7.509 5.469 3.408 0.954 0.14 -0.674 18.8 3.233 25 112.598084006152
"3324" "2005245NA19315-MAR" 2005245 "NA" "19315-MAR" 2005 9 6 0 100 -3.686 0.255 1.395 0.563 -1.456 0.299 32.6 20.227 29 109.861082735261
"3325" "2005248WP08141-mmm" 2005248 "WP" "08141-mmm" 2005 9 10 18 115 -6.477 -0.083 0.446 -0.077 0.113 0.069 26.1 2.233 41 99.1658597811869
"3326" "2005249NA28293-NAT" 2005249 "NA" "28293-NAT" 2005 9 9 0 80 -4.812 -2.183 1.176 -0.754 0.04 0.106 32.6 19.927 25 81.6714160270903
"3327" "2005249NA26281-OPH" 2005249 "NA" "26281-OPH" 2005 9 11 6 75 -0.841 1.348 -0.002 -0.341 0.014 0.07 31.7 0.94 33 68.9427016217117
"3328" "2005255EP15246-JOV" 2005255 "EP" "15246-JOV" 2005 9 20 0 110 -4.07 -0.174 1.891 0.535 -0.504 0.486 16 14.447 41 100.39436857573
"3329" "2005257WP15120-mmm" 2005257 "WP" "15120-mmm" 2005 9 18 0 50 -11.31 2.055 -1.776 0.677 -0.156 -0.585 17 7.207 12 101.076885806230
"3330" "2005258EP12242-KEN" 2005258 "EP" "12242-KEN" 2005 9 18 12 115 -1.721 -2.613 1.299 1.546 -0.428 0.44 14.2 3.387 28 85.2546540362437
"3331" "2005261NA13306-PHI" 2005261 "NA" "13306-PHI" 2005 9 20 0 70 -6.783 -0.878 -0.09 0.392 0.221 -0.215 17.7 20.227 19 83.095801631599
"3332" "2005261EP13245-LID" 2005261 "EP" "13245-LID" 2005 9 17 18 35 -4.906 -0.673 -0.978 -0.283 -0.511 -0.013 12.4 10.32 1 63.2411299209163
"3333" "2005261EP14252-MAX" 2005261 "EP" "14252-MAX" 2005 9 20 12 70 -3.733 1.572 2.808 0.393 -0.057 0.141 19.3 4.08 15 80.9658547104152
"3334" "2005261NA21290-RIT" 2005261 "NA" "21290-RIT" 2005 9 22 6 155 -9.298 2.474 0.605 -0.47 -0.241 -0.31 24.8 0.16 29 106.618215595987
"3335" "2005262WP20156-mmm" 2005262 "WP" "20156-mmm" 2005 9 23 12 100 -6.72 0.425 0.706 -0.195 0.274 -0.174 28.4 21.24 21 86.5166685971766
"3336" "2005263WP15125-mmm" 2005263 "WP" "15125-mmm" 2005 9 25 6 90 -5.596 3.349 0.672 1.763 -0.181 0.023 19 13.487 37 111.151610204595
"3337" "2005266EP15252-NOR" 2005266 "EP" "15252-NOR" 2005 9 24 18 50 -4.032 -1.729 0.287 0.222 0.057 -0.123 16.3 10.613 11 68.4282151105405
"3338" "2005268WP19146-mmm" 2005268 "WP" "19146-mmm" 2005 9 28 12 125 -2.055 -2.86 1.641 0.526 -0.344 0.094 22.5 21.073 19 77.4199561738817
"3339" "2005271EP17255-OTI" 2005271 "EP" "17255-OTI" 2005 10 1 6 90 0.567 -1.052 2.843 1.566 -0.755 0.458 21.6 22.567 17 81.0248613719863
"3340" "2005274IO17086-mmm" 2005274 "IO" "17086-mmm" 2005 10 2 12 40 0.116 1.362 0.902 0.056 0.422 -0.013 20.2 17.807 3 50.9114119912324
"3341" "2005275NA19274-STA" 2005275 "NA" "19274-STA" 2005 10 4 12 70 -11.542 2.696 -0.831 -0.243 0.188 0.061 18.6 5.673 17 97.3230534460024
"3342" "2005277NA34328-SUB" 2005277 "NA" "34328-SUB" 2005 10 4 18 45 1.487 4.043 0.664 0.169 0.51 -0.166 37.1 16.22 3 51.5327055148558
"3343" "2005278NA27280-TAM" 2005278 "NA" "27280-TAM" 2005 10 5 18 45 -0.004 1.699 -0.085 0.581 0.001 -0.114 29.5 12.607 5 58.392147602171
"3345" "2005281NA33339-VIN" 2005281 "NA" "33339-VIN" 2005 10 9 18 65 5.733 -3.832 -1.026 0.942 -0.601 -0.116 34.1 16.74 13 49.9324598861197
"3346" "2005283WP23134-mmm" 2005283 "WP" "23134-mmm" 2005 10 16 6 115 -5.968 3.22 3.053 0.805 -0.155 0.283 24.7 14.9 45 124.304249409205
"3347" "2005287SI09084-mmm" 2005287 "SI" "09084-mmm" 2005 10 14 18 40 -4.637 1.233 -0.764 0.196 0.37 -0.066 -12 23.427 3 59.7736211486474
"3348" "2005289NA18282-WIL" 2005289 "NA" "18282-WIL" 2005 10 19 12 160 -11.712 2.701 -0.475 0.094 0.151 -0.095 17.3 6.48 19 104.332482492530
"3349" "2005296NA16293-ALP" 2005296 "NA" "16293-ALP" 2005 10 23 0 45 -2.049 -1.878 -1.011 0.078 -0.29 0.313 17.3 19.36 3 56.887270009231
"3350" "2005298IO12088-mmm" 2005298 "IO" "12088-mmm" 2005 10 27 0 35 -5.617 0.203 -1.724 0.576 0.213 0.042 12.7 5.467 1 63.4555129897316
"3351" "2005300NA10279-BET" 2005300 "NA" "10279-BET" 2005 10 30 6 100 -4.91 -1.328 0.34 -0.257 0.166 0.329 13.3 0.46 25 73.4180707852383
"3352" "2005301WP13117-mmm" 2005301 "WP" "13117-mmm" 2005 10 31 6 85 -7.03 0.903 -0.174 -0.73 0.122 0.237 14.4 13.42 19 74.5262090107929
"3353" "2005308SI07098-mmm" 2005308 "SI" "07098-mmm" 2005 11 6 6 35 1.977 -0.099 0.526 0.104 0.334 0.004 -10.8 12.24 1 42.9997048882347
"3354" "2005311WP09140-mmm" 2005311 "WP" "09140-mmm" 2005 11 9 18 45 -7.513 -0.758 -0.721 1.01 1.02 0.133 14.5 2.42 5 71.9915556267353
"3355" "2005316WP05134-mmm" 2005316 "WP" "05134-mmm" 2005 11 17 12 70 -7.889 2.42 -0.539 -0.068 0.395 0.097 13.5 20.64 29 84.7626740653392
"3356" "2005318NA13298-GAM" 2005318 "NA" "13298-GAM" 2005 11 19 12 45 2.095 2.883 -0.26 0.246 -0.488 -0.346 16.1 6.307 10 51.0525918734354
"3357" "2005322SI04095-mmm" 2005322 "SI" "04095-mmm" 2005 11 23 0 115 -2.056 -1.698 2.003 0.388 -0.938 0.4 -12.5 6.02 28 84.1316696844766
"3358" "2005324NA27312-DEL" 2005324 "NA" "27312-DEL" 2005 11 24 12 60 2.795 2.894 1.678 -0.518 -0.186 -0.459 24.8 9.4 31 58.0700081284066
"3359" "2005330IO09096-mmm" 2005330 "IO" "09096-mmm" 2005 11 28 18 45 -2.352 -1.365 -0.73 0.115 0.06 0.131 11.1 23.82 7 55.8230548763398
"3360" "2005333NA32311-EPS" 2005333 "NA" "32311-EPS" 2005 12 5 6 75 2.313 -0.458 2.605 1.052 0.127 -0.271 34 3.553 49 83.5281703786143
"3361" "2005338IO09093-mmm" 2005338 "IO" "09093-mmm" 2005 12 9 0 60 -5.879 -2.284 0.991 -0.288 0.234 -0.056 10.3 5.553 25 77.302822035924
"3362" "2005349IO06090-mmm" 2005349 "IO" "06090-mmm" 2005 12 18 0 45 -8.515 2.916 -1.775 -0.257 0.29 0.201 10.4 5.533 11 71.5266018374866
"3363" "2005350WP07128-mmm" 2005350 "WP" "07128-mmm" 2005 12 19 6 45 -5.56 4.653 -0.735 0.269 0.189 0.097 9.1 13.433 5 64.6869091642556
"3364" "2005351SI09084-mmm" 2005351 "SI" "09084-mmm" 2005 12 24 6 35 2.415 0.792 -0.45 -0.351 0.727 -0.049 -12.6 11.667 1 37.007790738063
"3365" "2005364NA24324-ZET" 2005364 "NA" "24324-ZET" 2006 1 1 18 55 3.964 -2.211 -0.988 0.018 -0.096 -0.06 25 15.427 22 47.6640909422636
"3366" "2006007SI12124-mmm" 2006007 "SI" "12124-mmm" 2006 1 9 0 60 -9.363 1.237 -0.525 -0.562 -0.165 -0.12 -18.8 7.833 11 85.1126759251286
"3367" "2006011SP13179-mmm" 2006011 "SP" "13179-mmm" 2006 1 13 6 40 -9.614 0.823 -0.784 0.038 0.065 -0.019 -18.6 18.587 3 83.0802810187773
"3368" "2006012IO03081-mmm" 2006012 "IO" "03081-mmm" 2006 1 14 0 45 -10.075 0.945 -0.703 0.091 0.102 -0.12 6.4 5.013 5 80.924067800148
"3370" "2006019SI16123-mmm" 2006019 "SI" "16123-mmm" 2006 1 20 0 50 -11.166 0.277 -0.547 -0.084 -0.274 0.01 -17.5 8.04 9 97.588867288964
"3371" "2006023SI15057-mmm" 2006023 "SI" "15057-mmm" 2006 2 3 18 100 -5.823 0.459 -0.812 0.087 -0.172 -0.04 -22.5 20.787 52 101.226212274354
"3372" "2006027SP18147-mmm" 2006027 "SP" "18147-mmm" 2006 1 30 18 80 -12.233 1.933 -0.45 -0.066 0.341 0.052 -19 5.04 22 106.481470309739
"3374" "2006049SI16051-mmm" 2006049 "SI" "16051-mmm" 2006 2 19 18 45 -4.897 -1.102 -0.633 -0.325 -0.297 0.089 -18.9 21.787 5 66.3874985722231
"3375" "2006053SP11145-mmm" 2006053 "SP" "11145-mmm" 2006 2 23 6 45 -2.607 -0.665 -0.128 0.385 -0.235 -0.214 -11.2 15.767 3 60.2207142087088
"3376" "2006054SI09082-mmm" 2006054 "SI" "09082-mmm" 2006 2 28 0 130 -7.791 0.827 1.723 -0.256 -0.128 -0.219 -16.1 5.267 39 106.027904330400
"3377" "2006058SI17115-mmm" 2006058 "SI" "17115-mmm" 2006 2 27 18 35 -2.04 0.049 -0.398 -0.088 0.043 0.064 -19.5 1.687 1 54.9610030453173
"3378" "2006060SI13058-mmm" 2006060 "SI" "13058-mmm" 2006 3 8 6 55 -5.479 3.017 0.051 0.154 0.007 0.349 -27.7 9.787 35 92.6519141976963
"3379" "2006060WP04141-mmm" 2006060 "WP" "04141-mmm" 2006 3 4 6 35 -7.531 0.023 -0.658 0.509 0.366 -0.072 5.8 15.227 1 69.0147155562134
"3380" "2006076SP13159-mmm" 2006076 "SP" "13159-mmm" 2006 3 19 18 115 -7.396 -0.533 0.492 -0.365 -0.001 0.048 -17.5 3.787 15 81.5098160063569
"3381" "2006077SP14172-mmm" 2006077 "SP" "14172-mmm" 2006 3 22 6 80 -7.37 -0.004 -0.116 0.017 0.258 0.38 -18 16.253 24 85.2596264599624
"3382" "2006078SI11119-mmm" 2006078 "SI" "11119-mmm" 2006 3 24 0 115 -7.724 0.11 -0.019 0.211 -0.829 0.3 -15.1 7.213 24 100.340861697188
"3383" "2006083SI14129-mmm" 2006083 "SI" "14129-mmm" 2006 3 28 12 120 -8.914 0.203 -0.858 1.267 0.4 -0.431 -16.7 20.027 17 94.441192514407
"3384" "2006093SI16114-mmm" 2006093 "SI" "16114-mmm" 2006 4 6 6 55 -1.648 -1.065 -0.476 0.096 -0.036 0.282 -18.3 13.7 8 57.5794894696147
"3385" "2006094SI08087-mmm" 2006094 "SI" "08087-mmm" 2006 4 14 6 50 -3.748 -0.576 1.47 -0.504 0.014 0.086 -14.2 11.913 15 67.355477583636
"3386" "2006107SP11151-mmm" 2006107 "SP" "11151-mmm" 2006 4 23 12 155 -9.371 2.521 2.591 0.503 -0.932 0.533 -11.3 21.107 52 152.664731361355
"3387" "2006114IO08090-mmm" 2006114 "IO" "08090-mmm" 2006 4 28 12 120 -10.276 0.459 0.579 0.404 -0.345 0.17 15.6 18.187 29 117.830769193354
"3388" "2006128WP09138-mmm" 2006128 "WP" "09138-mmm" 2006 5 15 0 125 -8.87 1.169 -0.491 0.631 0.267 -0.302 14.2 7.687 49 112.948916394181
"3389" "2006147EP15259-ALE" 2006147 "EP" "15259-ALE" 2006 5 28 6 40 0.355 0.352 0.366 -0.175 -0.04 0.357 15.6 23.24 5 50.2580673207433
"3390" "2006161NA20275-ALB" 2006161 "NA" "20275-ALB" 2006 6 12 12 60 -2.627 -0.71 -1.257 -0.191 -0.119 -0.105 26.8 6.247 13 62.7142127526493
"3391" "2006174WP08135-mmm" 2006174 "WP" "08135-mmm" 2006 6 27 18 45 -3.641 -3.136 0.305 -0.093 0.321 -0.003 18.7 1.5 7 61.9274799632495
"3392" "2006181WP06141-mmm" 2006181 "WP" "06141-mmm" 2006 7 5 0 130 -8.398 1.639 0.871 1.213 -0.512 0.703 17.9 8.72 36 127.046951444487
"3393" "2006182IO20088-mmm" 2006182 "IO" "20088-mmm" 2006 7 2 12 35 -6.791 0.767 0.351 -0.583 0.061 0.104 20.3 17.787 1 70.0353984979868
"3394" "2006188WP10143-mmm" 2006188 "WP" "10143-mmm" 2006 7 10 18 50 -2.118 0.773 -2.011 -0.194 -0.182 0.033 17.9 2.707 11 55.7845645333432
"3395" "2006192EP13250-BUD" 2006192 "EP" "13250-BUD" 2006 7 13 6 110 -2.311 -1.006 0.319 1.546 -0.431 0.411 17.2 22.013 18 80.0318736724827
"3396" "2006193EP14258-CAR" 2006193 "EP" "14258-CAR" 2006 7 13 18 75 -2.692 -2.935 0.781 0.266 0.5 -0.024 17.7 10.613 13 63.1213127150448
"3397" "2006198NA37291-mmm" 2006198 "NA" "37291-mmm" 2006 7 17 18 45 2.725 0.598 -1.011 -0.589 -0.05 -0.115 41.1 13.753 4 45.9740988807484
"3398" "2006198EP12252-DAN" 2006198 "EP" "12252-DAN" 2006 7 22 0 130 -4.69 2.037 4.353 0.568 -0.746 -0.059 13.5 15.467 37 114.304560274368
"3399" "2006198WP08152-mmm" 2006198 "WP" "08152-mmm" 2006 7 21 12 75 -8.044 -0.891 0.618 -0.405 0.163 -0.055 16.2 20.78 23 87.0013012142881
"3400" "2006200NA32287-BER" 2006200 "NA" "32287-BER" 2006 7 19 18 50 3.027 -2.125 -0.874 -0.698 -0.204 -0.104 35.9 13.1 9 46.1449562637086
"3401" "2006203EP12257-EMI" 2006203 "EP" "12257-EMI" 2006 7 23 18 55 -7.011 2.223 -0.97 0.005 0.057 0.106 18 10.82 13 76.3923928826467
"3402" "2006209WP13130-mmm" 2006209 "WP" "13130-mmm" 2006 8 3 0 70 -8.176 2.038 0.636 -1.051 0.734 -0.127 20.2 7.52 18 75.5489480003417
"3403" "2006213EP14239-FAB" 2006213 "EP" "14239-FAB" 2006 8 1 18 45 2.344 -3.749 0.154 -0.331 -0.254 -0.298 14.7 9.56 7 45.6314902876422
"3404" "2006213NA16302-CHR" 2006213 "NA" "16302-CHR" 2006 8 2 6 55 0.759 -4.384 0.843 -0.037 0.111 -0.453 18.5 1.853 9 52.2131471713025
"3405" "2006213EP13256-GIL" 2006213 "EP" "13256-GIL" 2006 8 1 12 35 -0.424 -0.989 -1.853 -0.306 0.296 0.221 13.8 4.993 1 43.4139176751472
"3406" "2006216WP21153-mmm" 2006216 "WP" "21153-mmm" 2006 8 6 6 60 -0.509 0.309 0.729 -0.252 -1.096 -0.123 27.5 15.433 4 64.4156363134307
"3407" "2006216WP07151-mmm" 2006216 "WP" "07151-mmm" 2006 8 9 12 140 -4.74 -1.176 3.185 0.713 -0.39 0.709 25.3 20.353 35 111.567344457837
"3408" "2006217WP20134-mmm" 2006217 "WP" "20134-mmm" 2006 8 8 18 55 -0.476 -4.277 -0.176 0.206 -0.69 -0.669 23 2.107 21 67.667662664174
"3409" "2006224WP20141-mmm" 2006224 "WP" "20141-mmm" 2006 8 17 18 55 -4.74 -1.507 0.95 -0.179 0.083 -0.136 32.1 2.74 39 93.4753718866445
"3410" "2006225WP17127-mmm" 2006225 "WP" "17127-mmm" 2006 8 14 18 45 1.001 -0.32 -1.572 0.068 0.173 -0.364 20.2 2.927 6 46.0776533735607
"3411" "2006228EP13247-HEC" 2006228 "EP" "13247-HEC" 2006 8 18 6 95 -3.815 0.079 -0.67 0.726 -0.119 0.233 15.6 21.733 19 73.5879286466601
"3412" "2006228EP10218-IOK" 2006228 "EP" "10218-IOK" 2006 8 25 6 140 -5.747 0.501 1.998 1.306 -0.409 0.622 19.1 18.387 40 119.154641690723
"3413" "2006234EP12258-ILE" 2006234 "EP" "12258-ILE" 2006 8 23 12 105 -5.807 1.704 0.944 0.377 -0.932 0.156 17.8 4.6 15 92.4661399815233
"3414" "2006234NA12338-DEB" 2006234 "NA" "12338-DEB" 2006 8 23 12 45 0.334 -3.358 -0.052 0.214 -0.177 -0.341 16.7 9.933 5 52.6099126373555
"3416" "2006237NA13298-ERN" 2006237 "NA" "13298-ERN" 2006 8 27 6 65 -7.725 -0.289 1.133 -1.091 -0.238 -0.059 16.9 1.153 15 81.4209869264232
"3417" "2006240EP12265-JOH" 2006240 "EP" "12265-JOH" 2006 8 30 12 115 -9.102 1.731 -0.509 -0.051 -0.177 -0.002 16 5.22 17 90.8961135027785
"3418" "2006242EP16246-KRI" 2006242 "EP" "16246-KRI" 2006 8 31 12 70 -0.193 -4.532 0.1 0.14 -0.576 -0.58 17.8 4.24 11 59.7124578496824
"3419" "2006247NA14321-FLO" 2006247 "NA" "14321-FLO" 2006 9 10 18 80 -3.802 -0.491 -0.621 0.744 0.676 0.154 29.3 13.593 45 86.850656305239
"3420" "2006252WP14139-mmm" 2006252 "WP" "14139-mmm" 2006 9 15 12 120 -6.133 2.759 2.18 1.932 -0.609 0.516 23.1 20.253 41 137.939325030936
"3421" "2006254NA20306-GOR" 2006254 "NA" "20306-GOR" 2006 9 14 0 105 -1.554 -0.272 3.757 1.535 -0.179 0.596 27.3 20.173 21 93.1419622286576
"3423" "2006256NA12338-HEL" 2006256 "NA" "12338-HEL" 2006 9 18 6 105 -5.72 2.553 2.9 0.988 -0.39 0.037 22 2.707 35 117.250956264755
"3424" "2006257EP16259-LAN" 2006257 "EP" "16259-LAN" 2006 9 16 12 110 -6.318 -0.126 0.314 -0.662 -0.175 0.351 23.1 4.86 19 80.4086020361854
"3425" "2006259EP17245-MIR" 2006259 "EP" "17245-MIR" 2006 9 17 0 40 1.941 0.149 -0.168 0.283 -0.126 0.287 18.5 16.393 5 48.4999742971199
"3426" "2006259WP19155-mmm" 2006259 "WP" "19155-mmm" 2006 9 21 12 140 -7.726 3.041 2.434 1.166 -0.758 0.054 21.5 21.74 35 136.245208179206
"3427" "2006262IO19069-mmm" 2006262 "IO" "19069-mmm" 2006 9 23 6 55 1.818 -1.594 0.685 0.74 -0.309 -0.674 20.5 10.473 15 58.8897460636727
"3429" "2006268WP12128-mmm" 2006268 "WP" "12128-mmm" 2006 9 27 12 125 -6.875 -1.029 1.724 -0.197 0.014 0.434 13.2 20.24 13 81.5523323178358
"3430" "2006271NA26307-ISA" 2006271 "NA" "26307-ISA" 2006 10 1 0 75 -0.993 -2.209 0.408 -0.246 -0.001 -0.257 32 20.013 23 66.7674439421355
"3431" "2006271IO18089-mmm" 2006271 "IO" "18089-mmm" 2006 9 28 18 35 -1.765 -0.858 -0.97 -1.743 -0.248 0.698 18.5 23.787 1 46.1811965379982
"3433" "2006276WP17133-mmm" 2006276 "WP" "17133-mmm" 2006 10 3 18 35 -5.636 3.724 -1.118 0.32 0.189 0.401 18.2 2.72 1 65.7585642909431
"3434" "2006282WP13159-mmm" 2006282 "WP" "13159-mmm" 2006 10 13 6 90 -8.449 3.284 1.196 0.091 0.064 -0.155 23.7 15.4 29 105.629980152093
"3435" "2006282EP14243-NOR" 2006282 "EP" "14243-NOR" 2006 10 10 0 45 -2.713 -2.908 -0.671 0.459 0.005 0.08 16.2 16.14 5 60.3723012534564
"3436" "2006283EP13232-OLI" 2006283 "EP" "13232-OLI" 2006 10 10 12 40 -3.662 -1.618 -1.109 0.434 -0.671 -0.348 14.5 3.513 3 66.1500076422398
"3437" "2006294EP16254-PAU" 2006294 "EP" "16254-PAU" 2006 10 23 12 90 -1.693 -3.445 1.149 0.278 -0.364 -0.12 16.3 4.573 17 69.1846311880501
"3438" "2006298WP12143-mmm" 2006298 "WP" "12143-mmm" 2006 10 29 6 140 -10.201 2.676 0.845 1.209 -0.432 0.549 16.2 14.233 19 121.577205858438
"3439" "2006300IO07078-mmm" 2006300 "IO" "07078-mmm" 2006 10 29 18 55 -1.976 -2.147 0.325 -1.081 -0.375 -0.04 15.5 23.36 6 54.5878518753941
"3440" "2006311WP16143-mmm" 2006311 "WP" "16143-mmm" 2006 11 10 12 125 -6.448 -1.066 0.718 0.537 0.307 0.402 16.2 20.28 10 78.8564776965322
"3441" "2006312EP13256-ROS" 2006312 "EP" "13256-ROS" 2006 11 9 6 35 4.334 2.774 -0.122 0.136 -0.676 0.184 14.8 22.987 1 42.8935495352446
"3442" "2006318EP12256-SER" 2006318 "EP" "12256-SER" 2006 11 15 18 95 -2.126 -1.354 0.058 -0.642 -0.427 0.191 12 11.087 11 58.1200922800224
"3443" "2006329WP06150-mmm" 2006329 "WP" "06150-mmm" 2006 11 29 12 135 -9.065 0.217 0.506 -0.147 -0.018 0.193 13.3 20.413 27 97.2135513509341
"3444" "2006340WP08142-mmm" 2006340 "WP" "08142-mmm" 2006 12 10 0 100 -9.846 1.044 -0.207 -0.118 0.218 0.126 12.1 8.107 19 89.8839171922246
